{
    "train_site": "DRIAMS-B",
    "source_years": [
        "2018"
    ],
    "test_site": "DRIAMS-C",
    "target_years": [
        "2018"
    ],
    "seed": 409,
    "antibiotic": "Ceftriaxone",
    "species": "Klebsiella pneumoniae",
    "model": "lr",
    "metadata_versions_source": {
        "2018_clean.csv": "27380b0a9a43a1e699b4b311235211ccfd2a76f2"
    },
    "metadata_versions_target": {
        "2018_clean.csv": "0e0d2a1ebdfeed3f39f7dae50f4000328e7da075"
    },
    "scoring": "roc_auc",
    "test_size_obtained": 0.20394736842105263,
    "prevalence_train": [
        0.8842975206611571,
        0.11570247933884298
    ],
    "prevalence_test": [
        0.8709677419354839,
        0.12903225806451613
    ],
    "target_test_size_obtained": 0.20218579234972678,
    "target_prevalence_train": [
        0.8493150684931506,
        0.1506849315068493
    ],
    "target_prevalence_test": [
        0.8513513513513513,
        0.14864864864864866
    ],
    "source_train_accuracy": 0.512396694214876,
    "source_train_auprc": 0.35197784076093364,
    "source_train_auroc": 0.7162883845126835,
    "source_test_accuracy": 0.4838709677419355,
    "source_test_auprc": 0.15042270531400967,
    "source_test_auroc": 0.4722222222222222,
    "target_test_accuracy": 0.7702702702702703,
    "target_test_auprc": 0.1652004975205758,
    "target_test_auroc": 0.49927849927849927
}