{
    "train_site": "DRIAMS-D",
    "source_years": [
        "2018"
    ],
    "test_site": "DRIAMS-B",
    "target_years": [
        "2018"
    ],
    "seed": 344,
    "antibiotic": "Ceftriaxone",
    "species": "Klebsiella pneumoniae",
    "model": "lr",
    "metadata_versions_source": {
        "2018_clean.csv": "5d03a76958e938677eacb88f29b145bf1f0ebbfb"
    },
    "metadata_versions_target": {
        "2018_clean.csv": "27380b0a9a43a1e699b4b311235211ccfd2a76f2"
    },
    "scoring": "roc_auc",
    "test_size_obtained": 0.200371920037192,
    "prevalence_train": [
        0.9430232558139535,
        0.056976744186046514
    ],
    "prevalence_test": [
        0.9419953596287703,
        0.058004640371229696
    ],
    "target_test_size_obtained": 0.20394736842105263,
    "target_prevalence_train": [
        0.8842975206611571,
        0.11570247933884298
    ],
    "target_prevalence_test": [
        0.8709677419354839,
        0.12903225806451613
    ],
    "source_train_accuracy": 0.6994186046511628,
    "source_train_auprc": 0.7883053726205261,
    "source_train_auroc": 0.9836810186466696,
    "source_test_accuracy": 0.6032482598607889,
    "source_test_auprc": 0.147362770284547,
    "source_test_auroc": 0.6787192118226602,
    "target_test_accuracy": 0.41935483870967744,
    "target_test_auprc": 0.16059139784946236,
    "target_test_auroc": 0.2685185185185185
}