{
    "train_site": "DRIAMS-C",
    "source_years": [
        "2018"
    ],
    "test_site": "DRIAMS-B",
    "target_years": [
        "2018"
    ],
    "seed": 270,
    "antibiotic": "Oxacillin",
    "species": "Staphylococcus aureus",
    "model": "lr",
    "metadata_versions_source": {
        "2018_clean.csv": "0e0d2a1ebdfeed3f39f7dae50f4000328e7da075"
    },
    "metadata_versions_target": {
        "2018_clean.csv": "27380b0a9a43a1e699b4b311235211ccfd2a76f2"
    },
    "scoring": "roc_auc",
    "test_size_obtained": 0.2005420054200542,
    "prevalence_train": [
        0.9440677966101695,
        0.05593220338983051
    ],
    "prevalence_test": [
        0.9459459459459459,
        0.05405405405405406
    ],
    "target_test_size_obtained": 0.2023121387283237,
    "target_prevalence_train": [
        0.9384057971014492,
        0.06159420289855073
    ],
    "target_prevalence_test": [
        0.9428571428571428,
        0.05714285714285714
    ],
    "source_train_accuracy": 0.6338983050847458,
    "source_train_auprc": 0.6705987053808125,
    "source_train_auroc": 0.9361841031499918,
    "source_test_accuracy": 0.5135135135135135,
    "source_test_auprc": 0.07834194384289381,
    "source_test_auroc": 0.5660714285714286,
    "target_test_accuracy": 0.34285714285714286,
    "target_test_auprc": 0.047175160386735346,
    "target_test_auroc": 0.2727272727272727
}