{
    "train_site": "DRIAMS-D",
    "source_years": [
        "2018"
    ],
    "test_site": "DRIAMS-C",
    "target_years": [
        "2018"
    ],
    "seed": 172,
    "antibiotic": "Ceftriaxone",
    "species": "Escherichia coli",
    "model": "lr",
    "metadata_versions_source": {
        "2018_clean.csv": "5d03a76958e938677eacb88f29b145bf1f0ebbfb"
    },
    "metadata_versions_target": {
        "2018_clean.csv": "0e0d2a1ebdfeed3f39f7dae50f4000328e7da075"
    },
    "scoring": "roc_auc",
    "test_size_obtained": 0.2001003009027081,
    "prevalence_train": [
        0.9009404388714733,
        0.09905956112852665
    ],
    "prevalence_test": [
        0.899749373433584,
        0.10025062656641603
    ],
    "target_test_size_obtained": 0.20087336244541484,
    "target_prevalence_train": [
        0.8346994535519126,
        0.16530054644808742
    ],
    "target_prevalence_test": [
        0.8369565217391305,
        0.16304347826086957
    ],
    "source_train_accuracy": 0.6426332288401254,
    "source_train_auprc": 0.35235550492794193,
    "source_train_auroc": 0.7473595659029448,
    "source_test_accuracy": 0.6441102756892231,
    "source_test_auprc": 0.3500633133671818,
    "source_test_auroc": 0.6944986072423398,
    "target_test_accuracy": 0.5,
    "target_test_auprc": 0.3380856499232653,
    "target_test_auroc": 0.693939393939394
}