{
    "train_site": "DRIAMS-D",
    "source_years": [
        "2018"
    ],
    "test_site": "DRIAMS-C",
    "target_years": [
        "2018"
    ],
    "seed": 344,
    "antibiotic": "Ceftriaxone",
    "species": "Escherichia coli",
    "model": "lr",
    "metadata_versions_source": {
        "2018_clean.csv": "5d03a76958e938677eacb88f29b145bf1f0ebbfb"
    },
    "metadata_versions_target": {
        "2018_clean.csv": "0e0d2a1ebdfeed3f39f7dae50f4000328e7da075"
    },
    "scoring": "roc_auc",
    "test_size_obtained": 0.2001003009027081,
    "prevalence_train": [
        0.9009404388714733,
        0.09905956112852665
    ],
    "prevalence_test": [
        0.899749373433584,
        0.10025062656641603
    ],
    "target_test_size_obtained": 0.20087336244541484,
    "target_prevalence_train": [
        0.8346994535519126,
        0.16530054644808742
    ],
    "target_prevalence_test": [
        0.8369565217391305,
        0.16304347826086957
    ],
    "source_train_accuracy": 0.6351097178683386,
    "source_train_auprc": 0.3683951118665104,
    "source_train_auroc": 0.730354201351268,
    "source_test_accuracy": 0.6190476190476191,
    "source_test_auprc": 0.26977536186487544,
    "source_test_auroc": 0.7146935933147633,
    "target_test_accuracy": 0.44565217391304346,
    "target_test_auprc": 0.39212802582860184,
    "target_test_auroc": 0.6976190476190476
}