{
    "train_site": "DRIAMS-D",
    "source_years": [
        "2018"
    ],
    "test_site": "DRIAMS-D",
    "target_years": [
        "2018"
    ],
    "seed": 172,
    "antibiotic": "Ceftriaxone",
    "species": "Klebsiella pneumoniae",
    "model": "lr",
    "metadata_versions_source": {
        "2018_clean.csv": "5d03a76958e938677eacb88f29b145bf1f0ebbfb"
    },
    "metadata_versions_target": {
        "2018_clean.csv": "5d03a76958e938677eacb88f29b145bf1f0ebbfb"
    },
    "scoring": "roc_auc",
    "test_size_obtained": 0.200371920037192,
    "prevalence_train": [
        0.9430232558139535,
        0.056976744186046514
    ],
    "prevalence_test": [
        0.9419953596287703,
        0.058004640371229696
    ],
    "target_test_size_obtained": 0.200371920037192,
    "target_prevalence_train": [
        0.9430232558139535,
        0.056976744186046514
    ],
    "target_prevalence_test": [
        0.9419953596287703,
        0.058004640371229696
    ],
    "source_train_accuracy": 0.5482558139534883,
    "source_train_auprc": 0.25164644036757344,
    "source_train_auroc": 0.8283675985807394,
    "source_test_accuracy": 0.5266821345707656,
    "source_test_auprc": 0.2242510807556195,
    "source_test_auroc": 0.694384236453202,
    "target_test_accuracy": 0.5266821345707656,
    "target_test_auprc": 0.2242510807556195,
    "target_test_auroc": 0.694384236453202
}