{
    "train_site": "DRIAMS-B",
    "source_years": [
        "2018"
    ],
    "test_site": "DRIAMS-D",
    "target_years": [
        "2018"
    ],
    "seed": 409,
    "antibiotic": "Ceftriaxone",
    "species": "Escherichia coli",
    "model": "lr",
    "metadata_versions_source": {
        "2018_clean.csv": "27380b0a9a43a1e699b4b311235211ccfd2a76f2"
    },
    "metadata_versions_target": {
        "2018_clean.csv": "5d03a76958e938677eacb88f29b145bf1f0ebbfb"
    },
    "scoring": "roc_auc",
    "test_size_obtained": 0.20187793427230047,
    "prevalence_train": [
        0.788235294117647,
        0.21176470588235294
    ],
    "prevalence_test": [
        0.7906976744186046,
        0.20930232558139536
    ],
    "target_test_size_obtained": 0.2001003009027081,
    "target_prevalence_train": [
        0.9009404388714733,
        0.09905956112852665
    ],
    "target_prevalence_test": [
        0.899749373433584,
        0.10025062656641603
    ],
    "source_train_accuracy": 0.6823529411764706,
    "source_train_auprc": 0.888880255903434,
    "source_train_auroc": 0.964759535655058,
    "source_test_accuracy": 0.4418604651162791,
    "source_test_auprc": 0.4375974071096022,
    "source_test_auroc": 0.6045751633986928,
    "target_test_accuracy": 0.8471177944862155,
    "target_test_auprc": 0.1893672602102141,
    "target_test_auroc": 0.6357242339832869
}