{
    "train_site": "DRIAMS-B",
    "source_years": [
        "2018"
    ],
    "test_site": "DRIAMS-B",
    "target_years": [
        "2018"
    ],
    "seed": 480,
    "antibiotic": "Ceftriaxone",
    "species": "Escherichia coli",
    "model": "lr",
    "metadata_versions_source": {
        "2018_clean.csv": "27380b0a9a43a1e699b4b311235211ccfd2a76f2"
    },
    "metadata_versions_target": {
        "2018_clean.csv": "27380b0a9a43a1e699b4b311235211ccfd2a76f2"
    },
    "scoring": "roc_auc",
    "test_size_obtained": 0.20512820512820512,
    "prevalence_train": [
        0.8064516129032258,
        0.1935483870967742
    ],
    "prevalence_test": [
        0.8125,
        0.1875
    ],
    "target_test_size_obtained": 0.20512820512820512,
    "target_prevalence_train": [
        0.8064516129032258,
        0.1935483870967742
    ],
    "target_prevalence_test": [
        0.8125,
        0.1875
    ],
    "source_train_accuracy": 1.0,
    "source_train_auprc": 0.9999999999999999,
    "source_train_auroc": 1.0,
    "source_test_accuracy": 0.53125,
    "source_test_auprc": 0.5129524141672479,
    "source_test_auroc": 0.6858974358974359,
    "target_test_accuracy": 0.53125,
    "target_test_auprc": 0.5129524141672479,
    "target_test_auroc": 0.6858974358974359
}