{
    "train_site": "DRIAMS-B",
    "source_years": [
        "2018"
    ],
    "test_site": "DRIAMS-C",
    "target_years": [
        "2018"
    ],
    "seed": 270,
    "antibiotic": "Oxacillin",
    "species": "Staphylococcus aureus",
    "model": "lr",
    "metadata_versions_source": {
        "2018_clean.csv": "27380b0a9a43a1e699b4b311235211ccfd2a76f2"
    },
    "metadata_versions_target": {
        "2018_clean.csv": "0e0d2a1ebdfeed3f39f7dae50f4000328e7da075"
    },
    "scoring": "roc_auc",
    "test_size_obtained": 0.2023121387283237,
    "prevalence_train": [
        0.9384057971014492,
        0.06159420289855073
    ],
    "prevalence_test": [
        0.9428571428571428,
        0.05714285714285714
    ],
    "target_test_size_obtained": 0.2005420054200542,
    "target_prevalence_train": [
        0.9440677966101695,
        0.05593220338983051
    ],
    "target_prevalence_test": [
        0.9459459459459459,
        0.05405405405405406
    ],
    "source_train_accuracy": 0.7536231884057971,
    "source_train_auprc": 0.24459187083991382,
    "source_train_auroc": 0.6713604360663183,
    "source_test_accuracy": 0.6142857142857143,
    "source_test_auprc": 0.10090326340326339,
    "source_test_auroc": 0.36742424242424243,
    "target_test_accuracy": 0.6351351351351351,
    "target_test_auprc": 0.11759665906260591,
    "target_test_auroc": 0.6482142857142856
}