{
    "train_site": "DRIAMS-D",
    "source_years": [
        "2018"
    ],
    "test_site": "DRIAMS-C",
    "target_years": [
        "2018"
    ],
    "seed": 35,
    "antibiotic": "Ceftriaxone",
    "species": "Klebsiella pneumoniae",
    "model": "lr",
    "metadata_versions_source": {
        "2018_clean.csv": "5d03a76958e938677eacb88f29b145bf1f0ebbfb"
    },
    "metadata_versions_target": {
        "2018_clean.csv": "0e0d2a1ebdfeed3f39f7dae50f4000328e7da075"
    },
    "scoring": "roc_auc",
    "test_size_obtained": 0.200371920037192,
    "prevalence_train": [
        0.9430232558139535,
        0.056976744186046514
    ],
    "prevalence_test": [
        0.9419953596287703,
        0.058004640371229696
    ],
    "target_test_size_obtained": 0.20218579234972678,
    "target_prevalence_train": [
        0.8493150684931506,
        0.1506849315068493
    ],
    "target_prevalence_test": [
        0.8513513513513513,
        0.14864864864864866
    ],
    "source_train_accuracy": 0.827906976744186,
    "source_train_auprc": 0.17197694074193554,
    "source_train_auroc": 0.6963813885603564,
    "source_test_accuracy": 0.7958236658932715,
    "source_test_auprc": 0.1595209631395302,
    "source_test_auroc": 0.587487684729064,
    "target_test_accuracy": 0.16216216216216217,
    "target_test_auprc": 0.16912260761640452,
    "target_test_auroc": 0.5454545454545454
}