{
    "train_site": "DRIAMS-D",
    "source_years": [
        "2018"
    ],
    "test_site": "DRIAMS-D",
    "target_years": [
        "2018"
    ],
    "seed": 164,
    "antibiotic": "Ceftriaxone",
    "species": "Escherichia coli",
    "model": "lr",
    "metadata_versions_source": {
        "2018_clean.csv": "5d03a76958e938677eacb88f29b145bf1f0ebbfb"
    },
    "metadata_versions_target": {
        "2018_clean.csv": "5d03a76958e938677eacb88f29b145bf1f0ebbfb"
    },
    "scoring": "roc_auc",
    "test_size_obtained": 0.2001003009027081,
    "prevalence_train": [
        0.9009404388714733,
        0.09905956112852665
    ],
    "prevalence_test": [
        0.899749373433584,
        0.10025062656641603
    ],
    "target_test_size_obtained": 0.2001003009027081,
    "target_prevalence_train": [
        0.9009404388714733,
        0.09905956112852665
    ],
    "target_prevalence_test": [
        0.899749373433584,
        0.10025062656641603
    ],
    "source_train_accuracy": 0.7667711598746082,
    "source_train_auprc": 0.3394045325181773,
    "source_train_auroc": 0.7295129621310219,
    "source_test_accuracy": 0.7568922305764411,
    "source_test_auprc": 0.36242442659396074,
    "source_test_auroc": 0.6956128133704735,
    "target_test_accuracy": 0.7568922305764411,
    "target_test_auprc": 0.36242442659396074,
    "target_test_auroc": 0.6956128133704735
}