{
    "train_site": "DRIAMS-C",
    "source_years": [
        "2018"
    ],
    "test_site": "DRIAMS-D",
    "target_years": [
        "2018"
    ],
    "seed": 188,
    "antibiotic": "Ceftriaxone",
    "species": "Klebsiella pneumoniae",
    "model": "lr",
    "metadata_versions_source": {
        "2018_clean.csv": "0e0d2a1ebdfeed3f39f7dae50f4000328e7da075"
    },
    "metadata_versions_target": {
        "2018_clean.csv": "5d03a76958e938677eacb88f29b145bf1f0ebbfb"
    },
    "scoring": "roc_auc",
    "test_size_obtained": 0.20218579234972678,
    "prevalence_train": [
        0.8493150684931506,
        0.1506849315068493
    ],
    "prevalence_test": [
        0.8513513513513513,
        0.14864864864864866
    ],
    "target_test_size_obtained": 0.200371920037192,
    "target_prevalence_train": [
        0.9430232558139535,
        0.056976744186046514
    ],
    "target_prevalence_test": [
        0.9419953596287703,
        0.058004640371229696
    ],
    "source_train_accuracy": 0.7123287671232876,
    "source_train_auprc": 0.9833171585625611,
    "source_train_auroc": 0.9967925219941349,
    "source_test_accuracy": 0.6081081081081081,
    "source_test_auprc": 0.5685149094240004,
    "source_test_auroc": 0.7619047619047619,
    "target_test_accuracy": 0.9187935034802784,
    "target_test_auprc": 0.12020777906235283,
    "target_test_auroc": 0.6545812807881773
}