{
    "train_site": "DRIAMS-B",
    "source_years": [
        "2018"
    ],
    "test_site": "DRIAMS-C",
    "target_years": [
        "2018"
    ],
    "seed": 545,
    "antibiotic": "Oxacillin",
    "species": "Staphylococcus aureus",
    "model": "lr",
    "metadata_versions_source": {
        "2018_clean.csv": "27380b0a9a43a1e699b4b311235211ccfd2a76f2"
    },
    "metadata_versions_target": {
        "2018_clean.csv": "0e0d2a1ebdfeed3f39f7dae50f4000328e7da075"
    },
    "scoring": "roc_auc",
    "test_size_obtained": 0.2023121387283237,
    "prevalence_train": [
        0.9384057971014492,
        0.06159420289855073
    ],
    "prevalence_test": [
        0.9428571428571428,
        0.05714285714285714
    ],
    "target_test_size_obtained": 0.2005420054200542,
    "target_prevalence_train": [
        0.9440677966101695,
        0.05593220338983051
    ],
    "target_prevalence_test": [
        0.9459459459459459,
        0.05405405405405406
    ],
    "source_train_accuracy": 0.9384057971014492,
    "source_train_auprc": 0.1369498324791417,
    "source_train_auroc": 0.5773336361571656,
    "source_test_accuracy": 0.9428571428571428,
    "source_test_auprc": 0.14725378787878787,
    "source_test_auroc": 0.5568181818181819,
    "target_test_accuracy": 0.9459459459459459,
    "target_test_auprc": 0.22830211283712376,
    "target_test_auroc": 0.49910714285714286
}