{
    "train_site": "DRIAMS-C",
    "source_years": [
        "2018"
    ],
    "test_site": "DRIAMS-B",
    "target_years": [
        "2018"
    ],
    "seed": 164,
    "antibiotic": "Ceftriaxone",
    "species": "Escherichia coli",
    "model": "lr",
    "metadata_versions_source": {
        "2018_clean.csv": "0e0d2a1ebdfeed3f39f7dae50f4000328e7da075"
    },
    "metadata_versions_target": {
        "2018_clean.csv": "27380b0a9a43a1e699b4b311235211ccfd2a76f2"
    },
    "scoring": "roc_auc",
    "test_size_obtained": 0.20087336244541484,
    "prevalence_train": [
        0.8346994535519126,
        0.16530054644808742
    ],
    "prevalence_test": [
        0.8369565217391305,
        0.16304347826086957
    ],
    "target_test_size_obtained": 0.20187793427230047,
    "target_prevalence_train": [
        0.788235294117647,
        0.21176470588235294
    ],
    "target_prevalence_test": [
        0.7906976744186046,
        0.20930232558139536
    ],
    "source_train_accuracy": 0.8387978142076503,
    "source_train_auprc": 0.9056229401414291,
    "source_train_auroc": 0.9813339465176989,
    "source_test_accuracy": 0.6032608695652174,
    "source_test_auprc": 0.41152281173826544,
    "source_test_auroc": 0.7218614718614718,
    "target_test_accuracy": 0.7906976744186046,
    "target_test_auprc": 0.3473259133054997,
    "target_test_auroc": 0.5098039215686274
}