{
    "train_site": "DRIAMS-D",
    "source_years": [
        "2018"
    ],
    "test_site": "DRIAMS-B",
    "target_years": [
        "2018"
    ],
    "seed": 172,
    "antibiotic": "Ceftriaxone",
    "species": "Klebsiella pneumoniae",
    "model": "lr",
    "metadata_versions_source": {
        "2018_clean.csv": "5d03a76958e938677eacb88f29b145bf1f0ebbfb"
    },
    "metadata_versions_target": {
        "2018_clean.csv": "27380b0a9a43a1e699b4b311235211ccfd2a76f2"
    },
    "scoring": "roc_auc",
    "test_size_obtained": 0.200371920037192,
    "prevalence_train": [
        0.9430232558139535,
        0.056976744186046514
    ],
    "prevalence_test": [
        0.9419953596287703,
        0.058004640371229696
    ],
    "target_test_size_obtained": 0.20394736842105263,
    "target_prevalence_train": [
        0.8842975206611571,
        0.11570247933884298
    ],
    "target_prevalence_test": [
        0.8709677419354839,
        0.12903225806451613
    ],
    "source_train_accuracy": 0.6656976744186046,
    "source_train_auprc": 0.6566029802645438,
    "source_train_auroc": 0.9517413623895921,
    "source_test_accuracy": 0.605568445475638,
    "source_test_auprc": 0.16200246774165755,
    "source_test_auroc": 0.6681773399014779,
    "target_test_accuracy": 0.22580645161290322,
    "target_test_auprc": 0.09715756157009214,
    "target_test_auroc": 0.1851851851851852
}