{
    "train_site": "DRIAMS-C",
    "source_years": [
        "2018"
    ],
    "test_site": "DRIAMS-B",
    "target_years": [
        "2018"
    ],
    "seed": 35,
    "antibiotic": "Ceftriaxone",
    "species": "Klebsiella pneumoniae",
    "model": "lr",
    "metadata_versions_source": {
        "2018_clean.csv": "0e0d2a1ebdfeed3f39f7dae50f4000328e7da075"
    },
    "metadata_versions_target": {
        "2018_clean.csv": "27380b0a9a43a1e699b4b311235211ccfd2a76f2"
    },
    "scoring": "roc_auc",
    "test_size_obtained": 0.20218579234972678,
    "prevalence_train": [
        0.8493150684931506,
        0.1506849315068493
    ],
    "prevalence_test": [
        0.8513513513513513,
        0.14864864864864866
    ],
    "target_test_size_obtained": 0.20394736842105263,
    "target_prevalence_train": [
        0.8842975206611571,
        0.11570247933884298
    ],
    "target_prevalence_test": [
        0.8709677419354839,
        0.12903225806451613
    ],
    "source_train_accuracy": 0.8595890410958904,
    "source_train_auprc": 0.998449879343114,
    "source_train_auroc": 0.999725073313783,
    "source_test_accuracy": 0.6081081081081081,
    "source_test_auprc": 0.4870982411137389,
    "source_test_auroc": 0.7662337662337663,
    "target_test_accuracy": 0.8064516129032258,
    "target_test_auprc": 0.22138752052545152,
    "target_test_auroc": 0.5925925925925927
}