{
    "train_site": "DRIAMS-E",
    "train_years": [
        "2019"
    ],
    "test_site": "DRIAMS-F",
    "test_years": [
        "2019"
    ],
    "seed": 188,
    "model": "lightgbm",
    "antibiotic": "Cefepime",
    "species": "Escherichia coli",
    "metadata_versions_train": {
        "2019_clean.csv": "954305e482e840a815b44f310adbfdc1871bba52"
    },
    "metadata_versions_test": {
        "2019_clean.csv": "c9c4830e6f30ecb54e329451c7ffce195bb0bfc5"
    },
    "0": {
        "train_accuracy": 1.0,
        "train_auprc": 1.0,
        "train_auroc": 1.0,
        "test_source_accuracy": 0.9230769230769231,
        "test_source_auprc": 0.12406015037593984,
        "test_source_auroc": 0.5208333333333333,
        "test_target_accuracy": 0.9230769230769231,
        "test_target_auprc": 0.09429824561403508,
        "test_target_auroc": 0.41666666666666663
    },
    "1": {
        "train_accuracy": 0.9215686274509803,
        "train_auprc": 0.8,
        "train_auroc": 0.9893617021276596,
        "test_source_accuracy": 0.76,
        "test_source_auprc": 0.04,
        "test_source_auroc": 0.041666666666666685,
        "test_target_accuracy": 0.64,
        "test_target_auprc": 0.05263157894736842,
        "test_target_auroc": 0.25
    },
    "2": {
        "train_accuracy": 0.9803921568627451,
        "train_auprc": 1.0,
        "train_auroc": 1.0,
        "test_source_accuracy": 0.88,
        "test_source_auprc": 0.19642857142857142,
        "test_source_auroc": 0.7391304347826086,
        "test_target_accuracy": 0.88,
        "test_target_auprc": 0.08712121212121213,
        "test_target_auroc": 0.33695652173913043
    }
}