{
    "train_site": "DRIAMS-F",
    "train_years": [
        "2019"
    ],
    "test_site": "DRIAMS-E",
    "test_years": [
        "2019"
    ],
    "seed": 164,
    "model": "svm-linear",
    "antibiotic": "Ciprofloxacin",
    "species": "Staphylococcus aureus",
    "metadata_versions_train": {
        "2019_clean.csv": "c9c4830e6f30ecb54e329451c7ffce195bb0bfc5"
    },
    "metadata_versions_test": {
        "2019_clean.csv": "954305e482e840a815b44f310adbfdc1871bba52"
    },
    "0": {
        "train_accuracy": 0.9206349206349206,
        "train_auprc": 1.0,
        "train_auroc": 1.0,
        "test_source_accuracy": 0.875,
        "test_source_auprc": 0.48739495798319327,
        "test_source_auroc": 0.7816091954022988,
        "test_target_accuracy": 0.5,
        "test_target_auprc": 0.11363636363636365,
        "test_target_auroc": 0.44827586206896547
    },
    "1": {
        "train_accuracy": 0.9365079365079365,
        "train_auprc": 0.7345238095238095,
        "train_auroc": 0.9824561403508771,
        "test_source_accuracy": 0.90625,
        "test_source_auprc": 0.4444444444444444,
        "test_source_auroc": 0.8045977011494252,
        "test_target_accuracy": 0.75,
        "test_target_auprc": 0.47549019607843135,
        "test_target_auroc": 0.7701149425287356
    },
    "2": {
        "train_accuracy": 0.875,
        "train_auprc": 0.599037999037999,
        "train_auroc": 0.9367816091954022,
        "test_source_accuracy": 0.7741935483870968,
        "test_source_auprc": 0.08553312629399587,
        "test_source_auroc": 0.2738095238095238,
        "test_target_accuracy": 0.9032258064516129,
        "test_target_auprc": 0.12707535121328226,
        "test_target_auroc": 0.44047619047619047
    }
}