{
    "train_site": "DRIAMS-E",
    "train_years": [
        "2019"
    ],
    "test_site": "DRIAMS-F",
    "test_years": [
        "2019"
    ],
    "seed": 480,
    "model": "lightgbm",
    "antibiotic": "Cefepime",
    "species": "Escherichia coli",
    "metadata_versions_train": {
        "2019_clean.csv": "954305e482e840a815b44f310adbfdc1871bba52"
    },
    "metadata_versions_test": {
        "2019_clean.csv": "c9c4830e6f30ecb54e329451c7ffce195bb0bfc5"
    },
    "0": {
        "train_accuracy": 1.0,
        "train_auprc": 1.0,
        "train_auroc": 1.0,
        "test_source_accuracy": 0.8846153846153846,
        "test_source_auprc": 0.3269230769230769,
        "test_source_auroc": 0.75,
        "test_target_accuracy": 0.9230769230769231,
        "test_target_auprc": 0.5588235294117647,
        "test_target_auroc": 0.6875
    },
    "1": {
        "train_accuracy": 0.9411764705882353,
        "train_auprc": 1.0,
        "train_auroc": 1.0,
        "test_source_accuracy": 0.68,
        "test_source_auprc": 0.07692307692307693,
        "test_source_auroc": 0.5833333333333334,
        "test_target_accuracy": 0.72,
        "test_target_auprc": 0.25,
        "test_target_auroc": 0.9375
    },
    "2": {
        "train_accuracy": 0.9803921568627451,
        "train_auprc": 1.0,
        "train_auroc": 1.0,
        "test_source_accuracy": 0.88,
        "test_source_auprc": 0.20833333333333331,
        "test_source_auroc": 0.4782608695652174,
        "test_target_accuracy": 0.76,
        "test_target_auprc": 0.14,
        "test_target_auroc": 0.41304347826086957
    }
}