{
    "train_site": "DRIAMS-F",
    "train_years": [
        "2019"
    ],
    "test_site": "DRIAMS-E",
    "test_years": [
        "2019"
    ],
    "seed": 344,
    "model": "svm-rbf",
    "antibiotic": "Ciprofloxacin",
    "species": "Escherichia coli",
    "metadata_versions_train": {
        "2019_clean.csv": "c9c4830e6f30ecb54e329451c7ffce195bb0bfc5"
    },
    "metadata_versions_test": {
        "2019_clean.csv": "954305e482e840a815b44f310adbfdc1871bba52"
    },
    "0": {
        "train_accuracy": 0.96,
        "train_auprc": 1.0,
        "train_auroc": 1.0,
        "test_source_accuracy": 0.6923076923076923,
        "test_source_auprc": 0.17062676453980802,
        "test_source_auroc": 0.31428571428571433,
        "test_target_accuracy": 0.8076923076923077,
        "test_target_auprc": 0.14875592438252286,
        "test_target_auroc": 0.23809523809523814
    },
    "1": {
        "train_accuracy": 0.17647058823529413,
        "train_auprc": 0.10909707076718375,
        "train_auroc": 0.10052910052910054,
        "test_source_accuracy": 0.16,
        "test_source_auprc": 0.23154761904761906,
        "test_source_auroc": 0.5952380952380952,
        "test_target_accuracy": 0.16,
        "test_target_auprc": 0.2695378151260504,
        "test_target_auroc": 0.5476190476190477
    },
    "2": {
        "train_accuracy": 0.17647058823529413,
        "train_auprc": 0.11932371510594217,
        "train_auroc": 0.19841269841269837,
        "test_source_accuracy": 0.16,
        "test_source_auprc": 0.2638888888888889,
        "test_source_auroc": 0.6547619047619048,
        "test_target_accuracy": 0.16,
        "test_target_auprc": 0.19810924369747895,
        "test_target_auroc": 0.5476190476190477
    }
}