{
    "train_site": "DRIAMS-E",
    "train_years": [
        "2019"
    ],
    "test_site": "DRIAMS-F",
    "test_years": [
        "2019"
    ],
    "seed": 164,
    "model": "lightgbm",
    "antibiotic": "Ciprofloxacin",
    "species": "Escherichia coli",
    "metadata_versions_train": {
        "2019_clean.csv": "954305e482e840a815b44f310adbfdc1871bba52"
    },
    "metadata_versions_test": {
        "2019_clean.csv": "c9c4830e6f30ecb54e329451c7ffce195bb0bfc5"
    },
    "0": {
        "train_accuracy": 0.74,
        "train_auprc": 0.38095238095238093,
        "train_auroc": 0.8452380952380952,
        "test_source_accuracy": 0.5384615384615384,
        "test_source_auprc": 0.16025641025641024,
        "test_source_auroc": 0.5227272727272727,
        "test_target_accuracy": 0.7307692307692307,
        "test_target_auprc": 0.15384615384615385,
        "test_target_auroc": 0.4318181818181818
    },
    "1": {
        "train_accuracy": 1.0,
        "train_auprc": 1.0,
        "train_auroc": 1.0,
        "test_source_accuracy": 0.68,
        "test_source_auprc": 0.23025210084033615,
        "test_source_auroc": 0.5952380952380952,
        "test_target_accuracy": 0.8,
        "test_target_auprc": 0.18828431372549018,
        "test_target_auroc": 0.4583333333333333
    },
    "2": {
        "train_accuracy": 0.6862745098039216,
        "train_auprc": 0.3333333333333333,
        "train_auroc": 0.813953488372093,
        "test_source_accuracy": 0.48,
        "test_source_auprc": 0.14272727272727273,
        "test_source_auroc": 0.3869047619047619,
        "test_target_accuracy": 0.64,
        "test_target_auprc": 0.24454545454545454,
        "test_target_auroc": 0.6845238095238095
    }
}