{
    "train_site": "DRIAMS-F",
    "train_years": [
        "2019"
    ],
    "test_site": "DRIAMS-E",
    "test_years": [
        "2019"
    ],
    "seed": 344,
    "model": "rf",
    "antibiotic": "Cefepime",
    "species": "Escherichia coli",
    "metadata_versions_train": {
        "2019_clean.csv": "c9c4830e6f30ecb54e329451c7ffce195bb0bfc5"
    },
    "metadata_versions_test": {
        "2019_clean.csv": "954305e482e840a815b44f310adbfdc1871bba52"
    },
    "0": {
        "train_accuracy": 1.0,
        "train_auprc": 1.0,
        "train_auroc": 1.0,
        "test_source_accuracy": 0.9230769230769231,
        "test_source_auprc": 0.14285714285714285,
        "test_source_auroc": 0.5416666666666666,
        "test_target_accuracy": 0.9230769230769231,
        "test_target_auprc": 0.55,
        "test_target_auroc": 0.6666666666666666
    },
    "1": {
        "train_accuracy": 1.0,
        "train_auprc": 1.0,
        "train_auroc": 1.0,
        "test_source_accuracy": 0.92,
        "test_source_auprc": 0.41666666666666663,
        "test_source_auroc": 0.9239130434782609,
        "test_target_accuracy": 0.92,
        "test_target_auprc": 0.09903381642512077,
        "test_target_auroc": 0.48913043478260876
    },
    "2": {
        "train_accuracy": 1.0,
        "train_auprc": 1.0,
        "train_auroc": 1.0,
        "test_source_accuracy": 0.92,
        "test_source_auprc": 0.19444444444444442,
        "test_source_auroc": 0.75,
        "test_target_accuracy": 0.92,
        "test_target_auprc": 0.0748663101604278,
        "test_target_auroc": 0.2282608695652174
    }
}