{
    "train_site": "DRIAMS-F",
    "train_years": [
        "2019"
    ],
    "test_site": "DRIAMS-E",
    "test_years": [
        "2019"
    ],
    "seed": 35,
    "model": "svm-rbf",
    "antibiotic": "Oxacillin",
    "species": "Staphylococcus aureus",
    "metadata_versions_train": {
        "2019_clean.csv": "c9c4830e6f30ecb54e329451c7ffce195bb0bfc5"
    },
    "metadata_versions_test": {
        "2019_clean.csv": "954305e482e840a815b44f310adbfdc1871bba52"
    },
    "0": {
        "train_accuracy": 0.9354838709677419,
        "train_auprc": 0.040994735694204185,
        "train_auroc": 0.0,
        "test_source_accuracy": 0.90625,
        "test_source_auprc": 0.13585858585858585,
        "test_source_auroc": 0.5747126436781609,
        "test_target_accuracy": 0.90625,
        "test_target_auprc": 0.4101449275362319,
        "test_target_auroc": 0.5632183908045977
    },
    "1": {
        "train_accuracy": 1.0,
        "train_auprc": 1.0,
        "train_auroc": 1.0,
        "test_source_accuracy": 0.9032258064516129,
        "test_source_auprc": 0.375,
        "test_source_auroc": 0.8793103448275863,
        "test_target_accuracy": 0.9354838709677419,
        "test_target_auprc": 0.10427807486631016,
        "test_target_auroc": 0.5689655172413792
    },
    "2": {
        "train_accuracy": 0.9523809523809523,
        "train_auprc": 0.04866880442837922,
        "train_auroc": 0.0,
        "test_source_accuracy": 0.9032258064516129,
        "test_source_auprc": 0.05077658303464755,
        "test_source_auroc": 0.051724137931034475,
        "test_target_accuracy": 0.9354838709677419,
        "test_target_auprc": 0.39285714285714285,
        "test_target_auroc": 0.896551724137931
    }
}