{
    "train_site": "DRIAMS-E",
    "train_years": [
        "2019"
    ],
    "test_site": "DRIAMS-F",
    "test_years": [
        "2019"
    ],
    "seed": 270,
    "model": "lr",
    "antibiotic": "Ciprofloxacin",
    "species": "Escherichia coli",
    "metadata_versions_train": {
        "2019_clean.csv": "954305e482e840a815b44f310adbfdc1871bba52"
    },
    "metadata_versions_test": {
        "2019_clean.csv": "c9c4830e6f30ecb54e329451c7ffce195bb0bfc5"
    },
    "0": {
        "train_accuracy": 1.0,
        "train_auprc": 1.0,
        "train_auroc": 1.0,
        "test_source_accuracy": 0.8461538461538461,
        "test_source_auprc": 0.35388495943415854,
        "test_source_auroc": 0.375,
        "test_target_accuracy": 0.4230769230769231,
        "test_target_auprc": 0.16844202898550725,
        "test_target_auroc": 0.3522727272727273
    },
    "1": {
        "train_accuracy": 0.8431372549019608,
        "train_auprc": 0.3945369588673918,
        "train_auroc": 0.7412790697674418,
        "test_source_accuracy": 0.84,
        "test_source_auprc": 0.15273690078037905,
        "test_source_auroc": 0.32142857142857145,
        "test_target_accuracy": 0.84,
        "test_target_auprc": 0.15941425120772948,
        "test_target_auroc": 0.3452380952380953
    },
    "2": {
        "train_accuracy": 0.8431372549019608,
        "train_auprc": 0.1568627450980392,
        "train_auroc": 0.5,
        "test_source_accuracy": 0.84,
        "test_source_auprc": 0.16,
        "test_source_auroc": 0.5,
        "test_target_accuracy": 0.84,
        "test_target_auprc": 0.16,
        "test_target_auroc": 0.5
    }
}