{
    "train_site": "DRIAMS-F",
    "train_years": [
        "2019"
    ],
    "test_site": "DRIAMS-E",
    "test_years": [
        "2019"
    ],
    "seed": 344,
    "model": "svm-rbf",
    "antibiotic": "Ciprofloxacin",
    "species": "Staphylococcus aureus",
    "metadata_versions_train": {
        "2019_clean.csv": "c9c4830e6f30ecb54e329451c7ffce195bb0bfc5"
    },
    "metadata_versions_test": {
        "2019_clean.csv": "954305e482e840a815b44f310adbfdc1871bba52"
    },
    "0": {
        "train_accuracy": 0.9047619047619048,
        "train_auprc": 0.060220276091946794,
        "train_auroc": 0.07894736842105265,
        "test_source_accuracy": 0.90625,
        "test_source_auprc": 0.08419117647058824,
        "test_source_auroc": 0.27586206896551724,
        "test_target_accuracy": 0.90625,
        "test_target_auprc": 0.11314041745730549,
        "test_target_auroc": 0.425287356321839
    },
    "1": {
        "train_accuracy": 0.9047619047619048,
        "train_auprc": 0.06052336306365941,
        "train_auroc": 0.09649122807017543,
        "test_source_accuracy": 0.90625,
        "test_source_auprc": 0.09256356670149773,
        "test_source_auroc": 0.3448275862068965,
        "test_target_accuracy": 0.90625,
        "test_target_auprc": 0.10705741626794259,
        "test_target_auroc": 0.44827586206896547
    },
    "2": {
        "train_accuracy": 1.0,
        "train_auprc": 1.0,
        "train_auroc": 1.0,
        "test_source_accuracy": 0.9032258064516129,
        "test_source_auprc": 0.5,
        "test_source_auroc": 0.7738095238095237,
        "test_target_accuracy": 0.9032258064516129,
        "test_target_auprc": 0.14404761904761906,
        "test_target_auroc": 0.488095238095238
    }
}