{
    "train_site": "DRIAMS-E",
    "train_years": [
        "2019"
    ],
    "test_site": "DRIAMS-F",
    "test_years": [
        "2019"
    ],
    "seed": 344,
    "model": "lightgbm",
    "antibiotic": "Oxacillin",
    "species": "Staphylococcus aureus",
    "metadata_versions_train": {
        "2019_clean.csv": "954305e482e840a815b44f310adbfdc1871bba52"
    },
    "metadata_versions_test": {
        "2019_clean.csv": "c9c4830e6f30ecb54e329451c7ffce195bb0bfc5"
    },
    "0": {
        "train_accuracy": 1.0,
        "train_auprc": 1.0,
        "train_auroc": 1.0,
        "test_source_accuracy": 0.90625,
        "test_source_auprc": 0.0904268145647456,
        "test_source_auroc": 0.31034482758620685,
        "test_target_accuracy": 0.90625,
        "test_target_auprc": 0.10624999999999998,
        "test_target_auroc": 0.40229885057471254
    },
    "1": {
        "train_accuracy": 0.746031746031746,
        "train_auprc": 0.23809523809523808,
        "train_auroc": 0.8620689655172413,
        "test_source_accuracy": 0.6129032258064516,
        "test_source_auprc": 0.07392473118279569,
        "test_source_auroc": 0.560344827586207,
        "test_target_accuracy": 0.2903225806451613,
        "test_target_auprc": 0.08333333333333333,
        "test_target_auroc": 0.6206896551724138
    },
    "2": {
        "train_accuracy": 1.0,
        "train_auprc": 1.0,
        "train_auroc": 1.0,
        "test_source_accuracy": 0.9354838709677419,
        "test_source_auprc": 0.11490683229813664,
        "test_source_auroc": 0.5344827586206897,
        "test_target_accuracy": 0.9354838709677419,
        "test_target_auprc": 0.05185185185185185,
        "test_target_auroc": 0.06896551724137928
    }
}