{
    "train_site": "DRIAMS-E",
    "train_years": [
        "2019"
    ],
    "test_site": "DRIAMS-F",
    "test_years": [
        "2019"
    ],
    "seed": 409,
    "model": "lightgbm",
    "antibiotic": "Cefepime",
    "species": "Escherichia coli",
    "metadata_versions_train": {
        "2019_clean.csv": "954305e482e840a815b44f310adbfdc1871bba52"
    },
    "metadata_versions_test": {
        "2019_clean.csv": "c9c4830e6f30ecb54e329451c7ffce195bb0bfc5"
    },
    "0": {
        "train_accuracy": 1.0,
        "train_auprc": 1.0,
        "train_auroc": 1.0,
        "test_source_accuracy": 0.9230769230769231,
        "test_source_auprc": 0.11666666666666667,
        "test_source_auroc": 0.5416666666666667,
        "test_target_accuracy": 0.8846153846153846,
        "test_target_auprc": 0.06272727272727273,
        "test_target_auroc": 0.08333333333333331
    },
    "1": {
        "train_accuracy": 0.8627450980392157,
        "train_auprc": 0.36363636363636365,
        "train_auroc": 0.925531914893617,
        "test_source_accuracy": 0.72,
        "test_source_auprc": 0.05555555555555555,
        "test_source_auroc": 0.3333333333333333,
        "test_target_accuracy": 0.6,
        "test_target_auprc": 0.058823529411764705,
        "test_target_auroc": 0.4791666666666667
    },
    "2": {
        "train_accuracy": 1.0,
        "train_auprc": 1.0,
        "train_auroc": 1.0,
        "test_source_accuracy": 0.8,
        "test_source_auprc": 0.08888888888888888,
        "test_source_auroc": 0.34782608695652173,
        "test_target_accuracy": 0.72,
        "test_target_auprc": 0.09545454545454546,
        "test_target_auroc": 0.3913043478260869
    }
}