{
    "train_site": "DRIAMS-F",
    "train_years": [
        "2019"
    ],
    "test_site": "DRIAMS-E",
    "test_years": [
        "2019"
    ],
    "seed": 545,
    "model": "svm-rbf",
    "antibiotic": "Ceftriaxone",
    "species": "Escherichia coli",
    "metadata_versions_train": {
        "2019_clean.csv": "c9c4830e6f30ecb54e329451c7ffce195bb0bfc5"
    },
    "metadata_versions_test": {
        "2019_clean.csv": "954305e482e840a815b44f310adbfdc1871bba52"
    },
    "0": {
        "train_accuracy": 1.0,
        "train_auprc": 0.05104193805181647,
        "train_auroc": 0.0,
        "test_source_accuracy": 0.9615384615384616,
        "test_source_auprc": 0.06227106227106227,
        "test_source_auroc": 0.08333333333333331,
        "test_target_accuracy": 0.8076923076923077,
        "test_target_auprc": 0.20833333333333331,
        "test_target_auroc": 0.7708333333333334
    },
    "1": {
        "train_accuracy": 0.9215686274509803,
        "train_auprc": 0.050649781189071374,
        "train_auroc": 0.01595744680851066,
        "test_source_accuracy": 0.92,
        "test_source_auprc": 0.625,
        "test_source_auroc": 0.8695652173913043,
        "test_target_accuracy": 0.92,
        "test_target_auprc": 0.20833333333333331,
        "test_target_auroc": 0.7608695652173912
    },
    "2": {
        "train_accuracy": 1.0,
        "train_auprc": 0.050020258103241295,
        "train_auroc": 0.0,
        "test_source_accuracy": 0.92,
        "test_source_auprc": 0.06340579710144928,
        "test_source_auroc": 0.04347826086956519,
        "test_target_accuracy": 0.92,
        "test_target_auprc": 0.11309523809523808,
        "test_target_auroc": 0.5
    }
}