{
    "train_site": "DRIAMS-E",
    "train_years": [
        "2019"
    ],
    "test_site": "DRIAMS-F",
    "test_years": [
        "2019"
    ],
    "seed": 409,
    "model": "svm-rbf",
    "antibiotic": "Cefepime",
    "species": "Escherichia coli",
    "metadata_versions_train": {
        "2019_clean.csv": "954305e482e840a815b44f310adbfdc1871bba52"
    },
    "metadata_versions_test": {
        "2019_clean.csv": "c9c4830e6f30ecb54e329451c7ffce195bb0bfc5"
    },
    "0": {
        "train_accuracy": 1.0,
        "train_auprc": 0.04054988662131519,
        "train_auroc": 0.0,
        "test_source_accuracy": 0.8846153846153846,
        "test_source_auprc": 0.065,
        "test_source_auroc": 0.125,
        "test_target_accuracy": 0.6923076923076923,
        "test_target_auprc": 0.3055555555555556,
        "test_target_auroc": 0.6458333333333334
    },
    "1": {
        "train_accuracy": 0.9215686274509803,
        "train_auprc": 0.054427309385292576,
        "train_auroc": 0.11702127659574468,
        "test_source_accuracy": 0.96,
        "test_source_auprc": 0.04,
        "test_source_auroc": 0.0,
        "test_target_accuracy": 0.96,
        "test_target_auprc": 0.043478260869565216,
        "test_target_auroc": 0.08333333333333337
    },
    "2": {
        "train_accuracy": 0.9803921568627451,
        "train_auprc": 1.0,
        "train_auroc": 1.0,
        "test_source_accuracy": 0.92,
        "test_source_auprc": 0.0757142857142857,
        "test_source_auroc": 0.2173913043478261,
        "test_target_accuracy": 0.92,
        "test_target_auprc": 0.21014492753623187,
        "test_target_auroc": 0.5
    }
}