{
    "train_site": "DRIAMS-F",
    "train_years": [
        "2019"
    ],
    "test_site": "DRIAMS-E",
    "test_years": [
        "2019"
    ],
    "seed": 188,
    "model": "rf",
    "antibiotic": "Cefepime",
    "species": "Escherichia coli",
    "metadata_versions_train": {
        "2019_clean.csv": "c9c4830e6f30ecb54e329451c7ffce195bb0bfc5"
    },
    "metadata_versions_test": {
        "2019_clean.csv": "954305e482e840a815b44f310adbfdc1871bba52"
    },
    "0": {
        "train_accuracy": 0.98,
        "train_auprc": 1.0,
        "train_auroc": 1.0,
        "test_source_accuracy": 0.9230769230769231,
        "test_source_auprc": 0.19090909090909092,
        "test_source_auroc": 0.78125,
        "test_target_accuracy": 0.9230769230769231,
        "test_target_auprc": 0.25,
        "test_target_auroc": 0.875
    },
    "1": {
        "train_accuracy": 1.0,
        "train_auprc": 1.0,
        "train_auroc": 1.0,
        "test_source_accuracy": 0.92,
        "test_source_auprc": 0.14583333333333331,
        "test_source_auroc": 0.6304347826086957,
        "test_target_accuracy": 0.92,
        "test_target_auprc": 0.10526315789473684,
        "test_target_auroc": 0.28260869565217395
    },
    "2": {
        "train_accuracy": 1.0,
        "train_auprc": 1.0,
        "train_auroc": 1.0,
        "test_source_accuracy": 0.92,
        "test_source_auprc": 0.2111111111111111,
        "test_source_auroc": 0.782608695652174,
        "test_target_accuracy": 0.92,
        "test_target_auprc": 0.10427807486631016,
        "test_target_auroc": 0.46739130434782605
    }
}