{
    "train_site": "DRIAMS-F",
    "train_years": [
        "2019"
    ],
    "test_site": "DRIAMS-E",
    "test_years": [
        "2019"
    ],
    "seed": 89,
    "model": "svm-linear",
    "antibiotic": "Ceftriaxone",
    "species": "Escherichia coli",
    "metadata_versions_train": {
        "2019_clean.csv": "c9c4830e6f30ecb54e329451c7ffce195bb0bfc5"
    },
    "metadata_versions_test": {
        "2019_clean.csv": "954305e482e840a815b44f310adbfdc1871bba52"
    },
    "0": {
        "train_accuracy": 1.0,
        "train_auprc": 0.05104193805181647,
        "train_auroc": 0.0,
        "test_source_accuracy": 0.9230769230769231,
        "test_source_auprc": 0.07045454545454546,
        "test_source_auroc": 0.1875,
        "test_target_accuracy": 0.9230769230769231,
        "test_target_auprc": 0.08846153846153847,
        "test_target_auroc": 0.3125
    },
    "1": {
        "train_accuracy": 1.0,
        "train_auprc": 1.0,
        "train_auroc": 1.0,
        "test_source_accuracy": 0.92,
        "test_source_auprc": 0.3125,
        "test_source_auroc": 0.6739130434782609,
        "test_target_accuracy": 0.88,
        "test_target_auprc": 0.22549019607843135,
        "test_target_auroc": 0.6304347826086957
    },
    "2": {
        "train_accuracy": 1.0,
        "train_auprc": 1.0,
        "train_auroc": 1.0,
        "test_source_accuracy": 0.92,
        "test_source_auprc": 0.19642857142857142,
        "test_source_auroc": 0.7391304347826086,
        "test_target_accuracy": 0.88,
        "test_target_auprc": 0.06620553359683795,
        "test_target_auroc": 0.08695652173913049
    }
}