{
    "train_site": "DRIAMS-E",
    "train_years": [
        "2019"
    ],
    "test_site": "DRIAMS-F",
    "test_years": [
        "2019"
    ],
    "seed": 172,
    "model": "rf",
    "antibiotic": "Ciprofloxacin",
    "species": "Escherichia coli",
    "metadata_versions_train": {
        "2019_clean.csv": "954305e482e840a815b44f310adbfdc1871bba52"
    },
    "metadata_versions_test": {
        "2019_clean.csv": "c9c4830e6f30ecb54e329451c7ffce195bb0bfc5"
    },
    "0": {
        "train_accuracy": 1.0,
        "train_auprc": 1.0,
        "train_auroc": 1.0,
        "test_source_accuracy": 0.8461538461538461,
        "test_source_auprc": 0.1600093984962406,
        "test_source_auroc": 0.4204545454545454,
        "test_target_accuracy": 0.8461538461538461,
        "test_target_auprc": 0.14180211558307532,
        "test_target_auroc": 0.40340909090909094
    },
    "1": {
        "train_accuracy": 1.0,
        "train_auprc": 1.0,
        "train_auroc": 1.0,
        "test_source_accuracy": 0.84,
        "test_source_auprc": 0.3555083360575351,
        "test_source_auroc": 0.38690476190476186,
        "test_target_accuracy": 0.84,
        "test_target_auprc": 0.18677536231884057,
        "test_target_auroc": 0.4226190476190476
    },
    "2": {
        "train_accuracy": 1.0,
        "train_auprc": 1.0,
        "train_auroc": 1.0,
        "test_source_accuracy": 0.84,
        "test_source_auprc": 0.13675833605753512,
        "test_source_auroc": 0.29166666666666663,
        "test_target_accuracy": 0.84,
        "test_target_auprc": 0.40104166666666663,
        "test_target_auroc": 0.5535714285714286
    }
}