{
    "train_site": "DRIAMS-E",
    "train_years": [
        "2019"
    ],
    "test_site": "DRIAMS-F",
    "test_years": [
        "2019"
    ],
    "seed": 409,
    "model": "svm-rbf",
    "antibiotic": "Ciprofloxacin",
    "species": "Staphylococcus aureus",
    "metadata_versions_train": {
        "2019_clean.csv": "954305e482e840a815b44f310adbfdc1871bba52"
    },
    "metadata_versions_test": {
        "2019_clean.csv": "c9c4830e6f30ecb54e329451c7ffce195bb0bfc5"
    },
    "0": {
        "train_accuracy": 0.9047619047619048,
        "train_auprc": 0.06928914413997733,
        "train_auroc": 0.2222222222222222,
        "test_source_accuracy": 0.90625,
        "test_source_auprc": 0.06705901856763925,
        "test_source_auroc": 0.06896551724137934,
        "test_target_accuracy": 0.90625,
        "test_target_auprc": 0.09583333333333333,
        "test_target_auroc": 0.3793103448275862
    },
    "1": {
        "train_accuracy": 0.9047619047619048,
        "train_auprc": 0.061825224681639424,
        "train_auroc": 0.1169590643274854,
        "test_source_accuracy": 0.90625,
        "test_source_auprc": 0.15347222222222223,
        "test_source_auroc": 0.5172413793103448,
        "test_target_accuracy": 0.90625,
        "test_target_auprc": 0.19206349206349205,
        "test_target_auroc": 0.528735632183908
    },
    "2": {
        "train_accuracy": 0.90625,
        "train_auprc": 0.06553416314819012,
        "train_auroc": 0.1867816091954023,
        "test_source_accuracy": 0.9032258064516129,
        "test_source_auprc": 0.08075726842461123,
        "test_source_auroc": 0.22619047619047616,
        "test_target_accuracy": 0.9032258064516129,
        "test_target_auprc": 0.07566137566137567,
        "test_target_auroc": 0.16666666666666666
    }
}