{
    "train_site": "DRIAMS-E",
    "train_years": [
        "2019"
    ],
    "test_site": "DRIAMS-F",
    "test_years": [
        "2019"
    ],
    "seed": 35,
    "model": "lr",
    "antibiotic": "Oxacillin",
    "species": "Staphylococcus aureus",
    "metadata_versions_train": {
        "2019_clean.csv": "954305e482e840a815b44f310adbfdc1871bba52"
    },
    "metadata_versions_test": {
        "2019_clean.csv": "c9c4830e6f30ecb54e329451c7ffce195bb0bfc5"
    },
    "0": {
        "train_accuracy": 1.0,
        "train_auprc": 1.0,
        "train_auroc": 1.0,
        "test_source_accuracy": 0.8125,
        "test_source_auprc": 0.1700358422939068,
        "test_source_auroc": 0.3908045977011494,
        "test_target_accuracy": 0.65625,
        "test_target_auprc": 0.20238095238095238,
        "test_target_auroc": 0.5747126436781609
    },
    "1": {
        "train_accuracy": 0.9206349206349206,
        "train_auprc": 0.07936507936507936,
        "train_auroc": 0.5,
        "test_source_accuracy": 0.9354838709677419,
        "test_source_auprc": 0.06451612903225806,
        "test_source_auroc": 0.5,
        "test_target_accuracy": 0.9354838709677419,
        "test_target_auprc": 0.06451612903225806,
        "test_target_auroc": 0.5
    },
    "2": {
        "train_accuracy": 0.9206349206349206,
        "train_auprc": 0.07936507936507936,
        "train_auroc": 0.5,
        "test_source_accuracy": 0.9354838709677419,
        "test_source_auprc": 0.06451612903225806,
        "test_source_auroc": 0.5,
        "test_target_accuracy": 0.9354838709677419,
        "test_target_auprc": 0.06451612903225806,
        "test_target_auroc": 0.5
    }
}