{
    "train_site": "DRIAMS-E",
    "train_years": [
        "2019"
    ],
    "test_site": "DRIAMS-F",
    "test_years": [
        "2019"
    ],
    "seed": 164,
    "model": "rf",
    "antibiotic": "Oxacillin",
    "species": "Staphylococcus aureus",
    "metadata_versions_train": {
        "2019_clean.csv": "954305e482e840a815b44f310adbfdc1871bba52"
    },
    "metadata_versions_test": {
        "2019_clean.csv": "c9c4830e6f30ecb54e329451c7ffce195bb0bfc5"
    },
    "0": {
        "train_accuracy": 1.0,
        "train_auprc": 1.0,
        "train_auroc": 1.0,
        "test_source_accuracy": 0.90625,
        "test_source_auprc": 0.09859006734006734,
        "test_source_auroc": 0.47126436781609193,
        "test_target_accuracy": 0.90625,
        "test_target_auprc": 0.27350427350427353,
        "test_target_auroc": 0.735632183908046
    },
    "1": {
        "train_accuracy": 0.9841269841269841,
        "train_auprc": 1.0,
        "train_auroc": 1.0,
        "test_source_accuracy": 0.9354838709677419,
        "test_source_auprc": 0.12878787878787878,
        "test_source_auroc": 0.7241379310344828,
        "test_target_accuracy": 0.9354838709677419,
        "test_target_auprc": 0.06941176470588235,
        "test_target_auroc": 0.43103448275862066
    },
    "2": {
        "train_accuracy": 1.0,
        "train_auprc": 1.0,
        "train_auroc": 1.0,
        "test_source_accuracy": 0.9354838709677419,
        "test_source_auprc": 0.20512820512820512,
        "test_source_auroc": 0.5603448275862069,
        "test_target_accuracy": 0.9354838709677419,
        "test_target_auprc": 0.11559139784946236,
        "test_target_auroc": 0.4310344827586207
    }
}