{
    "train_site": "DRIAMS-F",
    "train_years": [
        "2019"
    ],
    "test_site": "DRIAMS-E",
    "test_years": [
        "2019"
    ],
    "seed": 89,
    "model": "svm-rbf",
    "antibiotic": "Ciprofloxacin",
    "species": "Staphylococcus aureus",
    "metadata_versions_train": {
        "2019_clean.csv": "c9c4830e6f30ecb54e329451c7ffce195bb0bfc5"
    },
    "metadata_versions_test": {
        "2019_clean.csv": "954305e482e840a815b44f310adbfdc1871bba52"
    },
    "0": {
        "train_accuracy": 1.0,
        "train_auprc": 1.0,
        "train_auroc": 1.0,
        "test_source_accuracy": 0.90625,
        "test_source_auprc": 0.3333333333333333,
        "test_source_auroc": 0.7701149425287357,
        "test_target_accuracy": 0.90625,
        "test_target_auprc": 0.23333333333333334,
        "test_target_auroc": 0.7816091954022989
    },
    "1": {
        "train_accuracy": 1.0,
        "train_auprc": 1.0,
        "train_auroc": 1.0,
        "test_source_accuracy": 0.875,
        "test_source_auprc": 0.12387177093059445,
        "test_source_auroc": 0.5287356321839081,
        "test_target_accuracy": 0.8125,
        "test_target_auprc": 0.13543123543123545,
        "test_target_auroc": 0.4597701149425287
    },
    "2": {
        "train_accuracy": 1.0,
        "train_auprc": 1.0,
        "train_auroc": 1.0,
        "test_source_accuracy": 0.8387096774193549,
        "test_source_auprc": 0.16767676767676767,
        "test_source_auroc": 0.6071428571428571,
        "test_target_accuracy": 0.9032258064516129,
        "test_target_auprc": 0.10352728047740836,
        "test_target_auroc": 0.40476190476190477
    }
}