{
    "train_site": "DRIAMS-E",
    "train_years": [
        "2019"
    ],
    "test_site": "DRIAMS-F",
    "test_years": [
        "2019"
    ],
    "seed": 270,
    "model": "rf",
    "antibiotic": "Ciprofloxacin",
    "species": "Escherichia coli",
    "metadata_versions_train": {
        "2019_clean.csv": "954305e482e840a815b44f310adbfdc1871bba52"
    },
    "metadata_versions_test": {
        "2019_clean.csv": "c9c4830e6f30ecb54e329451c7ffce195bb0bfc5"
    },
    "0": {
        "train_accuracy": 1.0,
        "train_auprc": 1.0,
        "train_auroc": 1.0,
        "test_source_accuracy": 0.8461538461538461,
        "test_source_auprc": 0.16178183229813664,
        "test_source_auroc": 0.48863636363636365,
        "test_target_accuracy": 0.8461538461538461,
        "test_target_auprc": 0.4807692307692308,
        "test_target_auroc": 0.7272727272727273
    },
    "1": {
        "train_accuracy": 1.0,
        "train_auprc": 1.0,
        "train_auroc": 1.0,
        "test_source_accuracy": 0.84,
        "test_source_auprc": 0.12423076923076924,
        "test_source_auroc": 0.22619047619047622,
        "test_target_accuracy": 0.84,
        "test_target_auprc": 0.4375,
        "test_target_auroc": 0.6785714285714286
    },
    "2": {
        "train_accuracy": 1.0,
        "train_auprc": 1.0,
        "train_auroc": 1.0,
        "test_source_accuracy": 0.84,
        "test_source_auprc": 0.18821428571428572,
        "test_source_auroc": 0.47023809523809523,
        "test_target_accuracy": 0.84,
        "test_target_auprc": 0.34523809523809523,
        "test_target_auroc": 0.630952380952381
    }
}