{
    "train_site": "DRIAMS-F",
    "train_years": [
        "2019"
    ],
    "test_site": "DRIAMS-E",
    "test_years": [
        "2019"
    ],
    "seed": 270,
    "model": "svm-rbf",
    "antibiotic": "Oxacillin",
    "species": "Staphylococcus aureus",
    "metadata_versions_train": {
        "2019_clean.csv": "c9c4830e6f30ecb54e329451c7ffce195bb0bfc5"
    },
    "metadata_versions_test": {
        "2019_clean.csv": "954305e482e840a815b44f310adbfdc1871bba52"
    },
    "0": {
        "train_accuracy": 1.0,
        "train_auprc": 1.0,
        "train_auroc": 1.0,
        "test_source_accuracy": 0.90625,
        "test_source_auprc": 0.5,
        "test_source_auroc": 0.9310344827586207,
        "test_target_accuracy": 0.90625,
        "test_target_auprc": 0.2012820512820513,
        "test_target_auroc": 0.7011494252873564
    },
    "1": {
        "train_accuracy": 1.0,
        "train_auprc": 1.0,
        "train_auroc": 1.0,
        "test_source_accuracy": 0.967741935483871,
        "test_source_auprc": 0.5555555555555556,
        "test_source_auroc": 0.7241379310344828,
        "test_target_accuracy": 0.9354838709677419,
        "test_target_auprc": 0.07142857142857142,
        "test_target_auroc": 0.3275862068965517
    },
    "2": {
        "train_accuracy": 1.0,
        "train_auprc": 1.0,
        "train_auroc": 1.0,
        "test_source_accuracy": 0.9354838709677419,
        "test_source_auprc": 0.75,
        "test_source_auroc": 0.9655172413793103,
        "test_target_accuracy": 0.9354838709677419,
        "test_target_auprc": 0.08680555555555555,
        "test_target_auroc": 0.46551724137931033
    }
}