{
    "train_site": "DRIAMS-E",
    "train_years": [
        "2019"
    ],
    "test_site": "DRIAMS-F",
    "test_years": [
        "2019"
    ],
    "seed": 188,
    "model": "lightgbm",
    "antibiotic": "Ceftriaxone",
    "species": "Escherichia coli",
    "metadata_versions_train": {
        "2019_clean.csv": "954305e482e840a815b44f310adbfdc1871bba52"
    },
    "metadata_versions_test": {
        "2019_clean.csv": "c9c4830e6f30ecb54e329451c7ffce195bb0bfc5"
    },
    "0": {
        "train_accuracy": 1.0,
        "train_auprc": 1.0,
        "train_auroc": 1.0,
        "test_source_accuracy": 0.8846153846153846,
        "test_source_auprc": 0.13095238095238093,
        "test_source_auroc": 0.5,
        "test_target_accuracy": 0.8076923076923077,
        "test_target_auprc": 0.3214285714285714,
        "test_target_auroc": 0.7291666666666666
    },
    "1": {
        "train_accuracy": 1.0,
        "train_auprc": 1.0,
        "train_auroc": 1.0,
        "test_source_accuracy": 0.92,
        "test_source_auprc": 0.3055555555555556,
        "test_source_auroc": 0.6304347826086957,
        "test_target_accuracy": 0.92,
        "test_target_auprc": 0.35,
        "test_target_auroc": 0.8043478260869565
    },
    "2": {
        "train_accuracy": 0.9019607843137255,
        "train_auprc": 1.0,
        "train_auroc": 1.0,
        "test_source_accuracy": 0.92,
        "test_source_auprc": 0.375,
        "test_source_auroc": 0.8478260869565217,
        "test_target_accuracy": 0.8,
        "test_target_auprc": 0.23333333333333334,
        "test_target_auroc": 0.6956521739130435
    }
}