{
    "train_site": "DRIAMS-E",
    "train_years": [
        "2019"
    ],
    "test_site": "DRIAMS-F",
    "test_years": [
        "2019"
    ],
    "seed": 270,
    "model": "lightgbm",
    "antibiotic": "Ceftriaxone",
    "species": "Escherichia coli",
    "metadata_versions_train": {
        "2019_clean.csv": "954305e482e840a815b44f310adbfdc1871bba52"
    },
    "metadata_versions_test": {
        "2019_clean.csv": "c9c4830e6f30ecb54e329451c7ffce195bb0bfc5"
    },
    "0": {
        "train_accuracy": 1.0,
        "train_auprc": 1.0,
        "train_auroc": 1.0,
        "test_source_accuracy": 0.9230769230769231,
        "test_source_auprc": 0.3214285714285714,
        "test_source_auroc": 0.7291666666666666,
        "test_target_accuracy": 0.6923076923076923,
        "test_target_auprc": 0.15555555555555556,
        "test_target_auroc": 0.5833333333333334
    },
    "1": {
        "train_accuracy": 0.9019607843137255,
        "train_auprc": 1.0,
        "train_auroc": 1.0,
        "test_source_accuracy": 0.68,
        "test_source_auprc": 0.125,
        "test_source_auroc": 0.5434782608695652,
        "test_target_accuracy": 0.68,
        "test_target_auprc": 0.0787878787878788,
        "test_target_auroc": 0.2934782608695652
    },
    "2": {
        "train_accuracy": 0.9803921568627451,
        "train_auprc": 1.0,
        "train_auroc": 1.0,
        "test_source_accuracy": 0.76,
        "test_source_auprc": 0.34090909090909094,
        "test_source_auroc": 0.7934782608695652,
        "test_target_accuracy": 0.68,
        "test_target_auprc": 0.21666666666666667,
        "test_target_auroc": 0.5760869565217391
    }
}