{
    "train_site": "DRIAMS-F",
    "train_years": [
        "2019"
    ],
    "test_site": "DRIAMS-E",
    "test_years": [
        "2019"
    ],
    "seed": 89,
    "model": "lightgbm",
    "antibiotic": "Ciprofloxacin",
    "species": "Staphylococcus aureus",
    "metadata_versions_train": {
        "2019_clean.csv": "c9c4830e6f30ecb54e329451c7ffce195bb0bfc5"
    },
    "metadata_versions_test": {
        "2019_clean.csv": "954305e482e840a815b44f310adbfdc1871bba52"
    },
    "0": {
        "train_accuracy": 0.7619047619047619,
        "train_auprc": 0.2857142857142857,
        "train_auroc": 0.868421052631579,
        "test_source_accuracy": 0.59375,
        "test_source_auprc": 0.09375,
        "test_source_auroc": 0.3275862068965517,
        "test_target_accuracy": 0.5625,
        "test_target_auprc": 0.12013888888888888,
        "test_target_auroc": 0.6091954022988505
    },
    "1": {
        "train_accuracy": 1.0,
        "train_auprc": 1.0,
        "train_auroc": 1.0,
        "test_source_accuracy": 0.90625,
        "test_source_auprc": 0.25020678246484696,
        "test_source_auroc": 0.5402298850574713,
        "test_target_accuracy": 0.84375,
        "test_target_auprc": 0.1560846560846561,
        "test_target_auroc": 0.4942528735632184
    },
    "2": {
        "train_accuracy": 1.0,
        "train_auprc": 1.0,
        "train_auroc": 1.0,
        "test_source_accuracy": 0.9032258064516129,
        "test_source_auprc": 0.08351139601139601,
        "test_source_auroc": 0.25,
        "test_target_accuracy": 0.9032258064516129,
        "test_target_auprc": 0.2777777777777778,
        "test_target_auroc": 0.8095238095238095
    }
}