{
    "train_site": "DRIAMS-F",
    "train_years": [
        "2019"
    ],
    "test_site": "DRIAMS-E",
    "test_years": [
        "2019"
    ],
    "seed": 409,
    "model": "lightgbm",
    "antibiotic": "Ciprofloxacin",
    "species": "Staphylococcus aureus",
    "metadata_versions_train": {
        "2019_clean.csv": "c9c4830e6f30ecb54e329451c7ffce195bb0bfc5"
    },
    "metadata_versions_test": {
        "2019_clean.csv": "954305e482e840a815b44f310adbfdc1871bba52"
    },
    "0": {
        "train_accuracy": 0.6666666666666666,
        "train_auprc": 0.2222222222222222,
        "train_auroc": 0.8157894736842105,
        "test_source_accuracy": 0.59375,
        "test_source_auprc": 0.10069444444444443,
        "test_source_auroc": 0.5057471264367815,
        "test_target_accuracy": 0.28125,
        "test_target_auprc": 0.07021103896103896,
        "test_target_auroc": 0.27586206896551724
    },
    "1": {
        "train_accuracy": 1.0,
        "train_auprc": 1.0,
        "train_auroc": 1.0,
        "test_source_accuracy": 0.90625,
        "test_source_auprc": 0.13425925925925924,
        "test_source_auroc": 0.528735632183908,
        "test_target_accuracy": 0.90625,
        "test_target_auprc": 0.09967105263157894,
        "test_target_auroc": 0.367816091954023
    },
    "2": {
        "train_accuracy": 0.09375,
        "train_auprc": 0.09375,
        "train_auroc": 0.5,
        "test_source_accuracy": 0.0967741935483871,
        "test_source_auprc": 0.0967741935483871,
        "test_source_auroc": 0.5,
        "test_target_accuracy": 0.0967741935483871,
        "test_target_auprc": 0.0967741935483871,
        "test_target_auroc": 0.5
    }
}