{
    "train_site": "DRIAMS-E",
    "train_years": [
        "2019"
    ],
    "test_site": "DRIAMS-F",
    "test_years": [
        "2019"
    ],
    "seed": 270,
    "model": "svm-rbf",
    "antibiotic": "Oxacillin",
    "species": "Staphylococcus aureus",
    "metadata_versions_train": {
        "2019_clean.csv": "954305e482e840a815b44f310adbfdc1871bba52"
    },
    "metadata_versions_test": {
        "2019_clean.csv": "c9c4830e6f30ecb54e329451c7ffce195bb0bfc5"
    },
    "0": {
        "train_accuracy": 0.9354838709677419,
        "train_auprc": 0.04907161599012193,
        "train_auroc": 0.20689655172413793,
        "test_source_accuracy": 0.90625,
        "test_source_auprc": 0.07646072796934866,
        "test_source_auroc": 0.1954022988505747,
        "test_target_accuracy": 0.90625,
        "test_target_auprc": 0.12831908831908834,
        "test_target_auroc": 0.5287356321839081
    },
    "1": {
        "train_accuracy": 0.9206349206349206,
        "train_auprc": 0.05500026711945871,
        "train_auroc": 0.1517241379310345,
        "test_source_accuracy": 0.9354838709677419,
        "test_source_auprc": 0.08514492753623187,
        "test_source_auroc": 0.4482758620689655,
        "test_target_accuracy": 0.9354838709677419,
        "test_target_auprc": 0.08712121212121213,
        "test_target_auroc": 0.4482758620689655
    },
    "2": {
        "train_accuracy": 0.9206349206349206,
        "train_auprc": 0.04866880442837922,
        "train_auroc": 0.0,
        "test_source_accuracy": 0.9354838709677419,
        "test_source_auprc": 0.09555555555555556,
        "test_source_auroc": 0.46551724137931033,
        "test_target_accuracy": 0.9354838709677419,
        "test_target_auprc": 0.0804093567251462,
        "test_target_auroc": 0.4137931034482759
    }
}