{
    "train_site": "DRIAMS-E",
    "train_years": [
        "2019"
    ],
    "test_site": "DRIAMS-F",
    "test_years": [
        "2019"
    ],
    "seed": 409,
    "model": "lr",
    "antibiotic": "Ciprofloxacin",
    "species": "Escherichia coli",
    "metadata_versions_train": {
        "2019_clean.csv": "954305e482e840a815b44f310adbfdc1871bba52"
    },
    "metadata_versions_test": {
        "2019_clean.csv": "c9c4830e6f30ecb54e329451c7ffce195bb0bfc5"
    },
    "0": {
        "train_accuracy": 0.84,
        "train_auprc": 0.46647055456798103,
        "train_auroc": 0.75,
        "test_source_accuracy": 0.8461538461538461,
        "test_source_auprc": 0.17293650793650792,
        "test_source_auroc": 0.4431818181818182,
        "test_target_accuracy": 0.8461538461538461,
        "test_target_auprc": 0.1358974358974359,
        "test_target_auroc": 0.31818181818181823
    },
    "1": {
        "train_accuracy": 0.8431372549019608,
        "train_auprc": 0.1568627450980392,
        "train_auroc": 0.5,
        "test_source_accuracy": 0.84,
        "test_source_auprc": 0.16,
        "test_source_auroc": 0.5,
        "test_target_accuracy": 0.84,
        "test_target_auprc": 0.16,
        "test_target_auroc": 0.5
    },
    "2": {
        "train_accuracy": 1.0,
        "train_auprc": 1.0,
        "train_auroc": 1.0,
        "test_source_accuracy": 0.48,
        "test_source_auprc": 0.18582673453996984,
        "test_source_auroc": 0.5,
        "test_target_accuracy": 0.32,
        "test_target_auprc": 0.38511904761904764,
        "test_target_auroc": 0.5
    }
}