{
    "train_site": "DRIAMS-F",
    "train_years": [
        "2019"
    ],
    "test_site": "DRIAMS-E",
    "test_years": [
        "2019"
    ],
    "seed": 344,
    "model": "svm-linear",
    "antibiotic": "Ciprofloxacin",
    "species": "Escherichia coli",
    "metadata_versions_train": {
        "2019_clean.csv": "c9c4830e6f30ecb54e329451c7ffce195bb0bfc5"
    },
    "metadata_versions_test": {
        "2019_clean.csv": "954305e482e840a815b44f310adbfdc1871bba52"
    },
    "0": {
        "train_accuracy": 0.6,
        "train_auprc": 0.09999806526344454,
        "train_auroc": 0.08333333333333334,
        "test_source_accuracy": 0.4230769230769231,
        "test_source_auprc": 0.23913003663003665,
        "test_source_auroc": 0.580952380952381,
        "test_target_accuracy": 0.4230769230769231,
        "test_target_auprc": 0.2959663865546218,
        "test_target_auroc": 0.6476190476190476
    },
    "1": {
        "train_accuracy": 0.17647058823529413,
        "train_auprc": 0.11373803479931008,
        "train_auroc": 0.14550264550264552,
        "test_source_accuracy": 0.16,
        "test_source_auprc": 0.207260101010101,
        "test_source_auroc": 0.5357142857142857,
        "test_target_accuracy": 0.16,
        "test_target_auprc": 0.2214781746031746,
        "test_target_auroc": 0.5119047619047619
    },
    "2": {
        "train_accuracy": 1.0,
        "train_auprc": 0.10367158418107468,
        "train_auroc": 0.0,
        "test_source_accuracy": 0.84,
        "test_source_auprc": 0.21324786324786327,
        "test_source_auroc": 0.5595238095238095,
        "test_target_accuracy": 0.56,
        "test_target_auprc": 0.20812908496732024,
        "test_target_auroc": 0.5714285714285714
    }
}