{
    "train_site": "DRIAMS-E",
    "train_years": [
        "2019"
    ],
    "test_site": "DRIAMS-F",
    "test_years": [
        "2019"
    ],
    "seed": 409,
    "model": "svm-rbf",
    "antibiotic": "Ciprofloxacin",
    "species": "Escherichia coli",
    "metadata_versions_train": {
        "2019_clean.csv": "954305e482e840a815b44f310adbfdc1871bba52"
    },
    "metadata_versions_test": {
        "2019_clean.csv": "c9c4830e6f30ecb54e329451c7ffce195bb0bfc5"
    },
    "0": {
        "train_accuracy": 0.84,
        "train_auprc": 0.11649420292886775,
        "train_auroc": 0.25,
        "test_source_accuracy": 0.8461538461538461,
        "test_source_auprc": 0.2722222222222222,
        "test_source_auroc": 0.5568181818181819,
        "test_target_accuracy": 0.8461538461538461,
        "test_target_auprc": 0.2728174603174603,
        "test_target_auroc": 0.6818181818181818
    },
    "1": {
        "train_accuracy": 1.0,
        "train_auprc": 0.09262173535141638,
        "train_auroc": 0.0,
        "test_source_accuracy": 0.72,
        "test_source_auprc": 0.1813186813186813,
        "test_source_auroc": 0.4761904761904762,
        "test_target_accuracy": 0.16,
        "test_target_auprc": 0.48971861471861466,
        "test_target_auroc": 0.8452380952380953
    },
    "2": {
        "train_accuracy": 1.0,
        "train_auprc": 0.09262173535141638,
        "train_auroc": 0.0,
        "test_source_accuracy": 0.72,
        "test_source_auprc": 0.48739495798319327,
        "test_source_auroc": 0.6904761904761905,
        "test_target_accuracy": 0.84,
        "test_target_auprc": 0.32617056856187293,
        "test_target_auroc": 0.6071428571428572
    }
}