{
    "train_site": "DRIAMS-E",
    "train_years": [
        "2019"
    ],
    "test_site": "DRIAMS-F",
    "test_years": [
        "2019"
    ],
    "seed": 344,
    "model": "svm-rbf",
    "antibiotic": "Cefepime",
    "species": "Escherichia coli",
    "metadata_versions_train": {
        "2019_clean.csv": "954305e482e840a815b44f310adbfdc1871bba52"
    },
    "metadata_versions_test": {
        "2019_clean.csv": "c9c4830e6f30ecb54e329451c7ffce195bb0bfc5"
    },
    "0": {
        "train_accuracy": 0.06,
        "train_auprc": 0.04054988662131519,
        "train_auroc": 0.0,
        "test_source_accuracy": 0.07692307692307693,
        "test_source_auprc": 0.225,
        "test_source_auroc": 0.7708333333333334,
        "test_target_accuracy": 0.07692307692307693,
        "test_target_auprc": 0.21666666666666667,
        "test_target_auroc": 0.5833333333333333
    },
    "1": {
        "train_accuracy": 0.9215686274509803,
        "train_auprc": 0.05821895424836601,
        "train_auroc": 0.17021276595744683,
        "test_source_accuracy": 0.96,
        "test_source_auprc": 0.043478260869565216,
        "test_source_auroc": 0.08333333333333337,
        "test_target_accuracy": 0.96,
        "test_target_auprc": 0.09090909090909091,
        "test_target_auroc": 0.5833333333333333
    },
    "2": {
        "train_accuracy": 0.9411764705882353,
        "train_auprc": 0.03974389755902361,
        "train_auroc": 0.0,
        "test_source_accuracy": 0.92,
        "test_source_auprc": 0.10416666666666666,
        "test_source_auroc": 0.45652173913043476,
        "test_target_accuracy": 0.92,
        "test_target_auprc": 0.08095238095238094,
        "test_target_auroc": 0.2826086956521739
    }
}