{
    "train_site": "DRIAMS-F",
    "train_years": [
        "2019"
    ],
    "test_site": "DRIAMS-E",
    "test_years": [
        "2019"
    ],
    "seed": 188,
    "model": "svm-linear",
    "antibiotic": "Oxacillin",
    "species": "Staphylococcus aureus",
    "metadata_versions_train": {
        "2019_clean.csv": "c9c4830e6f30ecb54e329451c7ffce195bb0bfc5"
    },
    "metadata_versions_test": {
        "2019_clean.csv": "954305e482e840a815b44f310adbfdc1871bba52"
    },
    "0": {
        "train_accuracy": 0.967741935483871,
        "train_auprc": 1.0,
        "train_auroc": 1.0,
        "test_source_accuracy": 0.9375,
        "test_source_auprc": 0.6222222222222222,
        "test_source_auroc": 0.8505747126436782,
        "test_target_accuracy": 0.90625,
        "test_target_auprc": 0.3896551724137931,
        "test_target_auroc": 0.3793103448275862
    },
    "1": {
        "train_accuracy": 1.0,
        "train_auprc": 1.0,
        "train_auroc": 1.0,
        "test_source_accuracy": 0.9354838709677419,
        "test_source_auprc": 0.10101010101010101,
        "test_source_auroc": 0.5172413793103448,
        "test_target_accuracy": 0.9354838709677419,
        "test_target_auprc": 0.0754985754985755,
        "test_target_auroc": 0.36206896551724144
    },
    "2": {
        "train_accuracy": 1.0,
        "train_auprc": 1.0,
        "train_auroc": 1.0,
        "test_source_accuracy": 0.9354838709677419,
        "test_source_auprc": 0.75,
        "test_source_auroc": 0.9655172413793103,
        "test_target_accuracy": 0.9354838709677419,
        "test_target_auprc": 0.10416666666666666,
        "test_target_auroc": 0.5689655172413792
    }
}