{
    "train_site": "DRIAMS-E",
    "train_years": [
        "2019"
    ],
    "test_site": "DRIAMS-F",
    "test_years": [
        "2019"
    ],
    "seed": 35,
    "model": "svm-rbf",
    "antibiotic": "Ceftriaxone",
    "species": "Escherichia coli",
    "metadata_versions_train": {
        "2019_clean.csv": "954305e482e840a815b44f310adbfdc1871bba52"
    },
    "metadata_versions_test": {
        "2019_clean.csv": "c9c4830e6f30ecb54e329451c7ffce195bb0bfc5"
    },
    "0": {
        "train_accuracy": 0.76,
        "train_auprc": 0.05104193805181647,
        "train_auroc": 0.0,
        "test_source_accuracy": 0.6153846153846154,
        "test_source_auprc": 0.09453781512605042,
        "test_source_auroc": 0.4166666666666667,
        "test_target_accuracy": 0.34615384615384615,
        "test_target_auprc": 0.10101010101010101,
        "test_target_auroc": 0.41666666666666663
    },
    "1": {
        "train_accuracy": 1.0,
        "train_auprc": 1.0,
        "train_auroc": 1.0,
        "test_source_accuracy": 0.88,
        "test_source_auprc": 0.21666666666666667,
        "test_source_auroc": 0.5652173913043478,
        "test_target_accuracy": 0.92,
        "test_target_auprc": 0.3088235294117647,
        "test_target_auroc": 0.6521739130434783
    },
    "2": {
        "train_accuracy": 1.0,
        "train_auprc": 1.0,
        "train_auroc": 1.0,
        "test_source_accuracy": 0.92,
        "test_source_auprc": 0.17692307692307693,
        "test_source_auroc": 0.6739130434782609,
        "test_target_accuracy": 0.44,
        "test_target_auprc": 0.2222222222222222,
        "test_target_auroc": 0.6086956521739131
    }
}