{
    "train_site": "DRIAMS-E",
    "train_years": [
        "2019"
    ],
    "test_site": "DRIAMS-F",
    "test_years": [
        "2019"
    ],
    "seed": 545,
    "model": "lightgbm",
    "antibiotic": "Ciprofloxacin",
    "species": "Staphylococcus aureus",
    "metadata_versions_train": {
        "2019_clean.csv": "954305e482e840a815b44f310adbfdc1871bba52"
    },
    "metadata_versions_test": {
        "2019_clean.csv": "c9c4830e6f30ecb54e329451c7ffce195bb0bfc5"
    },
    "0": {
        "train_accuracy": 0.9047619047619048,
        "train_auprc": 0.15384615384615385,
        "train_auroc": 0.4473684210526316,
        "test_source_accuracy": 0.90625,
        "test_source_auprc": 0.12648809523809523,
        "test_source_auroc": 0.5344827586206897,
        "test_target_accuracy": 0.90625,
        "test_target_auprc": 0.10624999999999998,
        "test_target_auroc": 0.5689655172413792
    },
    "1": {
        "train_accuracy": 0.7619047619047619,
        "train_auprc": 0.2857142857142857,
        "train_auroc": 0.868421052631579,
        "test_source_accuracy": 0.71875,
        "test_source_auprc": 0.10416666666666666,
        "test_source_auroc": 0.5459770114942528,
        "test_target_accuracy": 0.8125,
        "test_target_auprc": 0.09375,
        "test_target_auroc": 0.4482758620689655
    },
    "2": {
        "train_accuracy": 0.984375,
        "train_auprc": 0.8571428571428571,
        "train_auroc": 0.9913793103448276,
        "test_source_accuracy": 0.6774193548387096,
        "test_source_auprc": 0.12619745845552297,
        "test_source_auroc": 0.45238095238095233,
        "test_target_accuracy": 0.8387096774193549,
        "test_target_auprc": 0.11173222912353346,
        "test_target_auroc": 0.45238095238095233
    }
}