{
    "train_site": "DRIAMS-E",
    "train_years": [
        "2019"
    ],
    "test_site": "DRIAMS-F",
    "test_years": [
        "2019"
    ],
    "seed": 545,
    "model": "lr",
    "antibiotic": "Cefepime",
    "species": "Escherichia coli",
    "metadata_versions_train": {
        "2019_clean.csv": "954305e482e840a815b44f310adbfdc1871bba52"
    },
    "metadata_versions_test": {
        "2019_clean.csv": "c9c4830e6f30ecb54e329451c7ffce195bb0bfc5"
    },
    "0": {
        "train_accuracy": 0.94,
        "train_auprc": 0.8095238095238095,
        "train_auroc": 0.9716312056737588,
        "test_source_accuracy": 0.9230769230769231,
        "test_source_auprc": 0.21014492753623187,
        "test_source_auroc": 0.5208333333333333,
        "test_target_accuracy": 0.9230769230769231,
        "test_target_auprc": 0.125,
        "test_target_auroc": 0.4375
    },
    "1": {
        "train_accuracy": 0.9215686274509803,
        "train_auprc": 0.7803030303030303,
        "train_auroc": 0.8457446808510638,
        "test_source_accuracy": 0.96,
        "test_source_auprc": 0.0625,
        "test_source_auroc": 0.375,
        "test_target_accuracy": 0.96,
        "test_target_auprc": 0.09090909090909091,
        "test_target_auroc": 0.5833333333333333
    },
    "2": {
        "train_accuracy": 0.9411764705882353,
        "train_auprc": 0.058823529411764705,
        "train_auroc": 0.5,
        "test_source_accuracy": 0.92,
        "test_source_auprc": 0.08,
        "test_source_auroc": 0.5,
        "test_target_accuracy": 0.92,
        "test_target_auprc": 0.08,
        "test_target_auroc": 0.5
    }
}