{
    "train_site": "DRIAMS-E",
    "train_years": [
        "2019"
    ],
    "test_site": "DRIAMS-F",
    "test_years": [
        "2019"
    ],
    "seed": 480,
    "model": "svm-linear",
    "antibiotic": "Cefepime",
    "species": "Escherichia coli",
    "metadata_versions_train": {
        "2019_clean.csv": "954305e482e840a815b44f310adbfdc1871bba52"
    },
    "metadata_versions_test": {
        "2019_clean.csv": "c9c4830e6f30ecb54e329451c7ffce195bb0bfc5"
    },
    "0": {
        "train_accuracy": 0.06,
        "train_auprc": 0.04193877551020408,
        "train_auroc": 0.056737588652482275,
        "test_source_accuracy": 0.07692307692307693,
        "test_source_auprc": 0.5384615384615384,
        "test_source_auroc": 0.5,
        "test_target_accuracy": 0.07692307692307693,
        "test_target_auprc": 0.21666666666666667,
        "test_target_auroc": 0.5833333333333333
    },
    "1": {
        "train_accuracy": 0.9215686274509803,
        "train_auprc": 0.06350873682806456,
        "train_auroc": 0.23936170212765956,
        "test_source_accuracy": 0.96,
        "test_source_auprc": 0.04,
        "test_source_auroc": 0.0,
        "test_target_accuracy": 0.96,
        "test_target_auprc": 0.0625,
        "test_target_auroc": 0.375
    },
    "2": {
        "train_accuracy": 0.9411764705882353,
        "train_auprc": 0.04743393009377664,
        "train_auroc": 0.18055555555555558,
        "test_source_accuracy": 0.92,
        "test_source_auprc": 0.13095238095238093,
        "test_source_auroc": 0.4782608695652174,
        "test_target_accuracy": 0.92,
        "test_target_auprc": 0.06631578947368422,
        "test_target_auroc": 0.10869565217391303
    }
}