{
    "train_site": "DRIAMS-E",
    "train_years": [
        "2019"
    ],
    "test_site": "DRIAMS-F",
    "test_years": [
        "2019"
    ],
    "seed": 270,
    "model": "svm-rbf",
    "antibiotic": "Cefepime",
    "species": "Escherichia coli",
    "metadata_versions_train": {
        "2019_clean.csv": "954305e482e840a815b44f310adbfdc1871bba52"
    },
    "metadata_versions_test": {
        "2019_clean.csv": "c9c4830e6f30ecb54e329451c7ffce195bb0bfc5"
    },
    "0": {
        "train_accuracy": 1.0,
        "train_auprc": 1.0,
        "train_auroc": 1.0,
        "test_source_accuracy": 0.9230769230769231,
        "test_source_auprc": 0.5588235294117647,
        "test_source_auroc": 0.6875,
        "test_target_accuracy": 0.5384615384615384,
        "test_target_auprc": 0.06787330316742082,
        "test_target_auroc": 0.16666666666666669
    },
    "1": {
        "train_accuracy": 0.9215686274509803,
        "train_auprc": 0.05502450980392157,
        "train_auroc": 0.12765957446808512,
        "test_source_accuracy": 0.96,
        "test_source_auprc": 0.3333333333333333,
        "test_source_auroc": 0.9166666666666666,
        "test_target_accuracy": 0.96,
        "test_target_auprc": 1.0,
        "test_target_auroc": 1.0
    },
    "2": {
        "train_accuracy": 0.9411764705882353,
        "train_auprc": 0.04452366805307982,
        "train_auroc": 0.14583333333333331,
        "test_source_accuracy": 0.92,
        "test_source_auprc": 0.08125,
        "test_source_auroc": 0.2826086956521739,
        "test_target_accuracy": 0.92,
        "test_target_auprc": 0.10250000000000001,
        "test_target_auroc": 0.34782608695652173
    }
}