{
    "train_site": "DRIAMS-E",
    "train_years": [
        "2019"
    ],
    "test_site": "DRIAMS-F",
    "test_years": [
        "2019"
    ],
    "seed": 480,
    "model": "svm-linear",
    "antibiotic": "Ciprofloxacin",
    "species": "Escherichia coli",
    "metadata_versions_train": {
        "2019_clean.csv": "954305e482e840a815b44f310adbfdc1871bba52"
    },
    "metadata_versions_test": {
        "2019_clean.csv": "c9c4830e6f30ecb54e329451c7ffce195bb0bfc5"
    },
    "0": {
        "train_accuracy": 1.0,
        "train_auprc": 0.09457170867429723,
        "train_auroc": 0.0,
        "test_source_accuracy": 0.8461538461538461,
        "test_source_auprc": 0.3467948717948718,
        "test_source_auroc": 0.6363636363636362,
        "test_target_accuracy": 0.8461538461538461,
        "test_target_auprc": 0.15137820512820513,
        "test_target_auroc": 0.3863636363636364
    },
    "1": {
        "train_accuracy": 0.7450980392156863,
        "train_auprc": 0.10185935785335098,
        "train_auroc": 0.14534883720930236,
        "test_source_accuracy": 0.72,
        "test_source_auprc": 0.64375,
        "test_source_auroc": 0.75,
        "test_target_accuracy": 0.28,
        "test_target_auprc": 0.4692982456140351,
        "test_target_auroc": 0.6190476190476191
    },
    "2": {
        "train_accuracy": 1.0,
        "train_auprc": 0.09262173535141638,
        "train_auroc": 0.0,
        "test_source_accuracy": 0.84,
        "test_source_auprc": 0.16575757575757577,
        "test_source_auroc": 0.36904761904761907,
        "test_target_accuracy": 0.52,
        "test_target_auprc": 0.17179487179487182,
        "test_target_auroc": 0.4523809523809524
    }
}