{
    "train_site": "DRIAMS-E",
    "train_years": [
        "2019"
    ],
    "test_site": "DRIAMS-F",
    "test_years": [
        "2019"
    ],
    "seed": 188,
    "model": "svm-linear",
    "antibiotic": "Ceftriaxone",
    "species": "Escherichia coli",
    "metadata_versions_train": {
        "2019_clean.csv": "954305e482e840a815b44f310adbfdc1871bba52"
    },
    "metadata_versions_test": {
        "2019_clean.csv": "c9c4830e6f30ecb54e329451c7ffce195bb0bfc5"
    },
    "0": {
        "train_accuracy": 1.0,
        "train_auprc": 1.0,
        "train_auroc": 1.0,
        "test_source_accuracy": 0.9230769230769231,
        "test_source_auprc": 0.20833333333333331,
        "test_source_auroc": 0.5,
        "test_target_accuracy": 0.7307692307692307,
        "test_target_auprc": 0.2976190476190476,
        "test_target_auroc": 0.5833333333333334
    },
    "1": {
        "train_accuracy": 0.9215686274509803,
        "train_auprc": 0.05139087213832901,
        "train_auroc": 0.05319148936170212,
        "test_source_accuracy": 0.88,
        "test_source_auprc": 0.06380952380952382,
        "test_source_auroc": 0.06521739130434784,
        "test_target_accuracy": 0.76,
        "test_target_auprc": 0.09090909090909091,
        "test_target_auroc": 0.34782608695652173
    },
    "2": {
        "train_accuracy": 0.9215686274509803,
        "train_auprc": 0.05611570622698663,
        "train_auroc": 0.14361702127659573,
        "test_source_accuracy": 0.92,
        "test_source_auprc": 0.12333333333333332,
        "test_source_auroc": 0.391304347826087,
        "test_target_accuracy": 0.92,
        "test_target_auprc": 0.16666666666666666,
        "test_target_auroc": 0.45652173913043476
    }
}