{
    "train_site": "DRIAMS-F",
    "train_years": [
        "2019"
    ],
    "test_site": "DRIAMS-E",
    "test_years": [
        "2019"
    ],
    "seed": 409,
    "model": "rf",
    "antibiotic": "Ciprofloxacin",
    "species": "Escherichia coli",
    "metadata_versions_train": {
        "2019_clean.csv": "c9c4830e6f30ecb54e329451c7ffce195bb0bfc5"
    },
    "metadata_versions_test": {
        "2019_clean.csv": "954305e482e840a815b44f310adbfdc1871bba52"
    },
    "0": {
        "train_accuracy": 1.0,
        "train_auprc": 1.0,
        "train_auroc": 1.0,
        "test_source_accuracy": 0.8076923076923077,
        "test_source_auprc": 0.21837750484809307,
        "test_source_auroc": 0.5380952380952382,
        "test_target_accuracy": 0.8076923076923077,
        "test_target_auprc": 0.22243589743589742,
        "test_target_auroc": 0.40476190476190477
    },
    "1": {
        "train_accuracy": 1.0,
        "train_auprc": 1.0,
        "train_auroc": 1.0,
        "test_source_accuracy": 0.84,
        "test_source_auprc": 0.19761904761904764,
        "test_source_auroc": 0.4285714285714286,
        "test_target_accuracy": 0.84,
        "test_target_auprc": 0.3657142857142857,
        "test_target_auroc": 0.41666666666666674
    },
    "2": {
        "train_accuracy": 1.0,
        "train_auprc": 1.0,
        "train_auroc": 1.0,
        "test_source_accuracy": 0.84,
        "test_source_auprc": 0.2464285714285714,
        "test_source_auroc": 0.5892857142857143,
        "test_target_accuracy": 0.84,
        "test_target_auprc": 0.17280701754385963,
        "test_target_auroc": 0.44642857142857145
    }
}