{
    "train_site": "DRIAMS-E",
    "train_years": [
        "2019"
    ],
    "test_site": "DRIAMS-F",
    "test_years": [
        "2019"
    ],
    "seed": 89,
    "model": "lr",
    "antibiotic": "Ciprofloxacin",
    "species": "Staphylococcus aureus",
    "metadata_versions_train": {
        "2019_clean.csv": "954305e482e840a815b44f310adbfdc1871bba52"
    },
    "metadata_versions_test": {
        "2019_clean.csv": "c9c4830e6f30ecb54e329451c7ffce195bb0bfc5"
    },
    "0": {
        "train_accuracy": 0.9047619047619048,
        "train_auprc": 0.5216269841269842,
        "train_auroc": 0.7894736842105263,
        "test_source_accuracy": 0.90625,
        "test_source_auprc": 0.55,
        "test_source_auroc": 0.8620689655172414,
        "test_target_accuracy": 0.90625,
        "test_target_auprc": 0.16119528619528617,
        "test_target_auroc": 0.6206896551724137
    },
    "1": {
        "train_accuracy": 0.9047619047619048,
        "train_auprc": 0.7738095238095237,
        "train_auroc": 0.8801169590643274,
        "test_source_accuracy": 0.90625,
        "test_source_auprc": 0.2381404174573055,
        "test_source_auroc": 0.49425287356321834,
        "test_target_accuracy": 0.90625,
        "test_target_auprc": 0.3492063492063492,
        "test_target_auroc": 0.8160919540229885
    },
    "2": {
        "train_accuracy": 0.90625,
        "train_auprc": 0.6161616161616161,
        "train_auroc": 0.8189655172413793,
        "test_source_accuracy": 0.9032258064516129,
        "test_source_auprc": 0.7011494252873562,
        "test_source_auroc": 0.6904761904761905,
        "test_target_accuracy": 0.9032258064516129,
        "test_target_auprc": 0.15545808966861596,
        "test_target_auroc": 0.47619047619047616
    }
}