{
    "train_site": "DRIAMS-E",
    "train_years": [
        "2019"
    ],
    "test_site": "DRIAMS-F",
    "test_years": [
        "2019"
    ],
    "seed": 545,
    "model": "svm-linear",
    "antibiotic": "Ceftriaxone",
    "species": "Escherichia coli",
    "metadata_versions_train": {
        "2019_clean.csv": "954305e482e840a815b44f310adbfdc1871bba52"
    },
    "metadata_versions_test": {
        "2019_clean.csv": "c9c4830e6f30ecb54e329451c7ffce195bb0bfc5"
    },
    "0": {
        "train_accuracy": 0.88,
        "train_auprc": 0.05230173648406731,
        "train_auroc": 0.048913043478260865,
        "test_source_accuracy": 0.6923076923076923,
        "test_source_auprc": 0.08834586466165413,
        "test_source_auroc": 0.375,
        "test_target_accuracy": 0.6153846153846154,
        "test_target_auprc": 0.10263157894736842,
        "test_target_auroc": 0.4583333333333333
    },
    "1": {
        "train_accuracy": 0.9215686274509803,
        "train_auprc": 0.05566280767626199,
        "train_auroc": 0.1382978723404255,
        "test_source_accuracy": 0.92,
        "test_source_auprc": 0.10250000000000001,
        "test_source_auroc": 0.34782608695652173,
        "test_target_accuracy": 0.92,
        "test_target_auprc": 0.15476190476190477,
        "test_target_auroc": 0.6304347826086957
    },
    "2": {
        "train_accuracy": 0.9019607843137255,
        "train_auprc": 0.95,
        "train_auroc": 0.9946808510638298,
        "test_source_accuracy": 0.92,
        "test_source_auprc": 0.5555555555555556,
        "test_source_auroc": 0.6521739130434783,
        "test_target_accuracy": 0.92,
        "test_target_auprc": 0.09429824561403508,
        "test_target_auroc": 0.391304347826087
    }
}