{
    "train_site": "DRIAMS-F",
    "train_years": [
        "2019"
    ],
    "test_site": "DRIAMS-E",
    "test_years": [
        "2019"
    ],
    "seed": 480,
    "model": "lr",
    "antibiotic": "Ciprofloxacin",
    "species": "Escherichia coli",
    "metadata_versions_train": {
        "2019_clean.csv": "c9c4830e6f30ecb54e329451c7ffce195bb0bfc5"
    },
    "metadata_versions_test": {
        "2019_clean.csv": "954305e482e840a815b44f310adbfdc1871bba52"
    },
    "0": {
        "train_accuracy": 1.0,
        "train_auprc": 1.0,
        "train_auroc": 1.0,
        "test_source_accuracy": 0.5384615384615384,
        "test_source_auprc": 0.351270468661773,
        "test_source_auroc": 0.4380952380952381,
        "test_target_accuracy": 0.5384615384615384,
        "test_target_auprc": 0.19603237342367777,
        "test_target_auroc": 0.4285714285714286
    },
    "1": {
        "train_accuracy": 1.0,
        "train_auprc": 1.0,
        "train_auroc": 1.0,
        "test_source_accuracy": 0.4,
        "test_source_auprc": 0.13949956412771058,
        "test_source_auroc": 0.30952380952380953,
        "test_target_accuracy": 0.4,
        "test_target_auprc": 0.1612625313283208,
        "test_target_auroc": 0.40476190476190477
    },
    "2": {
        "train_accuracy": 0.8235294117647058,
        "train_auprc": 0.17647058823529413,
        "train_auroc": 0.5,
        "test_source_accuracy": 0.84,
        "test_source_auprc": 0.16,
        "test_source_auroc": 0.5,
        "test_target_accuracy": 0.84,
        "test_target_auprc": 0.16,
        "test_target_auroc": 0.5
    }
}