{
    "train_site": "DRIAMS-F",
    "train_years": [
        "2019"
    ],
    "test_site": "DRIAMS-E",
    "test_years": [
        "2019"
    ],
    "seed": 270,
    "model": "svm-linear",
    "antibiotic": "Oxacillin",
    "species": "Staphylococcus aureus",
    "metadata_versions_train": {
        "2019_clean.csv": "c9c4830e6f30ecb54e329451c7ffce195bb0bfc5"
    },
    "metadata_versions_test": {
        "2019_clean.csv": "954305e482e840a815b44f310adbfdc1871bba52"
    },
    "0": {
        "train_accuracy": 1.0,
        "train_auprc": 1.0,
        "train_auroc": 1.0,
        "test_source_accuracy": 0.90625,
        "test_source_auprc": 0.4242424242424242,
        "test_source_auroc": 0.8735632183908046,
        "test_target_accuracy": 0.90625,
        "test_target_auprc": 0.16951566951566954,
        "test_target_auroc": 0.6781609195402298
    },
    "1": {
        "train_accuracy": 1.0,
        "train_auprc": 1.0,
        "train_auroc": 1.0,
        "test_source_accuracy": 0.9354838709677419,
        "test_source_auprc": 0.54,
        "test_source_auroc": 0.603448275862069,
        "test_target_accuracy": 0.9354838709677419,
        "test_target_auprc": 0.05498533724340176,
        "test_target_auroc": 0.13793103448275862
    },
    "2": {
        "train_accuracy": 0.9682539682539683,
        "train_auprc": 0.71,
        "train_auroc": 0.9827586206896551,
        "test_source_accuracy": 0.9032258064516129,
        "test_source_auprc": 0.6666666666666666,
        "test_source_auroc": 0.9310344827586207,
        "test_target_accuracy": 0.9354838709677419,
        "test_target_auprc": 0.07614942528735633,
        "test_target_auroc": 0.3448275862068966
    }
}