{
    "train_site": "DRIAMS-F",
    "train_years": [
        "2019"
    ],
    "test_site": "DRIAMS-E",
    "test_years": [
        "2019"
    ],
    "seed": 89,
    "model": "lightgbm",
    "antibiotic": "Cefepime",
    "species": "Escherichia coli",
    "metadata_versions_train": {
        "2019_clean.csv": "c9c4830e6f30ecb54e329451c7ffce195bb0bfc5"
    },
    "metadata_versions_test": {
        "2019_clean.csv": "954305e482e840a815b44f310adbfdc1871bba52"
    },
    "0": {
        "train_accuracy": 1.0,
        "train_auprc": 1.0,
        "train_auroc": 1.0,
        "test_source_accuracy": 0.9230769230769231,
        "test_source_auprc": 0.29166666666666663,
        "test_source_auroc": 0.8333333333333334,
        "test_target_accuracy": 0.9230769230769231,
        "test_target_auprc": 0.09307359307359307,
        "test_target_auroc": 0.39583333333333337
    },
    "1": {
        "train_accuracy": 0.6862745098039216,
        "train_auprc": 0.2,
        "train_auroc": 0.8297872340425532,
        "test_source_accuracy": 0.76,
        "test_source_auprc": 0.12333333333333332,
        "test_source_auroc": 0.641304347826087,
        "test_target_accuracy": 0.88,
        "test_target_auprc": 0.08,
        "test_target_auroc": 0.4782608695652174
    },
    "2": {
        "train_accuracy": 0.8627450980392157,
        "train_auprc": 1.0,
        "train_auroc": 1.0,
        "test_source_accuracy": 0.64,
        "test_source_auprc": 0.14835164835164835,
        "test_source_auroc": 0.6956521739130435,
        "test_target_accuracy": 0.72,
        "test_target_auprc": 0.11309523809523808,
        "test_target_auroc": 0.5434782608695652
    }
}