{
    "train_site": "DRIAMS-F",
    "train_years": [
        "2019"
    ],
    "test_site": "DRIAMS-E",
    "test_years": [
        "2019"
    ],
    "seed": 409,
    "model": "svm-linear",
    "antibiotic": "Ciprofloxacin",
    "species": "Escherichia coli",
    "metadata_versions_train": {
        "2019_clean.csv": "c9c4830e6f30ecb54e329451c7ffce195bb0bfc5"
    },
    "metadata_versions_test": {
        "2019_clean.csv": "954305e482e840a815b44f310adbfdc1871bba52"
    },
    "0": {
        "train_accuracy": 1.0,
        "train_auprc": 0.09457170867429723,
        "train_auroc": 0.0,
        "test_source_accuracy": 0.7307692307692307,
        "test_source_auprc": 0.1995205929261657,
        "test_source_auroc": 0.4095238095238095,
        "test_target_accuracy": 0.7307692307692307,
        "test_target_auprc": 0.1759867583396995,
        "test_target_auroc": 0.37142857142857144
    },
    "1": {
        "train_accuracy": 0.17647058823529413,
        "train_auprc": 0.12227580677860589,
        "train_auroc": 0.2195767195767196,
        "test_source_accuracy": 0.16,
        "test_source_auprc": 0.16073232323232323,
        "test_source_auroc": 0.34523809523809523,
        "test_target_accuracy": 0.16,
        "test_target_auprc": 0.2261705685618729,
        "test_target_auroc": 0.5476190476190477
    },
    "2": {
        "train_accuracy": 1.0,
        "train_auprc": 0.10367158418107468,
        "train_auroc": 0.0,
        "test_source_accuracy": 0.84,
        "test_source_auprc": 0.17471782603361552,
        "test_source_auroc": 0.4642857142857143,
        "test_target_accuracy": 0.8,
        "test_target_auprc": 0.1722222222222222,
        "test_target_auroc": 0.4642857142857143
    }
}