{
    "train_site": "DRIAMS-E",
    "train_years": [
        "2019"
    ],
    "test_site": "DRIAMS-F",
    "test_years": [
        "2019"
    ],
    "seed": 409,
    "model": "lightgbm",
    "antibiotic": "Ceftriaxone",
    "species": "Escherichia coli",
    "metadata_versions_train": {
        "2019_clean.csv": "954305e482e840a815b44f310adbfdc1871bba52"
    },
    "metadata_versions_test": {
        "2019_clean.csv": "c9c4830e6f30ecb54e329451c7ffce195bb0bfc5"
    },
    "0": {
        "train_accuracy": 1.0,
        "train_auprc": 1.0,
        "train_auroc": 1.0,
        "test_source_accuracy": 0.8461538461538461,
        "test_source_auprc": 0.17763157894736842,
        "test_source_auroc": 0.5833333333333333,
        "test_target_accuracy": 0.7692307692307693,
        "test_target_auprc": 0.12222222222222222,
        "test_target_auroc": 0.5625
    },
    "1": {
        "train_accuracy": 0.9215686274509803,
        "train_auprc": 0.8,
        "train_auroc": 0.9893617021276596,
        "test_source_accuracy": 0.88,
        "test_source_auprc": 0.7,
        "test_source_auroc": 0.9456521739130435,
        "test_target_accuracy": 0.64,
        "test_target_auprc": 0.06620553359683795,
        "test_target_auroc": 0.08695652173913049
    },
    "2": {
        "train_accuracy": 0.9019607843137255,
        "train_auprc": 1.0,
        "train_auroc": 1.0,
        "test_source_accuracy": 0.8,
        "test_source_auprc": 0.2857142857142857,
        "test_source_auroc": 0.8043478260869565,
        "test_target_accuracy": 0.56,
        "test_target_auprc": 0.13247863247863248,
        "test_target_auroc": 0.6195652173913043
    }
}