{
    "train_site": "DRIAMS-E",
    "train_years": [
        "2019"
    ],
    "test_site": "DRIAMS-F",
    "test_years": [
        "2019"
    ],
    "seed": 164,
    "model": "lr",
    "antibiotic": "Ceftriaxone",
    "species": "Escherichia coli",
    "metadata_versions_train": {
        "2019_clean.csv": "954305e482e840a815b44f310adbfdc1871bba52"
    },
    "metadata_versions_test": {
        "2019_clean.csv": "c9c4830e6f30ecb54e329451c7ffce195bb0bfc5"
    },
    "0": {
        "train_accuracy": 0.92,
        "train_auprc": 0.5791666666666666,
        "train_auroc": 0.798913043478261,
        "test_source_accuracy": 0.9230769230769231,
        "test_source_auprc": 0.26666666666666666,
        "test_source_auroc": 0.7916666666666667,
        "test_target_accuracy": 0.9230769230769231,
        "test_target_auprc": 0.16025641025641024,
        "test_target_auroc": 0.6666666666666667
    },
    "1": {
        "train_accuracy": 1.0,
        "train_auprc": 1.0,
        "train_auroc": 1.0,
        "test_source_accuracy": 0.92,
        "test_source_auprc": 0.08834586466165413,
        "test_source_auroc": 0.3478260869565218,
        "test_target_accuracy": 0.92,
        "test_target_auprc": 0.5416666666666666,
        "test_target_auroc": 0.5217391304347826
    },
    "2": {
        "train_accuracy": 1.0,
        "train_auprc": 1.0,
        "train_auroc": 1.0,
        "test_source_accuracy": 0.84,
        "test_source_auprc": 0.30952380952380953,
        "test_source_auroc": 0.8478260869565217,
        "test_target_accuracy": 0.88,
        "test_target_auprc": 0.2222222222222222,
        "test_target_auroc": 0.6086956521739131
    }
}