{
    "train_site": "DRIAMS-E",
    "train_years": [
        "2019"
    ],
    "test_site": "DRIAMS-F",
    "test_years": [
        "2019"
    ],
    "seed": 89,
    "model": "lr",
    "antibiotic": "Ceftriaxone",
    "species": "Escherichia coli",
    "metadata_versions_train": {
        "2019_clean.csv": "954305e482e840a815b44f310adbfdc1871bba52"
    },
    "metadata_versions_test": {
        "2019_clean.csv": "c9c4830e6f30ecb54e329451c7ffce195bb0bfc5"
    },
    "0": {
        "train_accuracy": 0.92,
        "train_auprc": 0.6458333333333333,
        "train_auroc": 0.8804347826086958,
        "test_source_accuracy": 0.9230769230769231,
        "test_source_auprc": 0.5625,
        "test_source_auroc": 0.7083333333333333,
        "test_target_accuracy": 0.9230769230769231,
        "test_target_auprc": 0.09166666666666667,
        "test_target_auroc": 0.3541666666666667
    },
    "1": {
        "train_accuracy": 1.0,
        "train_auprc": 1.0,
        "train_auroc": 1.0,
        "test_source_accuracy": 0.92,
        "test_source_auprc": 0.21666666666666667,
        "test_source_auroc": 0.5652173913043478,
        "test_target_accuracy": 0.92,
        "test_target_auprc": 0.5476190476190477,
        "test_target_auroc": 0.5869565217391304
    },
    "2": {
        "train_accuracy": 0.9215686274509803,
        "train_auprc": 0.5840080971659919,
        "train_auroc": 0.7659574468085106,
        "test_source_accuracy": 0.92,
        "test_source_auprc": 0.41666666666666663,
        "test_source_auroc": 0.9130434782608696,
        "test_target_accuracy": 0.92,
        "test_target_auprc": 0.25757575757575757,
        "test_target_auroc": 0.7608695652173914
    }
}