{
    "train_site": "DRIAMS-E",
    "train_years": [
        "2019"
    ],
    "test_site": "DRIAMS-F",
    "test_years": [
        "2019"
    ],
    "seed": 545,
    "model": "lightgbm",
    "antibiotic": "Ciprofloxacin",
    "species": "Escherichia coli",
    "metadata_versions_train": {
        "2019_clean.csv": "954305e482e840a815b44f310adbfdc1871bba52"
    },
    "metadata_versions_test": {
        "2019_clean.csv": "c9c4830e6f30ecb54e329451c7ffce195bb0bfc5"
    },
    "0": {
        "train_accuracy": 0.76,
        "train_auprc": 0.4,
        "train_auroc": 0.8571428571428572,
        "test_source_accuracy": 0.5384615384615384,
        "test_source_auprc": 0.19917582417582416,
        "test_source_auroc": 0.625,
        "test_target_accuracy": 0.38461538461538464,
        "test_target_auprc": 0.16346153846153846,
        "test_target_auroc": 0.5340909090909092
    },
    "1": {
        "train_accuracy": 0.7450980392156863,
        "train_auprc": 0.38095238095238093,
        "train_auroc": 0.8488372093023255,
        "test_source_accuracy": 0.72,
        "test_source_auprc": 0.16999999999999998,
        "test_source_auroc": 0.5297619047619048,
        "test_target_accuracy": 0.84,
        "test_target_auprc": 0.245,
        "test_target_auroc": 0.6011904761904762
    },
    "2": {
        "train_accuracy": 0.9215686274509803,
        "train_auprc": 0.8,
        "train_auroc": 0.9767441860465116,
        "test_source_accuracy": 0.76,
        "test_source_auprc": 0.2791666666666667,
        "test_source_auroc": 0.6369047619047619,
        "test_target_accuracy": 0.84,
        "test_target_auprc": 0.46818181818181814,
        "test_target_auroc": 0.7797619047619048
    }
}