{
    "train_site": "DRIAMS-E",
    "train_years": [
        "2019"
    ],
    "test_site": "DRIAMS-F",
    "test_years": [
        "2019"
    ],
    "seed": 172,
    "model": "svm-linear",
    "antibiotic": "Ciprofloxacin",
    "species": "Escherichia coli",
    "metadata_versions_train": {
        "2019_clean.csv": "954305e482e840a815b44f310adbfdc1871bba52"
    },
    "metadata_versions_test": {
        "2019_clean.csv": "c9c4830e6f30ecb54e329451c7ffce195bb0bfc5"
    },
    "0": {
        "train_accuracy": 1.0,
        "train_auprc": 0.09457170867429723,
        "train_auroc": 0.0,
        "test_source_accuracy": 0.6923076923076923,
        "test_source_auprc": 0.16592261904761904,
        "test_source_auroc": 0.4318181818181818,
        "test_target_accuracy": 0.7692307692307693,
        "test_target_auprc": 0.1686698717948718,
        "test_target_auroc": 0.46590909090909094
    },
    "1": {
        "train_accuracy": 1.0,
        "train_auprc": 0.09262173535141638,
        "train_auroc": 0.0,
        "test_source_accuracy": 0.84,
        "test_source_auprc": 0.281025641025641,
        "test_source_auroc": 0.5714285714285714,
        "test_target_accuracy": 0.84,
        "test_target_auprc": 0.19029761904761905,
        "test_target_auroc": 0.33333333333333337
    },
    "2": {
        "train_accuracy": 0.8431372549019608,
        "train_auprc": 0.10999885503253698,
        "train_auroc": 0.21511627906976744,
        "test_source_accuracy": 0.84,
        "test_source_auprc": 0.38514492753623186,
        "test_source_auroc": 0.6071428571428571,
        "test_target_accuracy": 0.84,
        "test_target_auprc": 0.20830357142857142,
        "test_target_auroc": 0.4880952380952381
    }
}