{
    "train_site": "DRIAMS-F",
    "train_years": [
        "2019"
    ],
    "test_site": "DRIAMS-E",
    "test_years": [
        "2019"
    ],
    "seed": 480,
    "model": "rf",
    "antibiotic": "Ciprofloxacin",
    "species": "Staphylococcus aureus",
    "metadata_versions_train": {
        "2019_clean.csv": "c9c4830e6f30ecb54e329451c7ffce195bb0bfc5"
    },
    "metadata_versions_test": {
        "2019_clean.csv": "954305e482e840a815b44f310adbfdc1871bba52"
    },
    "0": {
        "train_accuracy": 1.0,
        "train_auprc": 1.0,
        "train_auroc": 1.0,
        "test_source_accuracy": 0.90625,
        "test_source_auprc": 0.15674603174603174,
        "test_source_auroc": 0.5402298850574713,
        "test_target_accuracy": 0.90625,
        "test_target_auprc": 0.07917164476304261,
        "test_target_auroc": 0.24137931034482754
    },
    "1": {
        "train_accuracy": 1.0,
        "train_auprc": 1.0,
        "train_auroc": 1.0,
        "test_source_accuracy": 0.90625,
        "test_source_auprc": 0.3611111111111111,
        "test_source_auroc": 0.9080459770114943,
        "test_target_accuracy": 0.90625,
        "test_target_auprc": 0.11473429951690822,
        "test_target_auroc": 0.5459770114942528
    },
    "2": {
        "train_accuracy": 1.0,
        "train_auprc": 1.0,
        "train_auroc": 1.0,
        "test_source_accuracy": 0.9032258064516129,
        "test_source_auprc": 0.1126984126984127,
        "test_source_auroc": 0.5178571428571428,
        "test_target_accuracy": 0.9032258064516129,
        "test_target_auprc": 0.08748403575989784,
        "test_target_auroc": 0.3392857142857143
    }
}