{
    "train_site": "DRIAMS-E",
    "train_years": [
        "2019"
    ],
    "test_site": "DRIAMS-F",
    "test_years": [
        "2019"
    ],
    "seed": 164,
    "model": "rf",
    "antibiotic": "Ciprofloxacin",
    "species": "Escherichia coli",
    "metadata_versions_train": {
        "2019_clean.csv": "954305e482e840a815b44f310adbfdc1871bba52"
    },
    "metadata_versions_test": {
        "2019_clean.csv": "c9c4830e6f30ecb54e329451c7ffce195bb0bfc5"
    },
    "0": {
        "train_accuracy": 1.0,
        "train_auprc": 1.0,
        "train_auroc": 1.0,
        "test_source_accuracy": 0.8461538461538461,
        "test_source_auprc": 0.17116883116883116,
        "test_source_auroc": 0.41477272727272724,
        "test_target_accuracy": 0.8461538461538461,
        "test_target_auprc": 0.3588235294117647,
        "test_target_auroc": 0.7045454545454546
    },
    "1": {
        "train_accuracy": 1.0,
        "train_auprc": 1.0,
        "train_auroc": 1.0,
        "test_source_accuracy": 0.84,
        "test_source_auprc": 0.15389492753623188,
        "test_source_auroc": 0.40476190476190477,
        "test_target_accuracy": 0.84,
        "test_target_auprc": 0.19165631469979294,
        "test_target_auroc": 0.36309523809523814
    },
    "2": {
        "train_accuracy": 1.0,
        "train_auprc": 1.0,
        "train_auroc": 1.0,
        "test_source_accuracy": 0.84,
        "test_source_auprc": 0.13203778677462888,
        "test_source_auroc": 0.30952380952380953,
        "test_target_accuracy": 0.84,
        "test_target_auprc": 0.48333333333333334,
        "test_target_auroc": 0.7619047619047619
    }
}