{
    "train_site": "DRIAMS-E",
    "train_years": [
        "2019"
    ],
    "test_site": "DRIAMS-F",
    "test_years": [
        "2019"
    ],
    "seed": 545,
    "model": "svm-linear",
    "antibiotic": "Ciprofloxacin",
    "species": "Escherichia coli",
    "metadata_versions_train": {
        "2019_clean.csv": "954305e482e840a815b44f310adbfdc1871bba52"
    },
    "metadata_versions_test": {
        "2019_clean.csv": "c9c4830e6f30ecb54e329451c7ffce195bb0bfc5"
    },
    "0": {
        "train_accuracy": 1.0,
        "train_auprc": 1.0,
        "train_auroc": 1.0,
        "test_source_accuracy": 0.8076923076923077,
        "test_source_auprc": 0.14414335664335665,
        "test_source_auroc": 0.36363636363636365,
        "test_target_accuracy": 0.7307692307692307,
        "test_target_auprc": 0.14909090909090908,
        "test_target_auroc": 0.3409090909090909
    },
    "1": {
        "train_accuracy": 0.8431372549019608,
        "train_auprc": 0.11715956475050902,
        "train_auroc": 0.27325581395348836,
        "test_source_accuracy": 0.84,
        "test_source_auprc": 0.2576048951048951,
        "test_source_auroc": 0.6666666666666666,
        "test_target_accuracy": 0.84,
        "test_target_auprc": 0.36041666666666666,
        "test_target_auroc": 0.7976190476190477
    },
    "2": {
        "train_accuracy": 0.5490196078431373,
        "train_auprc": 0.11124826817658356,
        "train_auroc": 0.2267441860465116,
        "test_source_accuracy": 0.4,
        "test_source_auprc": 0.3463235294117647,
        "test_source_auroc": 0.7380952380952381,
        "test_target_accuracy": 0.2,
        "test_target_auprc": 0.4291208791208791,
        "test_target_auroc": 0.6309523809523809
    }
}