{
    "train_site": "DRIAMS-F",
    "train_years": [
        "2019"
    ],
    "test_site": "DRIAMS-E",
    "test_years": [
        "2019"
    ],
    "seed": 480,
    "model": "svm-rbf",
    "antibiotic": "Ceftriaxone",
    "species": "Escherichia coli",
    "metadata_versions_train": {
        "2019_clean.csv": "c9c4830e6f30ecb54e329451c7ffce195bb0bfc5"
    },
    "metadata_versions_test": {
        "2019_clean.csv": "954305e482e840a815b44f310adbfdc1871bba52"
    },
    "0": {
        "train_accuracy": 1.0,
        "train_auprc": 1.0,
        "train_auroc": 1.0,
        "test_source_accuracy": 0.9230769230769231,
        "test_source_auprc": 0.09166666666666667,
        "test_source_auroc": 0.39583333333333337,
        "test_target_accuracy": 0.9230769230769231,
        "test_target_auprc": 0.10989010989010989,
        "test_target_auroc": 0.5
    },
    "1": {
        "train_accuracy": 0.9215686274509803,
        "train_auprc": 0.05354723707664884,
        "train_auroc": 0.10638297872340427,
        "test_source_accuracy": 0.92,
        "test_source_auprc": 0.21929824561403508,
        "test_source_auroc": 0.5869565217391305,
        "test_target_accuracy": 0.92,
        "test_target_auprc": 0.15476190476190477,
        "test_target_auroc": 0.6304347826086957
    },
    "2": {
        "train_accuracy": 1.0,
        "train_auprc": 0.050020258103241295,
        "train_auroc": 0.0,
        "test_source_accuracy": 0.92,
        "test_source_auprc": 0.06798245614035087,
        "test_source_auroc": 0.13043478260869562,
        "test_target_accuracy": 0.92,
        "test_target_auprc": 0.3333333333333333,
        "test_target_auroc": 0.7608695652173914
    }
}