{
    "train_site": "DRIAMS-F",
    "train_years": [
        "2019"
    ],
    "test_site": "DRIAMS-E",
    "test_years": [
        "2019"
    ],
    "seed": 409,
    "model": "lr",
    "antibiotic": "Cefepime",
    "species": "Escherichia coli",
    "metadata_versions_train": {
        "2019_clean.csv": "c9c4830e6f30ecb54e329451c7ffce195bb0bfc5"
    },
    "metadata_versions_test": {
        "2019_clean.csv": "954305e482e840a815b44f310adbfdc1871bba52"
    },
    "0": {
        "train_accuracy": 1.0,
        "train_auprc": 1.0,
        "train_auroc": 1.0,
        "test_source_accuracy": 0.8846153846153846,
        "test_source_auprc": 0.3666666666666667,
        "test_source_auroc": 0.8958333333333334,
        "test_target_accuracy": 0.11538461538461539,
        "test_target_auprc": 0.5714285714285714,
        "test_target_auroc": 0.75
    },
    "1": {
        "train_accuracy": 1.0,
        "train_auprc": 1.0,
        "train_auroc": 1.0,
        "test_source_accuracy": 0.68,
        "test_source_auprc": 0.0804093567251462,
        "test_source_auroc": 0.26086956521739135,
        "test_target_accuracy": 0.16,
        "test_target_auprc": 0.09761904761904762,
        "test_target_auroc": 0.3913043478260869
    },
    "2": {
        "train_accuracy": 1.0,
        "train_auprc": 1.0,
        "train_auroc": 1.0,
        "test_source_accuracy": 0.92,
        "test_source_auprc": 0.30952380952380953,
        "test_source_auroc": 0.8478260869565217,
        "test_target_accuracy": 0.8,
        "test_target_auprc": 0.08846153846153847,
        "test_target_auroc": 0.34782608695652173
    }
}