{
    "train_site": "DRIAMS-E",
    "train_years": [
        "2019"
    ],
    "test_site": "DRIAMS-F",
    "test_years": [
        "2019"
    ],
    "seed": 172,
    "model": "svm-rbf",
    "antibiotic": "Oxacillin",
    "species": "Staphylococcus aureus",
    "metadata_versions_train": {
        "2019_clean.csv": "954305e482e840a815b44f310adbfdc1871bba52"
    },
    "metadata_versions_test": {
        "2019_clean.csv": "c9c4830e6f30ecb54e329451c7ffce195bb0bfc5"
    },
    "0": {
        "train_accuracy": 0.9354838709677419,
        "train_auprc": 0.040994735694204185,
        "train_auroc": 0.0,
        "test_source_accuracy": 0.90625,
        "test_source_auprc": 0.12485065710872162,
        "test_source_auroc": 0.47126436781609193,
        "test_target_accuracy": 0.90625,
        "test_target_auprc": 0.2381404174573055,
        "test_target_auroc": 0.49425287356321834
    },
    "1": {
        "train_accuracy": 0.9206349206349206,
        "train_auprc": 0.05673506446587648,
        "train_auroc": 0.196551724137931,
        "test_source_accuracy": 0.9354838709677419,
        "test_source_auprc": 0.075,
        "test_source_auroc": 0.3275862068965517,
        "test_target_accuracy": 0.9354838709677419,
        "test_target_auprc": 0.13392857142857142,
        "test_target_auroc": 0.6551724137931034
    },
    "2": {
        "train_accuracy": 1.0,
        "train_auprc": 1.0,
        "train_auroc": 1.0,
        "test_source_accuracy": 0.9354838709677419,
        "test_source_auprc": 0.13846153846153847,
        "test_source_auroc": 0.5172413793103449,
        "test_target_accuracy": 0.9354838709677419,
        "test_target_auprc": 0.3666666666666667,
        "test_target_auroc": 0.9137931034482759
    }
}