{
    "train_site": "DRIAMS-E",
    "train_years": [
        "2019"
    ],
    "test_site": "DRIAMS-F",
    "test_years": [
        "2019"
    ],
    "seed": 188,
    "model": "svm-rbf",
    "antibiotic": "Cefepime",
    "species": "Escherichia coli",
    "metadata_versions_train": {
        "2019_clean.csv": "954305e482e840a815b44f310adbfdc1871bba52"
    },
    "metadata_versions_test": {
        "2019_clean.csv": "c9c4830e6f30ecb54e329451c7ffce195bb0bfc5"
    },
    "0": {
        "train_accuracy": 0.06,
        "train_auprc": 0.047494331065759635,
        "train_auroc": 0.17021276595744683,
        "test_source_accuracy": 0.07692307692307693,
        "test_source_auprc": 0.10096153846153846,
        "test_source_auroc": 0.35416666666666663,
        "test_target_accuracy": 0.07692307692307693,
        "test_target_auprc": 0.18382352941176472,
        "test_target_auroc": 0.625
    },
    "1": {
        "train_accuracy": 1.0,
        "train_auprc": 1.0,
        "train_auroc": 1.0,
        "test_source_accuracy": 0.88,
        "test_source_auprc": 0.045454545454545456,
        "test_source_auroc": 0.125,
        "test_target_accuracy": 0.96,
        "test_target_auprc": 0.05,
        "test_target_auroc": 0.20833333333333337
    },
    "2": {
        "train_accuracy": 1.0,
        "train_auprc": 0.03974389755902361,
        "train_auroc": 0.0,
        "test_source_accuracy": 0.92,
        "test_source_auprc": 0.06728778467908902,
        "test_source_auroc": 0.10869565217391308,
        "test_target_accuracy": 0.92,
        "test_target_auprc": 0.20666666666666667,
        "test_target_auroc": 0.4565217391304348
    }
}