{
    "train_site": "DRIAMS-E",
    "train_years": [
        "2019"
    ],
    "test_site": "DRIAMS-F",
    "test_years": [
        "2019"
    ],
    "seed": 545,
    "model": "svm-rbf",
    "antibiotic": "Oxacillin",
    "species": "Staphylococcus aureus",
    "metadata_versions_train": {
        "2019_clean.csv": "954305e482e840a815b44f310adbfdc1871bba52"
    },
    "metadata_versions_test": {
        "2019_clean.csv": "c9c4830e6f30ecb54e329451c7ffce195bb0bfc5"
    },
    "0": {
        "train_accuracy": 0.9354838709677419,
        "train_auprc": 0.04696807026923368,
        "train_auroc": 0.15948275862068967,
        "test_source_accuracy": 0.90625,
        "test_source_auprc": 0.1126984126984127,
        "test_source_auroc": 0.40229885057471265,
        "test_target_accuracy": 0.90625,
        "test_target_auprc": 0.11044973544973545,
        "test_target_auroc": 0.425287356321839
    },
    "1": {
        "train_accuracy": 0.9206349206349206,
        "train_auprc": 0.04866880442837922,
        "train_auroc": 0.0,
        "test_source_accuracy": 0.9354838709677419,
        "test_source_auprc": 0.08846153846153847,
        "test_source_auroc": 0.43103448275862066,
        "test_target_accuracy": 0.9354838709677419,
        "test_target_auprc": 0.10714285714285714,
        "test_target_auroc": 0.4482758620689655
    },
    "2": {
        "train_accuracy": 0.9206349206349206,
        "train_auprc": 0.05571707862030442,
        "train_auroc": 0.17931034482758618,
        "test_source_accuracy": 0.9354838709677419,
        "test_source_auprc": 0.08888888888888888,
        "test_source_auroc": 0.3793103448275862,
        "test_target_accuracy": 0.9354838709677419,
        "test_target_auprc": 0.10101010101010101,
        "test_target_auroc": 0.5172413793103448
    }
}