{
    "train_site": "DRIAMS-F",
    "train_years": [
        "2019"
    ],
    "test_site": "DRIAMS-E",
    "test_years": [
        "2019"
    ],
    "seed": 164,
    "model": "svm-rbf",
    "antibiotic": "Ciprofloxacin",
    "species": "Staphylococcus aureus",
    "metadata_versions_train": {
        "2019_clean.csv": "c9c4830e6f30ecb54e329451c7ffce195bb0bfc5"
    },
    "metadata_versions_test": {
        "2019_clean.csv": "954305e482e840a815b44f310adbfdc1871bba52"
    },
    "0": {
        "train_accuracy": 1.0,
        "train_auprc": 1.0,
        "train_auroc": 1.0,
        "test_source_accuracy": 0.90625,
        "test_source_auprc": 0.20655270655270658,
        "test_source_auroc": 0.7471264367816092,
        "test_target_accuracy": 0.875,
        "test_target_auprc": 0.0985797827903091,
        "test_target_auroc": 0.39080459770114945
    },
    "1": {
        "train_accuracy": 1.0,
        "train_auprc": 1.0,
        "train_auroc": 1.0,
        "test_source_accuracy": 0.90625,
        "test_source_auprc": 0.5380952380952381,
        "test_source_auroc": 0.8390804597701149,
        "test_target_accuracy": 0.875,
        "test_target_auprc": 0.15555555555555556,
        "test_target_auroc": 0.6206896551724138
    },
    "2": {
        "train_accuracy": 0.90625,
        "train_auprc": 0.05937665438018602,
        "train_auroc": 0.07758620689655174,
        "test_source_accuracy": 0.9032258064516129,
        "test_source_auprc": 0.29914529914529914,
        "test_source_auroc": 0.8095238095238094,
        "test_target_accuracy": 0.9032258064516129,
        "test_target_auprc": 0.1932129173508484,
        "test_target_auroc": 0.5238095238095237
    }
}