{
    "train_site": "DRIAMS-E",
    "train_years": [
        "2019"
    ],
    "test_site": "DRIAMS-F",
    "test_years": [
        "2019"
    ],
    "seed": 172,
    "model": "svm-rbf",
    "antibiotic": "Ciprofloxacin",
    "species": "Escherichia coli",
    "metadata_versions_train": {
        "2019_clean.csv": "954305e482e840a815b44f310adbfdc1871bba52"
    },
    "metadata_versions_test": {
        "2019_clean.csv": "c9c4830e6f30ecb54e329451c7ffce195bb0bfc5"
    },
    "0": {
        "train_accuracy": 1.0,
        "train_auprc": 0.09457170867429723,
        "train_auroc": 0.0,
        "test_source_accuracy": 0.8461538461538461,
        "test_source_auprc": 0.15971153846153846,
        "test_source_auroc": 0.42045454545454547,
        "test_target_accuracy": 0.8461538461538461,
        "test_target_auprc": 0.253406490534637,
        "test_target_auroc": 0.48863636363636365
    },
    "1": {
        "train_accuracy": 1.0,
        "train_auprc": 0.09262173535141638,
        "train_auroc": 0.0,
        "test_source_accuracy": 0.84,
        "test_source_auprc": 0.5007843137254901,
        "test_source_auroc": 0.5714285714285714,
        "test_target_accuracy": 0.84,
        "test_target_auprc": 0.3261904761904762,
        "test_target_auroc": 0.6190476190476191
    },
    "2": {
        "train_accuracy": 1.0,
        "train_auprc": 1.0,
        "train_auroc": 1.0,
        "test_source_accuracy": 0.72,
        "test_source_auprc": 0.19935897435897437,
        "test_source_auroc": 0.5,
        "test_target_accuracy": 0.68,
        "test_target_auprc": 0.38712121212121214,
        "test_target_auroc": 0.5119047619047619
    }
}