{
    "train_site": "DRIAMS-F",
    "train_years": [
        "2019"
    ],
    "test_site": "DRIAMS-E",
    "test_years": [
        "2019"
    ],
    "seed": 164,
    "model": "svm-rbf",
    "antibiotic": "Oxacillin",
    "species": "Staphylococcus aureus",
    "metadata_versions_train": {
        "2019_clean.csv": "c9c4830e6f30ecb54e329451c7ffce195bb0bfc5"
    },
    "metadata_versions_test": {
        "2019_clean.csv": "954305e482e840a815b44f310adbfdc1871bba52"
    },
    "0": {
        "train_accuracy": 1.0,
        "train_auprc": 1.0,
        "train_auroc": 1.0,
        "test_source_accuracy": 0.90625,
        "test_source_auprc": 0.3277777777777778,
        "test_source_auroc": 0.839080459770115,
        "test_target_accuracy": 0.90625,
        "test_target_auprc": 0.4407407407407407,
        "test_target_auroc": 0.6091954022988505
    },
    "1": {
        "train_accuracy": 1.0,
        "train_auprc": 1.0,
        "train_auroc": 1.0,
        "test_source_accuracy": 0.9032258064516129,
        "test_source_auprc": 0.13942307692307693,
        "test_source_auroc": 0.6896551724137931,
        "test_target_accuracy": 0.9354838709677419,
        "test_target_auprc": 0.26666666666666666,
        "test_target_auroc": 0.8275862068965517
    },
    "2": {
        "train_accuracy": 1.0,
        "train_auprc": 1.0,
        "train_auroc": 1.0,
        "test_source_accuracy": 0.9354838709677419,
        "test_source_auprc": 0.5333333333333333,
        "test_source_auroc": 0.5172413793103448,
        "test_target_accuracy": 0.9354838709677419,
        "test_target_auprc": 0.09126984126984126,
        "test_target_auroc": 0.41379310344827586
    }
}