{
    "train_site": "DRIAMS-E",
    "train_years": [
        "2019"
    ],
    "test_site": "DRIAMS-F",
    "test_years": [
        "2019"
    ],
    "seed": 89,
    "model": "lightgbm",
    "antibiotic": "Ceftriaxone",
    "species": "Escherichia coli",
    "metadata_versions_train": {
        "2019_clean.csv": "954305e482e840a815b44f310adbfdc1871bba52"
    },
    "metadata_versions_test": {
        "2019_clean.csv": "c9c4830e6f30ecb54e329451c7ffce195bb0bfc5"
    },
    "0": {
        "train_accuracy": 1.0,
        "train_auprc": 1.0,
        "train_auroc": 1.0,
        "test_source_accuracy": 0.9615384615384616,
        "test_source_auprc": 0.5833333333333334,
        "test_source_auroc": 0.7916666666666666,
        "test_target_accuracy": 0.8461538461538461,
        "test_target_auprc": 0.17261904761904762,
        "test_target_auroc": 0.5416666666666667
    },
    "1": {
        "train_accuracy": 0.9803921568627451,
        "train_auprc": 1.0,
        "train_auroc": 1.0,
        "test_source_accuracy": 0.84,
        "test_source_auprc": 0.2976190476190476,
        "test_source_auroc": 0.5652173913043479,
        "test_target_accuracy": 0.68,
        "test_target_auprc": 0.16666666666666669,
        "test_target_auroc": 0.6304347826086957
    },
    "2": {
        "train_accuracy": 0.9607843137254902,
        "train_auprc": 0.8,
        "train_auroc": 0.9893617021276595,
        "test_source_accuracy": 0.88,
        "test_source_auprc": 0.14285714285714285,
        "test_source_auroc": 0.4782608695652174,
        "test_target_accuracy": 0.84,
        "test_target_auprc": 0.07107843137254902,
        "test_target_auroc": 0.17391304347826086
    }
}