{
    "train_site": "DRIAMS-F",
    "train_years": [
        "2019"
    ],
    "test_site": "DRIAMS-E",
    "test_years": [
        "2019"
    ],
    "seed": 35,
    "model": "rf",
    "antibiotic": "Ceftriaxone",
    "species": "Escherichia coli",
    "metadata_versions_train": {
        "2019_clean.csv": "c9c4830e6f30ecb54e329451c7ffce195bb0bfc5"
    },
    "metadata_versions_test": {
        "2019_clean.csv": "954305e482e840a815b44f310adbfdc1871bba52"
    },
    "0": {
        "train_accuracy": 1.0,
        "train_auprc": 1.0,
        "train_auroc": 1.0,
        "test_source_accuracy": 0.9230769230769231,
        "test_source_auprc": 0.09545454545454546,
        "test_source_auroc": 0.4895833333333333,
        "test_target_accuracy": 0.9230769230769231,
        "test_target_auprc": 0.24285714285714285,
        "test_target_auroc": 0.8229166666666666
    },
    "1": {
        "train_accuracy": 1.0,
        "train_auprc": 1.0,
        "train_auroc": 0.9999999999999999,
        "test_source_accuracy": 0.92,
        "test_source_auprc": 0.2111111111111111,
        "test_source_auroc": 0.7826086956521738,
        "test_target_accuracy": 0.92,
        "test_target_auprc": 0.07333333333333333,
        "test_target_auroc": 0.21739130434782608
    },
    "2": {
        "train_accuracy": 1.0,
        "train_auprc": 1.0,
        "train_auroc": 1.0,
        "test_source_accuracy": 0.92,
        "test_source_auprc": 0.15555555555555556,
        "test_source_auroc": 0.5760869565217391,
        "test_target_accuracy": 0.92,
        "test_target_auprc": 0.5476190476190477,
        "test_target_auroc": 0.5869565217391304
    }
}