{
    "train_site": "DRIAMS-F",
    "train_years": [
        "2019"
    ],
    "test_site": "DRIAMS-E",
    "test_years": [
        "2019"
    ],
    "seed": 409,
    "model": "rf",
    "antibiotic": "Oxacillin",
    "species": "Staphylococcus aureus",
    "metadata_versions_train": {
        "2019_clean.csv": "c9c4830e6f30ecb54e329451c7ffce195bb0bfc5"
    },
    "metadata_versions_test": {
        "2019_clean.csv": "954305e482e840a815b44f310adbfdc1871bba52"
    },
    "0": {
        "train_accuracy": 1.0,
        "train_auprc": 1.0,
        "train_auroc": 1.0,
        "test_source_accuracy": 0.90625,
        "test_source_auprc": 0.12433862433862433,
        "test_source_auroc": 0.4885057471264368,
        "test_target_accuracy": 0.90625,
        "test_target_auprc": 0.5694444444444444,
        "test_target_auroc": 0.9080459770114943
    },
    "1": {
        "train_accuracy": 1.0,
        "train_auprc": 1.0,
        "train_auroc": 1.0,
        "test_source_accuracy": 0.9354838709677419,
        "test_source_auprc": 0.5434782608695652,
        "test_source_auroc": 0.7241379310344829,
        "test_target_accuracy": 0.9354838709677419,
        "test_target_auprc": 0.09722222222222221,
        "test_target_auroc": 0.5431034482758621
    },
    "2": {
        "train_accuracy": 1.0,
        "train_auprc": 1.0,
        "train_auroc": 1.0,
        "test_source_accuracy": 0.9354838709677419,
        "test_source_auprc": 0.5476190476190477,
        "test_source_auroc": 0.7586206896551724,
        "test_target_accuracy": 0.9354838709677419,
        "test_target_auprc": 0.15263157894736842,
        "test_target_auroc": 0.7413793103448276
    }
}