{
    "train_site": "DRIAMS-F",
    "train_years": [
        "2019"
    ],
    "test_site": "DRIAMS-E",
    "test_years": [
        "2019"
    ],
    "seed": 89,
    "model": "rf",
    "antibiotic": "Ceftriaxone",
    "species": "Escherichia coli",
    "metadata_versions_train": {
        "2019_clean.csv": "c9c4830e6f30ecb54e329451c7ffce195bb0bfc5"
    },
    "metadata_versions_test": {
        "2019_clean.csv": "954305e482e840a815b44f310adbfdc1871bba52"
    },
    "0": {
        "train_accuracy": 1.0,
        "train_auprc": 1.0,
        "train_auroc": 1.0,
        "test_source_accuracy": 0.9230769230769231,
        "test_source_auprc": 0.08608058608058608,
        "test_source_auroc": 0.48958333333333337,
        "test_target_accuracy": 0.9230769230769231,
        "test_target_auprc": 0.18055555555555555,
        "test_target_auroc": 0.6666666666666666
    },
    "1": {
        "train_accuracy": 1.0,
        "train_auprc": 1.0,
        "train_auroc": 1.0,
        "test_source_accuracy": 0.92,
        "test_source_auprc": 0.5833333333333333,
        "test_source_auroc": 0.9565217391304348,
        "test_target_accuracy": 0.92,
        "test_target_auprc": 0.14166666666666666,
        "test_target_auroc": 0.43478260869565216
    },
    "2": {
        "train_accuracy": 1.0,
        "train_auprc": 1.0,
        "train_auroc": 1.0,
        "test_source_accuracy": 0.92,
        "test_source_auprc": 0.13333333333333333,
        "test_source_auroc": 0.5217391304347826,
        "test_target_accuracy": 0.92,
        "test_target_auprc": 0.08333333333333334,
        "test_target_auroc": 0.358695652173913
    }
}