{
    "train_site": "DRIAMS-E",
    "train_years": [
        "2019"
    ],
    "test_site": "DRIAMS-F",
    "test_years": [
        "2019"
    ],
    "seed": 270,
    "model": "rf",
    "antibiotic": "Cefepime",
    "species": "Escherichia coli",
    "metadata_versions_train": {
        "2019_clean.csv": "954305e482e840a815b44f310adbfdc1871bba52"
    },
    "metadata_versions_test": {
        "2019_clean.csv": "c9c4830e6f30ecb54e329451c7ffce195bb0bfc5"
    },
    "0": {
        "train_accuracy": 0.98,
        "train_auprc": 1.0,
        "train_auroc": 1.0,
        "test_source_accuracy": 0.9230769230769231,
        "test_source_auprc": 0.06623931623931624,
        "test_source_auroc": 0.2708333333333333,
        "test_target_accuracy": 0.9230769230769231,
        "test_target_auprc": 0.09,
        "test_target_auroc": 0.3958333333333333
    },
    "1": {
        "train_accuracy": 1.0,
        "train_auprc": 1.0,
        "train_auroc": 1.0,
        "test_source_accuracy": 0.96,
        "test_source_auprc": 0.04,
        "test_source_auroc": 0.041666666666666685,
        "test_target_accuracy": 0.96,
        "test_target_auprc": 0.045454545454545456,
        "test_target_auroc": 0.14583333333333331
    },
    "2": {
        "train_accuracy": 1.0,
        "train_auprc": 1.0,
        "train_auroc": 1.0,
        "test_source_accuracy": 0.92,
        "test_source_auprc": 0.25,
        "test_source_auroc": 0.8260869565217391,
        "test_target_accuracy": 0.92,
        "test_target_auprc": 0.3333333333333333,
        "test_target_auroc": 0.8369565217391304
    }
}