{
    "train_site": "DRIAMS-E",
    "train_years": [
        "2019"
    ],
    "test_site": "DRIAMS-F",
    "test_years": [
        "2019"
    ],
    "seed": 172,
    "model": "lr",
    "antibiotic": "Ceftriaxone",
    "species": "Escherichia coli",
    "metadata_versions_train": {
        "2019_clean.csv": "954305e482e840a815b44f310adbfdc1871bba52"
    },
    "metadata_versions_test": {
        "2019_clean.csv": "c9c4830e6f30ecb54e329451c7ffce195bb0bfc5"
    },
    "0": {
        "train_accuracy": 0.92,
        "train_auprc": 0.6412037037037037,
        "train_auroc": 0.8641304347826088,
        "test_source_accuracy": 0.9230769230769231,
        "test_source_auprc": 0.5416666666666666,
        "test_source_auroc": 0.5416666666666667,
        "test_target_accuracy": 0.9230769230769231,
        "test_target_auprc": 0.08571428571428572,
        "test_target_auroc": 0.3541666666666667
    },
    "1": {
        "train_accuracy": 0.9215686274509803,
        "train_auprc": 0.7833333333333333,
        "train_auroc": 0.8617021276595744,
        "test_source_accuracy": 0.92,
        "test_source_auprc": 0.23333333333333334,
        "test_source_auroc": 0.6739130434782609,
        "test_target_accuracy": 0.92,
        "test_target_auprc": 0.5909090909090909,
        "test_target_auroc": 0.8043478260869565
    },
    "2": {
        "train_accuracy": 1.0,
        "train_auprc": 1.0,
        "train_auroc": 1.0,
        "test_source_accuracy": 0.4,
        "test_source_auprc": 0.31666666666666665,
        "test_source_auroc": 0.6956521739130435,
        "test_target_accuracy": 0.2,
        "test_target_auprc": 0.375,
        "test_target_auroc": 0.8478260869565217
    }
}