{
    "train_site": "DRIAMS-F",
    "train_years": [
        "2019"
    ],
    "test_site": "DRIAMS-E",
    "test_years": [
        "2019"
    ],
    "seed": 409,
    "model": "svm-rbf",
    "antibiotic": "Ciprofloxacin",
    "species": "Escherichia coli",
    "metadata_versions_train": {
        "2019_clean.csv": "c9c4830e6f30ecb54e329451c7ffce195bb0bfc5"
    },
    "metadata_versions_test": {
        "2019_clean.csv": "954305e482e840a815b44f310adbfdc1871bba52"
    },
    "0": {
        "train_accuracy": 1.0,
        "train_auprc": 0.09457170867429723,
        "train_auroc": 0.0,
        "test_source_accuracy": 0.8076923076923077,
        "test_source_auprc": 0.18400111240668515,
        "test_source_auroc": 0.4,
        "test_target_accuracy": 0.8076923076923077,
        "test_target_auprc": 0.18785714285714286,
        "test_target_auroc": 0.40952380952380957
    },
    "1": {
        "train_accuracy": 0.17647058823529413,
        "train_auprc": 0.12227580677860589,
        "train_auroc": 0.2195767195767196,
        "test_source_accuracy": 0.16,
        "test_source_auprc": 0.16073232323232323,
        "test_source_auroc": 0.34523809523809523,
        "test_target_accuracy": 0.16,
        "test_target_auprc": 0.2261705685618729,
        "test_target_auroc": 0.5476190476190477
    },
    "2": {
        "train_accuracy": 0.17647058823529413,
        "train_auprc": 0.10367158418107468,
        "train_auroc": 0.0,
        "test_source_accuracy": 0.16,
        "test_source_auprc": 0.20555555555555555,
        "test_source_auroc": 0.5476190476190477,
        "test_target_accuracy": 0.16,
        "test_target_auprc": 0.5555555555555556,
        "test_target_auroc": 0.7738095238095237
    }
}