{
    "train_site": "DRIAMS-F",
    "train_years": [
        "2019"
    ],
    "test_site": "DRIAMS-E",
    "test_years": [
        "2019"
    ],
    "seed": 172,
    "model": "svm-rbf",
    "antibiotic": "Cefepime",
    "species": "Escherichia coli",
    "metadata_versions_train": {
        "2019_clean.csv": "c9c4830e6f30ecb54e329451c7ffce195bb0bfc5"
    },
    "metadata_versions_test": {
        "2019_clean.csv": "954305e482e840a815b44f310adbfdc1871bba52"
    },
    "0": {
        "train_accuracy": 1.0,
        "train_auprc": 1.0,
        "train_auroc": 1.0,
        "test_source_accuracy": 0.9230769230769231,
        "test_source_auprc": 0.3611111111111111,
        "test_source_auroc": 0.8333333333333333,
        "test_target_accuracy": 0.7307692307692307,
        "test_target_auprc": 0.10555555555555556,
        "test_target_auroc": 0.4791666666666667
    },
    "1": {
        "train_accuracy": 1.0,
        "train_auprc": 1.0,
        "train_auroc": 1.0,
        "test_source_accuracy": 0.92,
        "test_source_auprc": 0.15000000000000002,
        "test_source_auroc": 0.5217391304347826,
        "test_target_accuracy": 0.92,
        "test_target_auprc": 0.16666666666666666,
        "test_target_auroc": 0.673913043478261
    },
    "2": {
        "train_accuracy": 0.9215686274509803,
        "train_auprc": 0.05140077243018419,
        "train_auroc": 0.04255319148936171,
        "test_source_accuracy": 0.92,
        "test_source_auprc": 0.08333333333333333,
        "test_source_auroc": 0.30434782608695654,
        "test_target_accuracy": 0.92,
        "test_target_auprc": 0.12698412698412698,
        "test_target_auroc": 0.5217391304347826
    }
}