{
    "train_site": "DRIAMS-F",
    "train_years": [
        "2019"
    ],
    "test_site": "DRIAMS-E",
    "test_years": [
        "2019"
    ],
    "seed": 270,
    "model": "lr",
    "antibiotic": "Ceftriaxone",
    "species": "Escherichia coli",
    "metadata_versions_train": {
        "2019_clean.csv": "c9c4830e6f30ecb54e329451c7ffce195bb0bfc5"
    },
    "metadata_versions_test": {
        "2019_clean.csv": "954305e482e840a815b44f310adbfdc1871bba52"
    },
    "0": {
        "train_accuracy": 1.0,
        "train_auprc": 1.0,
        "train_auroc": 1.0,
        "test_source_accuracy": 0.7307692307692307,
        "test_source_auprc": 0.19166666666666665,
        "test_source_auroc": 0.6666666666666667,
        "test_target_accuracy": 0.11538461538461539,
        "test_target_auprc": 0.625,
        "test_target_auroc": 0.875
    },
    "1": {
        "train_accuracy": 1.0,
        "train_auprc": 1.0,
        "train_auroc": 1.0,
        "test_source_accuracy": 0.92,
        "test_source_auprc": 0.20833333333333331,
        "test_source_auroc": 0.7173913043478262,
        "test_target_accuracy": 0.52,
        "test_target_auprc": 0.06728778467908902,
        "test_target_auroc": 0.10869565217391308
    },
    "2": {
        "train_accuracy": 1.0,
        "train_auprc": 1.0,
        "train_auroc": 1.0,
        "test_source_accuracy": 0.52,
        "test_source_auprc": 0.12692307692307692,
        "test_source_auroc": 0.5652173913043478,
        "test_target_accuracy": 0.08,
        "test_target_auprc": 0.15000000000000002,
        "test_target_auroc": 0.5217391304347826
    }
}