{
    "train_site": "DRIAMS-E",
    "train_years": [
        "2019"
    ],
    "test_site": "DRIAMS-F",
    "test_years": [
        "2019"
    ],
    "seed": 89,
    "model": "svm-linear",
    "antibiotic": "Ciprofloxacin",
    "species": "Escherichia coli",
    "metadata_versions_train": {
        "2019_clean.csv": "954305e482e840a815b44f310adbfdc1871bba52"
    },
    "metadata_versions_test": {
        "2019_clean.csv": "c9c4830e6f30ecb54e329451c7ffce195bb0bfc5"
    },
    "0": {
        "train_accuracy": 1.0,
        "train_auprc": 0.09457170867429723,
        "train_auroc": 0.0,
        "test_source_accuracy": 0.7692307692307693,
        "test_source_auprc": 0.22045454545454546,
        "test_source_auroc": 0.5681818181818181,
        "test_target_accuracy": 0.8846153846153846,
        "test_target_auprc": 0.19150641025641024,
        "test_target_auroc": 0.36363636363636365
    },
    "1": {
        "train_accuracy": 1.0,
        "train_auprc": 0.09262173535141638,
        "train_auroc": 0.0,
        "test_source_accuracy": 0.8,
        "test_source_auprc": 0.3125,
        "test_source_auroc": 0.6071428571428571,
        "test_target_accuracy": 0.64,
        "test_target_auprc": 0.15344065656565656,
        "test_target_auroc": 0.38095238095238093
    },
    "2": {
        "train_accuracy": 0.8431372549019608,
        "train_auprc": 0.12237674096741007,
        "train_auroc": 0.311046511627907,
        "test_source_accuracy": 0.84,
        "test_source_auprc": 0.2126554001554002,
        "test_source_auroc": 0.5833333333333333,
        "test_target_accuracy": 0.84,
        "test_target_auprc": 0.5548611111111111,
        "test_target_auroc": 0.8452380952380952
    }
}