{
    "train_site": "DRIAMS-E",
    "train_years": [
        "2019"
    ],
    "test_site": "DRIAMS-F",
    "test_years": [
        "2019"
    ],
    "seed": 188,
    "model": "lr",
    "antibiotic": "Ceftriaxone",
    "species": "Escherichia coli",
    "metadata_versions_train": {
        "2019_clean.csv": "954305e482e840a815b44f310adbfdc1871bba52"
    },
    "metadata_versions_test": {
        "2019_clean.csv": "c9c4830e6f30ecb54e329451c7ffce195bb0bfc5"
    },
    "0": {
        "train_accuracy": 1.0,
        "train_auprc": 1.0,
        "train_auroc": 1.0,
        "test_source_accuracy": 0.6923076923076923,
        "test_source_auprc": 0.2916666666666667,
        "test_source_auroc": 0.5208333333333334,
        "test_target_accuracy": 0.23076923076923078,
        "test_target_auprc": 0.5454545454545454,
        "test_target_auroc": 0.5833333333333333
    },
    "1": {
        "train_accuracy": 1.0,
        "train_auprc": 1.0,
        "train_auroc": 1.0,
        "test_source_accuracy": 0.76,
        "test_source_auprc": 0.375,
        "test_source_auroc": 0.8478260869565217,
        "test_target_accuracy": 0.72,
        "test_target_auprc": 0.7,
        "test_target_auroc": 0.9347826086956521
    },
    "2": {
        "train_accuracy": 0.9215686274509803,
        "train_auprc": 0.6844827586206896,
        "train_auroc": 0.8563829787234043,
        "test_source_accuracy": 0.92,
        "test_source_auprc": 0.55,
        "test_source_auroc": 0.6086956521739131,
        "test_target_accuracy": 0.92,
        "test_target_auprc": 0.29545454545454547,
        "test_target_auroc": 0.5434782608695652
    }
}