{
    "train_site": "DRIAMS-E",
    "train_years": [
        "2019"
    ],
    "test_site": "DRIAMS-F",
    "test_years": [
        "2019"
    ],
    "seed": 480,
    "model": "rf",
    "antibiotic": "Ciprofloxacin",
    "species": "Escherichia coli",
    "metadata_versions_train": {
        "2019_clean.csv": "954305e482e840a815b44f310adbfdc1871bba52"
    },
    "metadata_versions_test": {
        "2019_clean.csv": "c9c4830e6f30ecb54e329451c7ffce195bb0bfc5"
    },
    "0": {
        "train_accuracy": 1.0,
        "train_auprc": 1.0,
        "train_auroc": 1.0,
        "test_source_accuracy": 0.8461538461538461,
        "test_source_auprc": 0.12273344302756069,
        "test_source_auroc": 0.3181818181818182,
        "test_target_accuracy": 0.8461538461538461,
        "test_target_auprc": 0.16490683229813663,
        "test_target_auroc": 0.4147727272727273
    },
    "1": {
        "train_accuracy": 1.0,
        "train_auprc": 1.0,
        "train_auroc": 1.0,
        "test_source_accuracy": 0.84,
        "test_source_auprc": 0.14625,
        "test_source_auroc": 0.3035714285714286,
        "test_target_accuracy": 0.84,
        "test_target_auprc": 0.18089912280701753,
        "test_target_auroc": 0.3035714285714286
    },
    "2": {
        "train_accuracy": 1.0,
        "train_auprc": 1.0,
        "train_auroc": 1.0,
        "test_source_accuracy": 0.84,
        "test_source_auprc": 0.2549019607843137,
        "test_source_auroc": 0.4583333333333333,
        "test_target_accuracy": 0.84,
        "test_target_auprc": 0.18289473684210525,
        "test_target_auroc": 0.4642857142857143
    }
}