{
    "train_site": "DRIAMS-E",
    "train_years": [
        "2019"
    ],
    "test_site": "DRIAMS-F",
    "test_years": [
        "2019"
    ],
    "seed": 344,
    "model": "lr",
    "antibiotic": "Ciprofloxacin",
    "species": "Staphylococcus aureus",
    "metadata_versions_train": {
        "2019_clean.csv": "954305e482e840a815b44f310adbfdc1871bba52"
    },
    "metadata_versions_test": {
        "2019_clean.csv": "c9c4830e6f30ecb54e329451c7ffce195bb0bfc5"
    },
    "0": {
        "train_accuracy": 0.9047619047619048,
        "train_auprc": 0.5082146426786607,
        "train_auroc": 0.8304093567251463,
        "test_source_accuracy": 0.90625,
        "test_source_auprc": 0.4600389863547758,
        "test_source_auroc": 0.735632183908046,
        "test_target_accuracy": 0.90625,
        "test_target_auprc": 0.367816091954023,
        "test_target_auroc": 0.6666666666666666
    },
    "1": {
        "train_accuracy": 1.0,
        "train_auprc": 1.0,
        "train_auroc": 1.0,
        "test_source_accuracy": 0.875,
        "test_source_auprc": 0.12222222222222223,
        "test_source_auroc": 0.47126436781609193,
        "test_target_accuracy": 0.90625,
        "test_target_auprc": 0.16582491582491582,
        "test_target_auroc": 0.5632183908045977
    },
    "2": {
        "train_accuracy": 0.90625,
        "train_auprc": 0.6374389499389499,
        "train_auroc": 0.7729885057471264,
        "test_source_accuracy": 0.9032258064516129,
        "test_source_auprc": 0.7435897435897436,
        "test_source_auroc": 0.8809523809523809,
        "test_target_accuracy": 0.9032258064516129,
        "test_target_auprc": 0.3492063492063492,
        "test_target_auroc": 0.8095238095238095
    }
}