{
    "train_site": "DRIAMS-F",
    "train_years": [
        "2019"
    ],
    "test_site": "DRIAMS-E",
    "test_years": [
        "2019"
    ],
    "seed": 89,
    "model": "svm-rbf",
    "antibiotic": "Oxacillin",
    "species": "Staphylococcus aureus",
    "metadata_versions_train": {
        "2019_clean.csv": "c9c4830e6f30ecb54e329451c7ffce195bb0bfc5"
    },
    "metadata_versions_test": {
        "2019_clean.csv": "954305e482e840a815b44f310adbfdc1871bba52"
    },
    "0": {
        "train_accuracy": 1.0,
        "train_auprc": 1.0,
        "train_auroc": 1.0,
        "test_source_accuracy": 0.90625,
        "test_source_auprc": 0.5912698412698412,
        "test_source_auroc": 0.7011494252873564,
        "test_target_accuracy": 0.90625,
        "test_target_auprc": 0.09995894909688013,
        "test_target_auroc": 0.3908045977011494
    },
    "1": {
        "train_accuracy": 1.0,
        "train_auprc": 1.0,
        "train_auroc": 1.0,
        "test_source_accuracy": 0.967741935483871,
        "test_source_auprc": 0.5833333333333334,
        "test_source_auroc": 0.8275862068965517,
        "test_target_accuracy": 0.9354838709677419,
        "test_target_auprc": 0.3214285714285714,
        "test_target_auroc": 0.7758620689655173
    },
    "2": {
        "train_accuracy": 0.9206349206349206,
        "train_auprc": 0.050648568004500204,
        "train_auroc": 0.06206896551724136,
        "test_source_accuracy": 0.9354838709677419,
        "test_source_auprc": 0.10476190476190475,
        "test_source_auroc": 0.41379310344827586,
        "test_target_accuracy": 0.9354838709677419,
        "test_target_auprc": 0.30952380952380953,
        "test_target_auroc": 0.8793103448275862
    }
}