{
    "train_site": "DRIAMS-E",
    "train_years": [
        "2019"
    ],
    "test_site": "DRIAMS-F",
    "test_years": [
        "2019"
    ],
    "seed": 172,
    "model": "lightgbm",
    "antibiotic": "Oxacillin",
    "species": "Staphylococcus aureus",
    "metadata_versions_train": {
        "2019_clean.csv": "954305e482e840a815b44f310adbfdc1871bba52"
    },
    "metadata_versions_test": {
        "2019_clean.csv": "c9c4830e6f30ecb54e329451c7ffce195bb0bfc5"
    },
    "0": {
        "train_accuracy": 0.7419354838709677,
        "train_auprc": 0.2,
        "train_auroc": 0.8620689655172413,
        "test_source_accuracy": 0.53125,
        "test_source_auprc": 0.08630952380952381,
        "test_source_auroc": 0.44252873563218387,
        "test_target_accuracy": 0.375,
        "test_target_auprc": 0.13043478260869565,
        "test_target_auroc": 0.6551724137931034
    },
    "1": {
        "train_accuracy": 1.0,
        "train_auprc": 1.0,
        "train_auroc": 1.0,
        "test_source_accuracy": 0.9354838709677419,
        "test_source_auprc": 0.537037037037037,
        "test_source_auroc": 0.5689655172413793,
        "test_target_accuracy": 0.9354838709677419,
        "test_target_auprc": 0.075,
        "test_target_auroc": 0.3793103448275862
    },
    "2": {
        "train_accuracy": 0.5396825396825397,
        "train_auprc": 0.14705882352941177,
        "train_auroc": 0.75,
        "test_source_accuracy": 0.5483870967741935,
        "test_source_auprc": 0.06274509803921569,
        "test_source_auroc": 0.2931034482758621,
        "test_target_accuracy": 0.5483870967741935,
        "test_target_auprc": 0.07692307692307693,
        "test_target_auroc": 0.3103448275862069
    }
}