{
    "train_site": "DRIAMS-E",
    "train_years": [
        "2019"
    ],
    "test_site": "DRIAMS-F",
    "test_years": [
        "2019"
    ],
    "seed": 545,
    "model": "svm-rbf",
    "antibiotic": "Ciprofloxacin",
    "species": "Escherichia coli",
    "metadata_versions_train": {
        "2019_clean.csv": "954305e482e840a815b44f310adbfdc1871bba52"
    },
    "metadata_versions_test": {
        "2019_clean.csv": "c9c4830e6f30ecb54e329451c7ffce195bb0bfc5"
    },
    "0": {
        "train_accuracy": 0.84,
        "train_auprc": 0.09457170867429723,
        "train_auroc": 0.0,
        "test_source_accuracy": 0.8461538461538461,
        "test_source_auprc": 0.2136705685618729,
        "test_source_auroc": 0.5568181818181818,
        "test_target_accuracy": 0.8461538461538461,
        "test_target_auprc": 0.43127705627705626,
        "test_target_auroc": 0.625
    },
    "1": {
        "train_accuracy": 0.8431372549019608,
        "train_auprc": 0.11715956475050902,
        "train_auroc": 0.27325581395348836,
        "test_source_accuracy": 0.84,
        "test_source_auprc": 0.2576048951048951,
        "test_source_auroc": 0.6666666666666666,
        "test_target_accuracy": 0.84,
        "test_target_auprc": 0.36041666666666666,
        "test_target_auroc": 0.7976190476190477
    },
    "2": {
        "train_accuracy": 0.9019607843137255,
        "train_auprc": 0.09262173535141638,
        "train_auroc": 0.0,
        "test_source_accuracy": 0.72,
        "test_source_auprc": 0.29166666666666663,
        "test_source_auroc": 0.7261904761904762,
        "test_target_accuracy": 0.24,
        "test_target_auprc": 0.59375,
        "test_target_auroc": 0.8333333333333333
    }
}