{
    "train_site": "DRIAMS-E",
    "train_years": [
        "2019"
    ],
    "test_site": "DRIAMS-F",
    "test_years": [
        "2019"
    ],
    "seed": 344,
    "model": "svm-rbf",
    "antibiotic": "Ceftriaxone",
    "species": "Escherichia coli",
    "metadata_versions_train": {
        "2019_clean.csv": "954305e482e840a815b44f310adbfdc1871bba52"
    },
    "metadata_versions_test": {
        "2019_clean.csv": "c9c4830e6f30ecb54e329451c7ffce195bb0bfc5"
    },
    "0": {
        "train_accuracy": 0.92,
        "train_auprc": 0.05167517006802721,
        "train_auroc": 0.02717391304347827,
        "test_source_accuracy": 0.9230769230769231,
        "test_source_auprc": 0.20833333333333331,
        "test_source_auroc": 0.7708333333333334,
        "test_target_accuracy": 0.9230769230769231,
        "test_target_auprc": 0.09166666666666667,
        "test_target_auroc": 0.39583333333333337
    },
    "1": {
        "train_accuracy": 1.0,
        "train_auprc": 0.0784313725490196,
        "train_auroc": 0.0,
        "test_source_accuracy": 0.92,
        "test_source_auprc": 0.10416666666666666,
        "test_source_auroc": 0.45652173913043476,
        "test_target_accuracy": 0.92,
        "test_target_auprc": 0.08116883116883117,
        "test_target_auroc": 0.28260869565217395
    },
    "2": {
        "train_accuracy": 0.9215686274509803,
        "train_auprc": 0.05262442476990796,
        "train_auroc": 0.08510638297872342,
        "test_source_accuracy": 0.92,
        "test_source_auprc": 0.07333333333333333,
        "test_source_auroc": 0.19565217391304346,
        "test_target_accuracy": 0.92,
        "test_target_auprc": 0.165,
        "test_target_auroc": 0.43478260869565216
    }
}