{
    "train_site": "DRIAMS-F",
    "train_years": [
        "2019"
    ],
    "test_site": "DRIAMS-E",
    "test_years": [
        "2019"
    ],
    "seed": 89,
    "model": "rf",
    "antibiotic": "Ciprofloxacin",
    "species": "Escherichia coli",
    "metadata_versions_train": {
        "2019_clean.csv": "c9c4830e6f30ecb54e329451c7ffce195bb0bfc5"
    },
    "metadata_versions_test": {
        "2019_clean.csv": "954305e482e840a815b44f310adbfdc1871bba52"
    },
    "0": {
        "train_accuracy": 1.0,
        "train_auprc": 1.0,
        "train_auroc": 1.0,
        "test_source_accuracy": 0.8076923076923077,
        "test_source_auprc": 0.2061012900143335,
        "test_source_auroc": 0.4428571428571429,
        "test_target_accuracy": 0.8076923076923077,
        "test_target_auprc": 0.22522429261559695,
        "test_target_auroc": 0.5190476190476191
    },
    "1": {
        "train_accuracy": 1.0,
        "train_auprc": 1.0,
        "train_auroc": 1.0,
        "test_source_accuracy": 0.84,
        "test_source_auprc": 0.16371351172047766,
        "test_source_auroc": 0.43452380952380953,
        "test_target_accuracy": 0.84,
        "test_target_auprc": 0.1672514619883041,
        "test_target_auroc": 0.4285714285714286
    },
    "2": {
        "train_accuracy": 1.0,
        "train_auprc": 1.0,
        "train_auroc": 1.0,
        "test_source_accuracy": 0.84,
        "test_source_auprc": 0.4416208791208791,
        "test_source_auroc": 0.6845238095238095,
        "test_target_accuracy": 0.84,
        "test_target_auprc": 0.2213235294117647,
        "test_target_auroc": 0.5892857142857143
    }
}