{
    "train_site": "DRIAMS-F",
    "train_years": [
        "2019"
    ],
    "test_site": "DRIAMS-E",
    "test_years": [
        "2019"
    ],
    "seed": 480,
    "model": "lightgbm",
    "antibiotic": "Oxacillin",
    "species": "Staphylococcus aureus",
    "metadata_versions_train": {
        "2019_clean.csv": "c9c4830e6f30ecb54e329451c7ffce195bb0bfc5"
    },
    "metadata_versions_test": {
        "2019_clean.csv": "954305e482e840a815b44f310adbfdc1871bba52"
    },
    "0": {
        "train_accuracy": 1.0,
        "train_auprc": 1.0,
        "train_auroc": 1.0,
        "test_source_accuracy": 0.90625,
        "test_source_auprc": 0.15274725274725276,
        "test_source_auroc": 0.5747126436781609,
        "test_target_accuracy": 0.90625,
        "test_target_auprc": 0.16220238095238093,
        "test_target_auroc": 0.5287356321839081
    },
    "1": {
        "train_accuracy": 1.0,
        "train_auprc": 1.0,
        "train_auroc": 1.0,
        "test_source_accuracy": 0.9354838709677419,
        "test_source_auprc": 0.24358974358974358,
        "test_source_auroc": 0.7758620689655172,
        "test_target_accuracy": 0.9354838709677419,
        "test_target_auprc": 0.14545454545454545,
        "test_target_auroc": 0.5862068965517241
    },
    "2": {
        "train_accuracy": 1.0,
        "train_auprc": 1.0,
        "train_auroc": 1.0,
        "test_source_accuracy": 0.9354838709677419,
        "test_source_auprc": 0.11666666666666667,
        "test_source_auroc": 0.43103448275862066,
        "test_target_accuracy": 0.9354838709677419,
        "test_target_auprc": 0.057870370370370364,
        "test_target_auroc": 0.1724137931034483
    }
}