{
    "train_site": "DRIAMS-F",
    "train_years": [
        "2019"
    ],
    "test_site": "DRIAMS-E",
    "test_years": [
        "2019"
    ],
    "seed": 409,
    "model": "lightgbm",
    "antibiotic": "Ciprofloxacin",
    "species": "Escherichia coli",
    "metadata_versions_train": {
        "2019_clean.csv": "c9c4830e6f30ecb54e329451c7ffce195bb0bfc5"
    },
    "metadata_versions_test": {
        "2019_clean.csv": "954305e482e840a815b44f310adbfdc1871bba52"
    },
    "0": {
        "train_accuracy": 0.76,
        "train_auprc": 0.4,
        "train_auroc": 0.8571428571428572,
        "test_source_accuracy": 0.5,
        "test_source_auprc": 0.23846153846153847,
        "test_source_auroc": 0.6142857142857143,
        "test_target_accuracy": 0.6153846153846154,
        "test_target_auprc": 0.18241758241758244,
        "test_target_auroc": 0.45714285714285713
    },
    "1": {
        "train_accuracy": 0.803921568627451,
        "train_auprc": 0.8181818181818182,
        "train_auroc": 0.9761904761904762,
        "test_source_accuracy": 0.64,
        "test_source_auprc": 0.1764069264069264,
        "test_source_auroc": 0.47619047619047616,
        "test_target_accuracy": 0.64,
        "test_target_auprc": 0.16999999999999998,
        "test_target_auroc": 0.34523809523809523
    },
    "2": {
        "train_accuracy": 0.8627450980392157,
        "train_auprc": 1.0,
        "train_auroc": 1.0,
        "test_source_accuracy": 0.72,
        "test_source_auprc": 0.16033653846153847,
        "test_source_auroc": 0.4226190476190476,
        "test_target_accuracy": 0.76,
        "test_target_auprc": 0.17234848484848483,
        "test_target_auroc": 0.33333333333333337
    }
}