{
    "train_site": "DRIAMS-E",
    "train_years": [
        "2019"
    ],
    "test_site": "DRIAMS-F",
    "test_years": [
        "2019"
    ],
    "seed": 188,
    "model": "lr",
    "antibiotic": "Cefepime",
    "species": "Escherichia coli",
    "metadata_versions_train": {
        "2019_clean.csv": "954305e482e840a815b44f310adbfdc1871bba52"
    },
    "metadata_versions_test": {
        "2019_clean.csv": "c9c4830e6f30ecb54e329451c7ffce195bb0bfc5"
    },
    "0": {
        "train_accuracy": 1.0,
        "train_auprc": 1.0,
        "train_auroc": 1.0,
        "test_source_accuracy": 0.7307692307692307,
        "test_source_auprc": 0.28846153846153844,
        "test_source_auroc": 0.4791666666666667,
        "test_target_accuracy": 0.3076923076923077,
        "test_target_auprc": 0.2777777777777778,
        "test_target_auroc": 0.8125
    },
    "1": {
        "train_accuracy": 0.9215686274509803,
        "train_auprc": 0.8055555555555556,
        "train_auroc": 0.925531914893617,
        "test_source_accuracy": 0.96,
        "test_source_auprc": 0.04,
        "test_source_auroc": 0.0,
        "test_target_accuracy": 0.96,
        "test_target_auprc": 0.041666666666666664,
        "test_target_auroc": 0.04166666666666663
    },
    "2": {
        "train_accuracy": 0.9411764705882353,
        "train_auprc": 0.058823529411764705,
        "train_auroc": 0.5,
        "test_source_accuracy": 0.92,
        "test_source_auprc": 0.08,
        "test_source_auroc": 0.5,
        "test_target_accuracy": 0.92,
        "test_target_auprc": 0.08,
        "test_target_auroc": 0.5
    }
}