{
    "train_site": "DRIAMS-E",
    "train_years": [
        "2019"
    ],
    "test_site": "DRIAMS-F",
    "test_years": [
        "2019"
    ],
    "seed": 172,
    "model": "svm-rbf",
    "antibiotic": "Cefepime",
    "species": "Escherichia coli",
    "metadata_versions_train": {
        "2019_clean.csv": "954305e482e840a815b44f310adbfdc1871bba52"
    },
    "metadata_versions_test": {
        "2019_clean.csv": "c9c4830e6f30ecb54e329451c7ffce195bb0bfc5"
    },
    "0": {
        "train_accuracy": 0.06,
        "train_auprc": 0.04341269841269841,
        "train_auroc": 0.09929078014184396,
        "test_source_accuracy": 0.07692307692307693,
        "test_source_auprc": 0.08846153846153847,
        "test_source_auroc": 0.375,
        "test_target_accuracy": 0.07692307692307693,
        "test_target_auprc": 0.10250000000000001,
        "test_target_auroc": 0.375
    },
    "1": {
        "train_accuracy": 0.9215686274509803,
        "train_auprc": 0.0533578431372549,
        "train_auroc": 0.10106382978723405,
        "test_source_accuracy": 0.96,
        "test_source_auprc": 0.3333333333333333,
        "test_source_auroc": 0.9166666666666666,
        "test_target_accuracy": 0.96,
        "test_target_auprc": 1.0,
        "test_target_auroc": 1.0
    },
    "2": {
        "train_accuracy": 1.0,
        "train_auprc": 1.0,
        "train_auroc": 1.0,
        "test_source_accuracy": 0.92,
        "test_source_auprc": 0.3088235294117647,
        "test_source_auroc": 0.6521739130434783,
        "test_target_accuracy": 0.52,
        "test_target_auprc": 0.08095238095238094,
        "test_target_auroc": 0.2826086956521739
    }
}