{
    "train_site": "DRIAMS-F",
    "train_years": [
        "2019"
    ],
    "test_site": "DRIAMS-E",
    "test_years": [
        "2019"
    ],
    "seed": 164,
    "model": "svm-linear",
    "antibiotic": "Oxacillin",
    "species": "Staphylococcus aureus",
    "metadata_versions_train": {
        "2019_clean.csv": "c9c4830e6f30ecb54e329451c7ffce195bb0bfc5"
    },
    "metadata_versions_test": {
        "2019_clean.csv": "954305e482e840a815b44f310adbfdc1871bba52"
    },
    "0": {
        "train_accuracy": 0.9838709677419355,
        "train_auprc": 1.0,
        "train_auroc": 1.0,
        "test_source_accuracy": 0.90625,
        "test_source_auprc": 0.6222222222222222,
        "test_source_auroc": 0.8505747126436782,
        "test_target_accuracy": 0.90625,
        "test_target_auprc": 0.21003584229390682,
        "test_target_auroc": 0.5632183908045977
    },
    "1": {
        "train_accuracy": 0.9841269841269841,
        "train_auprc": 1.0,
        "train_auroc": 1.0,
        "test_source_accuracy": 0.8709677419354839,
        "test_source_auprc": 0.1534090909090909,
        "test_source_auroc": 0.7241379310344828,
        "test_target_accuracy": 0.9354838709677419,
        "test_target_auprc": 0.12237762237762238,
        "test_target_auroc": 0.6379310344827587
    },
    "2": {
        "train_accuracy": 1.0,
        "train_auprc": 1.0,
        "train_auroc": 1.0,
        "test_source_accuracy": 0.9354838709677419,
        "test_source_auprc": 0.2857142857142857,
        "test_source_auroc": 0.5344827586206897,
        "test_target_accuracy": 0.9354838709677419,
        "test_target_auprc": 0.10591133004926108,
        "test_target_auroc": 0.4310344827586207
    }
}