{
    "train_site": "DRIAMS-E",
    "train_years": [
        "2019"
    ],
    "test_site": "DRIAMS-F",
    "test_years": [
        "2019"
    ],
    "seed": 89,
    "model": "svm-rbf",
    "antibiotic": "Ciprofloxacin",
    "species": "Escherichia coli",
    "metadata_versions_train": {
        "2019_clean.csv": "954305e482e840a815b44f310adbfdc1871bba52"
    },
    "metadata_versions_test": {
        "2019_clean.csv": "c9c4830e6f30ecb54e329451c7ffce195bb0bfc5"
    },
    "0": {
        "train_accuracy": 1.0,
        "train_auprc": 0.09457170867429723,
        "train_auroc": 0.0,
        "test_source_accuracy": 0.8461538461538461,
        "test_source_auprc": 0.3038949275362319,
        "test_source_auroc": 0.6590909090909091,
        "test_target_accuracy": 0.8461538461538461,
        "test_target_auprc": 0.31728778467908897,
        "test_target_auroc": 0.6704545454545455
    },
    "1": {
        "train_accuracy": 1.0,
        "train_auprc": 0.09262173535141638,
        "train_auroc": 0.0,
        "test_source_accuracy": 0.88,
        "test_source_auprc": 0.4983333333333333,
        "test_source_auroc": 0.5595238095238095,
        "test_target_accuracy": 0.84,
        "test_target_auprc": 0.13757350106034316,
        "test_target_auroc": 0.29761904761904767
    },
    "2": {
        "train_accuracy": 0.8431372549019608,
        "train_auprc": 0.09262173535141638,
        "train_auroc": 0.0,
        "test_source_accuracy": 0.84,
        "test_source_auprc": 0.20235320235320237,
        "test_source_auroc": 0.5595238095238095,
        "test_target_accuracy": 0.84,
        "test_target_auprc": 0.4513888888888889,
        "test_target_auroc": 0.6904761904761905
    }
}