{
    "train_site": "DRIAMS-F",
    "train_years": [
        "2019"
    ],
    "test_site": "DRIAMS-E",
    "test_years": [
        "2019"
    ],
    "seed": 89,
    "model": "lr",
    "antibiotic": "Ciprofloxacin",
    "species": "Staphylococcus aureus",
    "metadata_versions_train": {
        "2019_clean.csv": "c9c4830e6f30ecb54e329451c7ffce195bb0bfc5"
    },
    "metadata_versions_test": {
        "2019_clean.csv": "954305e482e840a815b44f310adbfdc1871bba52"
    },
    "0": {
        "train_accuracy": 0.9047619047619048,
        "train_auprc": 0.09523809523809523,
        "train_auroc": 0.5,
        "test_source_accuracy": 0.90625,
        "test_source_auprc": 0.09375,
        "test_source_auroc": 0.5,
        "test_target_accuracy": 0.90625,
        "test_target_auprc": 0.09375,
        "test_target_auroc": 0.5
    },
    "1": {
        "train_accuracy": 0.9047619047619048,
        "train_auprc": 0.9166666666666666,
        "train_auroc": 0.9824561403508771,
        "test_source_accuracy": 0.90625,
        "test_source_auprc": 0.11196969696969697,
        "test_source_auroc": 0.43678160919540227,
        "test_target_accuracy": 0.90625,
        "test_target_auprc": 0.1273015873015873,
        "test_target_auroc": 0.47126436781609193
    },
    "2": {
        "train_accuracy": 0.90625,
        "train_auprc": 0.5041025641025642,
        "train_auroc": 0.8850574712643678,
        "test_source_accuracy": 0.9032258064516129,
        "test_source_auprc": 0.13170498084291188,
        "test_source_auroc": 0.4642857142857142,
        "test_target_accuracy": 0.9032258064516129,
        "test_target_auprc": 0.21190476190476187,
        "test_target_auroc": 0.5833333333333333
    }
}