{
    "train_site": "DRIAMS-F",
    "train_years": [
        "2019"
    ],
    "test_site": "DRIAMS-E",
    "test_years": [
        "2019"
    ],
    "seed": 409,
    "model": "lr",
    "antibiotic": "Oxacillin",
    "species": "Staphylococcus aureus",
    "metadata_versions_train": {
        "2019_clean.csv": "c9c4830e6f30ecb54e329451c7ffce195bb0bfc5"
    },
    "metadata_versions_test": {
        "2019_clean.csv": "954305e482e840a815b44f310adbfdc1871bba52"
    },
    "0": {
        "train_accuracy": 0.9354838709677419,
        "train_auprc": 0.6306818181818181,
        "train_auroc": 0.9137931034482759,
        "test_source_accuracy": 0.90625,
        "test_source_auprc": 0.17735042735042736,
        "test_source_auroc": 0.45977011494252873,
        "test_target_accuracy": 0.90625,
        "test_target_auprc": 0.18865740740740738,
        "test_target_auroc": 0.5517241379310345
    },
    "1": {
        "train_accuracy": 1.0,
        "train_auprc": 1.0,
        "train_auroc": 1.0,
        "test_source_accuracy": 0.9354838709677419,
        "test_source_auprc": 1.0,
        "test_source_auroc": 1.0,
        "test_target_accuracy": 0.9354838709677419,
        "test_target_auprc": 0.09166666666666667,
        "test_target_auroc": 0.4655172413793104
    },
    "2": {
        "train_accuracy": 1.0,
        "train_auprc": 1.0,
        "train_auroc": 1.0,
        "test_source_accuracy": 0.967741935483871,
        "test_source_auprc": 0.5344827586206896,
        "test_source_auroc": 0.5344827586206897,
        "test_target_accuracy": 0.9354838709677419,
        "test_target_auprc": 0.07692307692307693,
        "test_target_auroc": 0.3793103448275862
    }
}