{
    "train_site": "DRIAMS-E",
    "train_years": [
        "2019"
    ],
    "test_site": "DRIAMS-F",
    "test_years": [
        "2019"
    ],
    "seed": 344,
    "model": "svm-rbf",
    "antibiotic": "Ciprofloxacin",
    "species": "Staphylococcus aureus",
    "metadata_versions_train": {
        "2019_clean.csv": "954305e482e840a815b44f310adbfdc1871bba52"
    },
    "metadata_versions_test": {
        "2019_clean.csv": "c9c4830e6f30ecb54e329451c7ffce195bb0bfc5"
    },
    "0": {
        "train_accuracy": 0.9047619047619048,
        "train_auprc": 0.06452729072221597,
        "train_auroc": 0.16959064327485382,
        "test_source_accuracy": 0.90625,
        "test_source_auprc": 0.08283730158730158,
        "test_source_auroc": 0.26436781609195403,
        "test_target_accuracy": 0.90625,
        "test_target_auprc": 0.1385799035965888,
        "test_target_auroc": 0.3333333333333333
    },
    "1": {
        "train_accuracy": 0.9047619047619048,
        "train_auprc": 0.06358255686607772,
        "train_auroc": 0.15204678362573099,
        "test_source_accuracy": 0.90625,
        "test_source_auprc": 0.16635768137436657,
        "test_source_auroc": 0.3448275862068965,
        "test_target_accuracy": 0.90625,
        "test_target_auprc": 0.08981884057971015,
        "test_target_auroc": 0.3333333333333333
    },
    "2": {
        "train_accuracy": 0.90625,
        "train_auprc": 0.06464849828820417,
        "train_auroc": 0.1839080459770115,
        "test_source_accuracy": 0.9032258064516129,
        "test_source_auprc": 0.07377210603017055,
        "test_source_auroc": 0.14285714285714285,
        "test_target_accuracy": 0.9032258064516129,
        "test_target_auprc": 0.1187037037037037,
        "test_target_auroc": 0.47619047619047616
    }
}