{
    "train_site": "DRIAMS-E",
    "train_years": [
        "2019"
    ],
    "test_site": "DRIAMS-F",
    "test_years": [
        "2019"
    ],
    "seed": 344,
    "model": "svm-linear",
    "antibiotic": "Cefepime",
    "species": "Escherichia coli",
    "metadata_versions_train": {
        "2019_clean.csv": "954305e482e840a815b44f310adbfdc1871bba52"
    },
    "metadata_versions_test": {
        "2019_clean.csv": "c9c4830e6f30ecb54e329451c7ffce195bb0bfc5"
    },
    "0": {
        "train_accuracy": 1.0,
        "train_auprc": 1.0,
        "train_auroc": 1.0,
        "test_source_accuracy": 0.8846153846153846,
        "test_source_auprc": 0.08166666666666667,
        "test_source_auroc": 0.29166666666666663,
        "test_target_accuracy": 0.9230769230769231,
        "test_target_auprc": 0.09401709401709402,
        "test_target_auroc": 0.33333333333333337
    },
    "1": {
        "train_accuracy": 0.9411764705882353,
        "train_auprc": 0.8333333333333333,
        "train_auroc": 0.9574468085106382,
        "test_source_accuracy": 0.84,
        "test_source_auprc": 0.1111111111111111,
        "test_source_auroc": 0.6666666666666667,
        "test_target_accuracy": 0.92,
        "test_target_auprc": 0.16666666666666666,
        "test_target_auroc": 0.7916666666666666
    },
    "2": {
        "train_accuracy": 0.9411764705882353,
        "train_auprc": 0.0468028703322821,
        "train_auroc": 0.18749999999999997,
        "test_source_accuracy": 0.92,
        "test_source_auprc": 0.18253968253968253,
        "test_source_auroc": 0.717391304347826,
        "test_target_accuracy": 0.92,
        "test_target_auprc": 0.165,
        "test_target_auroc": 0.43478260869565216
    }
}