{
    "train_site": "DRIAMS-E",
    "train_years": [
        "2019"
    ],
    "test_site": "DRIAMS-F",
    "test_years": [
        "2019"
    ],
    "seed": 545,
    "model": "lightgbm",
    "antibiotic": "Cefepime",
    "species": "Escherichia coli",
    "metadata_versions_train": {
        "2019_clean.csv": "954305e482e840a815b44f310adbfdc1871bba52"
    },
    "metadata_versions_test": {
        "2019_clean.csv": "c9c4830e6f30ecb54e329451c7ffce195bb0bfc5"
    },
    "0": {
        "train_accuracy": 1.0,
        "train_auprc": 1.0,
        "train_auroc": 1.0,
        "test_source_accuracy": 0.9230769230769231,
        "test_source_auprc": 0.5384615384615384,
        "test_source_auroc": 0.5,
        "test_target_accuracy": 0.9230769230769231,
        "test_target_auprc": 0.12179487179487179,
        "test_target_auroc": 0.3958333333333333
    },
    "1": {
        "train_accuracy": 1.0,
        "train_auprc": 1.0,
        "train_auroc": 1.0,
        "test_source_accuracy": 0.8,
        "test_source_auprc": 0.041666666666666664,
        "test_source_auroc": 0.04166666666666663,
        "test_target_accuracy": 0.64,
        "test_target_auprc": 0.2,
        "test_target_auroc": 0.8333333333333334
    },
    "2": {
        "train_accuracy": 0.9607843137254902,
        "train_auprc": 1.0,
        "train_auroc": 0.9999999999999999,
        "test_source_accuracy": 0.96,
        "test_source_auprc": 0.5714285714285714,
        "test_source_auroc": 0.7608695652173914,
        "test_target_accuracy": 0.48,
        "test_target_auprc": 0.12142857142857143,
        "test_target_auroc": 0.5108695652173914
    }
}