{
    "train_site": "DRIAMS-F",
    "train_years": [
        "2019"
    ],
    "test_site": "DRIAMS-E",
    "test_years": [
        "2019"
    ],
    "seed": 344,
    "model": "lr",
    "antibiotic": "Ceftriaxone",
    "species": "Escherichia coli",
    "metadata_versions_train": {
        "2019_clean.csv": "c9c4830e6f30ecb54e329451c7ffce195bb0bfc5"
    },
    "metadata_versions_test": {
        "2019_clean.csv": "954305e482e840a815b44f310adbfdc1871bba52"
    },
    "0": {
        "train_accuracy": 1.0,
        "train_auprc": 1.0,
        "train_auroc": 1.0,
        "test_source_accuracy": 0.46153846153846156,
        "test_source_auprc": 0.10049019607843138,
        "test_source_auroc": 0.45833333333333337,
        "test_target_accuracy": 0.07692307692307693,
        "test_target_auprc": 0.12142857142857143,
        "test_target_auroc": 0.5
    },
    "1": {
        "train_accuracy": 0.9215686274509803,
        "train_auprc": 0.0784313725490196,
        "train_auroc": 0.5,
        "test_source_accuracy": 0.92,
        "test_source_auprc": 0.08,
        "test_source_auroc": 0.5,
        "test_target_accuracy": 0.92,
        "test_target_auprc": 0.08,
        "test_target_auroc": 0.5
    },
    "2": {
        "train_accuracy": 1.0,
        "train_auprc": 1.0,
        "train_auroc": 1.0,
        "test_source_accuracy": 0.64,
        "test_source_auprc": 0.26666666666666666,
        "test_source_auroc": 0.782608695652174,
        "test_target_accuracy": 0.12,
        "test_target_auprc": 0.12222222222222222,
        "test_target_auroc": 0.5434782608695652
    }
}