{
    "train_site": "DRIAMS-F",
    "train_years": [
        "2019"
    ],
    "test_site": "DRIAMS-E",
    "test_years": [
        "2019"
    ],
    "seed": 89,
    "model": "svm-linear",
    "antibiotic": "Ciprofloxacin",
    "species": "Staphylococcus aureus",
    "metadata_versions_train": {
        "2019_clean.csv": "c9c4830e6f30ecb54e329451c7ffce195bb0bfc5"
    },
    "metadata_versions_test": {
        "2019_clean.csv": "954305e482e840a815b44f310adbfdc1871bba52"
    },
    "0": {
        "train_accuracy": 0.9365079365079365,
        "train_auprc": 0.057099451902551945,
        "train_auroc": 0.0,
        "test_source_accuracy": 0.9375,
        "test_source_auprc": 0.07507183908045977,
        "test_source_auroc": 0.1839080459770115,
        "test_target_accuracy": 0.8125,
        "test_target_auprc": 0.07466736694677871,
        "test_target_auroc": 0.1839080459770115
    },
    "1": {
        "train_accuracy": 0.873015873015873,
        "train_auprc": 1.0,
        "train_auroc": 1.0,
        "test_source_accuracy": 0.75,
        "test_source_auprc": 0.13064327485380117,
        "test_source_auroc": 0.49425287356321834,
        "test_target_accuracy": 0.375,
        "test_target_auprc": 0.11936507936507937,
        "test_target_auroc": 0.45977011494252873
    },
    "2": {
        "train_accuracy": 0.921875,
        "train_auprc": 0.6763888888888889,
        "train_auroc": 0.9396551724137931,
        "test_source_accuracy": 0.8064516129032258,
        "test_source_auprc": 0.15555555555555556,
        "test_source_auroc": 0.6071428571428571,
        "test_target_accuracy": 0.9032258064516129,
        "test_target_auprc": 0.12735042735042734,
        "test_target_auroc": 0.45238095238095233
    }
}