{
    "train_site": "DRIAMS-E",
    "train_years": [
        "2019"
    ],
    "test_site": "DRIAMS-F",
    "test_years": [
        "2019"
    ],
    "seed": 409,
    "model": "lightgbm",
    "antibiotic": "Oxacillin",
    "species": "Staphylococcus aureus",
    "metadata_versions_train": {
        "2019_clean.csv": "954305e482e840a815b44f310adbfdc1871bba52"
    },
    "metadata_versions_test": {
        "2019_clean.csv": "c9c4830e6f30ecb54e329451c7ffce195bb0bfc5"
    },
    "0": {
        "train_accuracy": 0.6774193548387096,
        "train_auprc": 0.16666666666666666,
        "train_auroc": 0.8275862068965517,
        "test_source_accuracy": 0.4375,
        "test_source_auprc": 0.0821078431372549,
        "test_source_auroc": 0.3908045977011494,
        "test_target_accuracy": 0.5,
        "test_target_auprc": 0.1096813725490196,
        "test_target_auroc": 0.5747126436781609
    },
    "1": {
        "train_accuracy": 0.7619047619047619,
        "train_auprc": 1.0,
        "train_auroc": 1.0,
        "test_source_accuracy": 0.6129032258064516,
        "test_source_auprc": 0.05714285714285714,
        "test_source_auroc": 0.23275862068965514,
        "test_target_accuracy": 0.6451612903225806,
        "test_target_auprc": 0.25757575757575757,
        "test_target_auroc": 0.853448275862069
    },
    "2": {
        "train_accuracy": 0.6349206349206349,
        "train_auprc": 0.0734920634920635,
        "train_auroc": 0.4362068965517241,
        "test_source_accuracy": 0.5483870967741935,
        "test_source_auprc": 0.06797235023041474,
        "test_source_auroc": 0.5258620689655172,
        "test_target_accuracy": 0.6129032258064516,
        "test_target_auprc": 0.07392473118279569,
        "test_target_auroc": 0.560344827586207
    }
}