{
    "train_site": "DRIAMS-E",
    "train_years": [
        "2019"
    ],
    "test_site": "DRIAMS-F",
    "test_years": [
        "2019"
    ],
    "seed": 35,
    "model": "svm-linear",
    "antibiotic": "Oxacillin",
    "species": "Staphylococcus aureus",
    "metadata_versions_train": {
        "2019_clean.csv": "954305e482e840a815b44f310adbfdc1871bba52"
    },
    "metadata_versions_test": {
        "2019_clean.csv": "c9c4830e6f30ecb54e329451c7ffce195bb0bfc5"
    },
    "0": {
        "train_accuracy": 0.9354838709677419,
        "train_auprc": 0.04306640982276191,
        "train_auroc": 0.07758620689655174,
        "test_source_accuracy": 0.90625,
        "test_source_auprc": 0.18966547192353644,
        "test_source_auroc": 0.5632183908045976,
        "test_target_accuracy": 0.90625,
        "test_target_auprc": 0.175,
        "test_target_auroc": 0.6206896551724137
    },
    "1": {
        "train_accuracy": 0.8412698412698413,
        "train_auprc": 0.04891533755626828,
        "train_auroc": 0.013793103448275869,
        "test_source_accuracy": 0.7419354838709677,
        "test_source_auprc": 0.13333333333333333,
        "test_source_auroc": 0.6724137931034483,
        "test_target_accuracy": 0.8709677419354839,
        "test_target_auprc": 0.13942307692307693,
        "test_target_auroc": 0.6896551724137931
    },
    "2": {
        "train_accuracy": 0.9206349206349206,
        "train_auprc": 0.0613952892985151,
        "train_auroc": 0.23448275862068965,
        "test_source_accuracy": 0.9354838709677419,
        "test_source_auprc": 0.05964912280701754,
        "test_source_auroc": 0.2068965517241379,
        "test_target_accuracy": 0.9354838709677419,
        "test_target_auprc": 0.05964912280701754,
        "test_target_auroc": 0.2068965517241379
    }
}