{
    "train_site": "DRIAMS-F",
    "train_years": [
        "2019"
    ],
    "test_site": "DRIAMS-E",
    "test_years": [
        "2019"
    ],
    "seed": 344,
    "model": "lr",
    "antibiotic": "Ciprofloxacin",
    "species": "Escherichia coli",
    "metadata_versions_train": {
        "2019_clean.csv": "c9c4830e6f30ecb54e329451c7ffce195bb0bfc5"
    },
    "metadata_versions_test": {
        "2019_clean.csv": "954305e482e840a815b44f310adbfdc1871bba52"
    },
    "0": {
        "train_accuracy": 1.0,
        "train_auprc": 1.0,
        "train_auroc": 1.0,
        "test_source_accuracy": 0.7307692307692307,
        "test_source_auprc": 0.31222222222222223,
        "test_source_auroc": 0.6476190476190478,
        "test_target_accuracy": 0.6153846153846154,
        "test_target_auprc": 0.2625350140056022,
        "test_target_auroc": 0.5904761904761905
    },
    "1": {
        "train_accuracy": 1.0,
        "train_auprc": 1.0,
        "train_auroc": 1.0,
        "test_source_accuracy": 0.72,
        "test_source_auprc": 0.1973651960784314,
        "test_source_auroc": 0.5238095238095238,
        "test_target_accuracy": 0.56,
        "test_target_auprc": 0.20239898989898988,
        "test_target_auroc": 0.5595238095238095
    },
    "2": {
        "train_accuracy": 1.0,
        "train_auprc": 1.0,
        "train_auroc": 1.0,
        "test_source_accuracy": 0.4,
        "test_source_auprc": 0.1829555860805861,
        "test_source_auroc": 0.4642857142857143,
        "test_target_accuracy": 0.4,
        "test_target_auprc": 0.16904761904761906,
        "test_target_auroc": 0.4523809523809524
    }
}