{
    "train_site": "DRIAMS-E",
    "train_years": [
        "2019"
    ],
    "test_site": "DRIAMS-F",
    "test_years": [
        "2019"
    ],
    "seed": 409,
    "model": "rf",
    "antibiotic": "Ciprofloxacin",
    "species": "Staphylococcus aureus",
    "metadata_versions_train": {
        "2019_clean.csv": "954305e482e840a815b44f310adbfdc1871bba52"
    },
    "metadata_versions_test": {
        "2019_clean.csv": "c9c4830e6f30ecb54e329451c7ffce195bb0bfc5"
    },
    "0": {
        "train_accuracy": 1.0,
        "train_auprc": 1.0,
        "train_auroc": 1.0,
        "test_source_accuracy": 0.90625,
        "test_source_auprc": 0.10539074960127592,
        "test_source_auroc": 0.5402298850574713,
        "test_target_accuracy": 0.90625,
        "test_target_auprc": 0.13381410256410256,
        "test_target_auroc": 0.47126436781609193
    },
    "1": {
        "train_accuracy": 1.0,
        "train_auprc": 1.0,
        "train_auroc": 1.0,
        "test_source_accuracy": 0.90625,
        "test_source_auprc": 0.3984126984126984,
        "test_source_auroc": 0.49425287356321834,
        "test_target_accuracy": 0.90625,
        "test_target_auprc": 0.1878136200716846,
        "test_target_auroc": 0.5287356321839081
    },
    "2": {
        "train_accuracy": 1.0,
        "train_auprc": 1.0,
        "train_auroc": 1.0,
        "test_source_accuracy": 0.9032258064516129,
        "test_source_auprc": 0.12928571428571428,
        "test_source_auroc": 0.5773809523809523,
        "test_target_accuracy": 0.9032258064516129,
        "test_target_auprc": 0.14387464387464388,
        "test_target_auroc": 0.6666666666666666
    }
}