{
    "train_site": "DRIAMS-F",
    "train_years": [
        "2019"
    ],
    "test_site": "DRIAMS-E",
    "test_years": [
        "2019"
    ],
    "seed": 35,
    "model": "svm-linear",
    "antibiotic": "Ciprofloxacin",
    "species": "Escherichia coli",
    "metadata_versions_train": {
        "2019_clean.csv": "c9c4830e6f30ecb54e329451c7ffce195bb0bfc5"
    },
    "metadata_versions_test": {
        "2019_clean.csv": "954305e482e840a815b44f310adbfdc1871bba52"
    },
    "0": {
        "train_accuracy": 0.84,
        "train_auprc": 0.10616631963721891,
        "train_auroc": 0.16071428571428573,
        "test_source_accuracy": 0.8076923076923077,
        "test_source_auprc": 0.5565734989648032,
        "test_source_auroc": 0.6190476190476191,
        "test_target_accuracy": 0.8076923076923077,
        "test_target_auprc": 0.46702865761689294,
        "test_target_auroc": 0.7142857142857143
    },
    "1": {
        "train_accuracy": 1.0,
        "train_auprc": 1.0,
        "train_auroc": 1.0,
        "test_source_accuracy": 0.84,
        "test_source_auprc": 0.20535714285714285,
        "test_source_auroc": 0.5119047619047619,
        "test_target_accuracy": 0.68,
        "test_target_auprc": 0.23095238095238096,
        "test_target_auroc": 0.5595238095238095
    },
    "2": {
        "train_accuracy": 0.8823529411764706,
        "train_auprc": 0.10771278885089627,
        "train_auroc": 0.082010582010582,
        "test_source_accuracy": 0.76,
        "test_source_auprc": 0.2093253968253968,
        "test_source_auroc": 0.5714285714285714,
        "test_target_accuracy": 0.8,
        "test_target_auprc": 0.17839105339105338,
        "test_target_auroc": 0.4285714285714286
    }
}