{
    "train_site": "DRIAMS-F",
    "train_years": [
        "2019"
    ],
    "test_site": "DRIAMS-E",
    "test_years": [
        "2019"
    ],
    "seed": 480,
    "model": "lr",
    "antibiotic": "Oxacillin",
    "species": "Staphylococcus aureus",
    "metadata_versions_train": {
        "2019_clean.csv": "c9c4830e6f30ecb54e329451c7ffce195bb0bfc5"
    },
    "metadata_versions_test": {
        "2019_clean.csv": "954305e482e840a815b44f310adbfdc1871bba52"
    },
    "0": {
        "train_accuracy": 1.0,
        "train_auprc": 1.0,
        "train_auroc": 1.0,
        "test_source_accuracy": 0.65625,
        "test_source_auprc": 0.5990338164251208,
        "test_source_auroc": 0.7586206896551724,
        "test_target_accuracy": 0.6875,
        "test_target_auprc": 0.18611111111111112,
        "test_target_auroc": 0.5057471264367817
    },
    "1": {
        "train_accuracy": 1.0,
        "train_auprc": 1.0,
        "train_auroc": 1.0,
        "test_source_accuracy": 0.967741935483871,
        "test_source_auprc": 0.8333333333333333,
        "test_source_auroc": 0.9827586206896552,
        "test_target_accuracy": 0.9354838709677419,
        "test_target_auprc": 0.3026315789473684,
        "test_target_auroc": 0.6896551724137931
    },
    "2": {
        "train_accuracy": 1.0,
        "train_auprc": 1.0,
        "train_auroc": 1.0,
        "test_source_accuracy": 0.8387096774193549,
        "test_source_auprc": 0.6428571428571428,
        "test_source_auroc": 0.9137931034482758,
        "test_target_accuracy": 0.9354838709677419,
        "test_target_auprc": 0.06728778467908902,
        "test_target_auroc": 0.29310344827586204
    }
}