{
    "train_site": "DRIAMS-F",
    "train_years": [
        "2019"
    ],
    "test_site": "DRIAMS-E",
    "test_years": [
        "2019"
    ],
    "seed": 35,
    "model": "svm-linear",
    "antibiotic": "Oxacillin",
    "species": "Staphylococcus aureus",
    "metadata_versions_train": {
        "2019_clean.csv": "c9c4830e6f30ecb54e329451c7ffce195bb0bfc5"
    },
    "metadata_versions_test": {
        "2019_clean.csv": "954305e482e840a815b44f310adbfdc1871bba52"
    },
    "0": {
        "train_accuracy": 1.0,
        "train_auprc": 1.0,
        "train_auroc": 1.0,
        "test_source_accuracy": 0.90625,
        "test_source_auprc": 0.3526315789473684,
        "test_source_auroc": 0.7701149425287356,
        "test_target_accuracy": 0.90625,
        "test_target_auprc": 0.10305958132045087,
        "test_target_auroc": 0.3908045977011494
    },
    "1": {
        "train_accuracy": 1.0,
        "train_auprc": 1.0,
        "train_auroc": 1.0,
        "test_source_accuracy": 0.9354838709677419,
        "test_source_auprc": 0.75,
        "test_source_auroc": 0.9655172413793103,
        "test_target_accuracy": 0.9354838709677419,
        "test_target_auprc": 0.14285714285714285,
        "test_target_auroc": 0.6896551724137931
    },
    "2": {
        "train_accuracy": 0.9841269841269841,
        "train_auprc": 0.71,
        "train_auroc": 0.9827586206896551,
        "test_source_accuracy": 0.967741935483871,
        "test_source_auprc": 0.8333333333333333,
        "test_source_auroc": 0.9827586206896552,
        "test_target_accuracy": 0.9354838709677419,
        "test_target_auprc": 0.05300127713920817,
        "test_target_auroc": 0.08620689655172414
    }
}