{
    "train_site": "DRIAMS-E",
    "train_years": [
        "2019"
    ],
    "test_site": "DRIAMS-F",
    "test_years": [
        "2019"
    ],
    "seed": 270,
    "model": "lr",
    "antibiotic": "Cefepime",
    "species": "Escherichia coli",
    "metadata_versions_train": {
        "2019_clean.csv": "954305e482e840a815b44f310adbfdc1871bba52"
    },
    "metadata_versions_test": {
        "2019_clean.csv": "c9c4830e6f30ecb54e329451c7ffce195bb0bfc5"
    },
    "0": {
        "train_accuracy": 0.94,
        "train_auprc": 0.6989247311827957,
        "train_auroc": 0.801418439716312,
        "test_source_accuracy": 0.9230769230769231,
        "test_source_auprc": 0.5555555555555556,
        "test_source_auroc": 0.6666666666666667,
        "test_target_accuracy": 0.9230769230769231,
        "test_target_auprc": 0.19166666666666665,
        "test_target_auroc": 0.6666666666666667
    },
    "1": {
        "train_accuracy": 0.9215686274509803,
        "train_auprc": 0.724537037037037,
        "train_auroc": 0.8723404255319149,
        "test_source_accuracy": 0.96,
        "test_source_auprc": 0.043478260869565216,
        "test_source_auroc": 0.08333333333333337,
        "test_target_accuracy": 0.96,
        "test_target_auprc": 0.04,
        "test_target_auroc": 0.0
    },
    "2": {
        "train_accuracy": 0.9411764705882353,
        "train_auprc": 0.058823529411764705,
        "train_auroc": 0.5,
        "test_source_accuracy": 0.92,
        "test_source_auprc": 0.08,
        "test_source_auroc": 0.5,
        "test_target_accuracy": 0.92,
        "test_target_auprc": 0.08,
        "test_target_auroc": 0.5
    }
}