{
    "train_site": "DRIAMS-F",
    "train_years": [
        "2019"
    ],
    "test_site": "DRIAMS-E",
    "test_years": [
        "2019"
    ],
    "seed": 35,
    "model": "svm-linear",
    "antibiotic": "Cefepime",
    "species": "Escherichia coli",
    "metadata_versions_train": {
        "2019_clean.csv": "c9c4830e6f30ecb54e329451c7ffce195bb0bfc5"
    },
    "metadata_versions_test": {
        "2019_clean.csv": "954305e482e840a815b44f310adbfdc1871bba52"
    },
    "0": {
        "train_accuracy": 1.0,
        "train_auprc": 1.0,
        "train_auroc": 1.0,
        "test_source_accuracy": 0.9230769230769231,
        "test_source_auprc": 0.16666666666666666,
        "test_source_auroc": 0.6874999999999999,
        "test_target_accuracy": 0.8846153846153846,
        "test_target_auprc": 0.45,
        "test_target_auroc": 0.9166666666666666
    },
    "1": {
        "train_accuracy": 1.0,
        "train_auprc": 0.050020258103241295,
        "train_auroc": 0.0,
        "test_source_accuracy": 0.92,
        "test_source_auprc": 0.07107843137254902,
        "test_source_auroc": 0.17391304347826086,
        "test_target_accuracy": 0.92,
        "test_target_auprc": 0.1625,
        "test_target_auroc": 0.6086956521739131
    },
    "2": {
        "train_accuracy": 1.0,
        "train_auprc": 1.0,
        "train_auroc": 1.0,
        "test_source_accuracy": 0.92,
        "test_source_auprc": 0.21666666666666667,
        "test_source_auroc": 0.5652173913043478,
        "test_target_accuracy": 0.76,
        "test_target_auprc": 0.15476190476190477,
        "test_target_auroc": 0.6304347826086957
    }
}