{
    "train_site": "DRIAMS-E",
    "train_years": [
        "2019"
    ],
    "test_site": "DRIAMS-F",
    "test_years": [
        "2019"
    ],
    "seed": 480,
    "model": "svm-linear",
    "antibiotic": "Ceftriaxone",
    "species": "Escherichia coli",
    "metadata_versions_train": {
        "2019_clean.csv": "954305e482e840a815b44f310adbfdc1871bba52"
    },
    "metadata_versions_test": {
        "2019_clean.csv": "c9c4830e6f30ecb54e329451c7ffce195bb0bfc5"
    },
    "0": {
        "train_accuracy": 0.88,
        "train_auprc": 0.05140460729746444,
        "train_auroc": 0.016304347826086946,
        "test_source_accuracy": 0.7307692307692307,
        "test_source_auprc": 0.07393483709273183,
        "test_source_auroc": 0.22916666666666669,
        "test_target_accuracy": 0.34615384615384615,
        "test_target_auprc": 0.15263157894736842,
        "test_target_auroc": 0.5625
    },
    "1": {
        "train_accuracy": 0.9215686274509803,
        "train_auprc": 0.05589407502131287,
        "train_auroc": 0.13829787234042554,
        "test_source_accuracy": 0.92,
        "test_source_auprc": 0.11490683229813664,
        "test_source_auroc": 0.4130434782608696,
        "test_target_accuracy": 0.92,
        "test_target_auprc": 0.07919254658385093,
        "test_target_auroc": 0.26086956521739135
    },
    "2": {
        "train_accuracy": 0.9019607843137255,
        "train_auprc": 1.0,
        "train_auroc": 1.0,
        "test_source_accuracy": 0.8,
        "test_source_auprc": 0.19166666666666665,
        "test_source_auroc": 0.6521739130434783,
        "test_target_accuracy": 0.96,
        "test_target_auprc": 0.5588235294117647,
        "test_target_auroc": 0.6739130434782609
    }
}