{
    "train_site": "DRIAMS-E",
    "train_years": [
        "2019"
    ],
    "test_site": "DRIAMS-F",
    "test_years": [
        "2019"
    ],
    "seed": 35,
    "model": "rf",
    "antibiotic": "Oxacillin",
    "species": "Staphylococcus aureus",
    "metadata_versions_train": {
        "2019_clean.csv": "954305e482e840a815b44f310adbfdc1871bba52"
    },
    "metadata_versions_test": {
        "2019_clean.csv": "c9c4830e6f30ecb54e329451c7ffce195bb0bfc5"
    },
    "0": {
        "train_accuracy": 1.0,
        "train_auprc": 1.0,
        "train_auroc": 1.0,
        "test_source_accuracy": 0.90625,
        "test_source_auprc": 0.17647058823529413,
        "test_source_auroc": 0.5862068965517241,
        "test_target_accuracy": 0.90625,
        "test_target_auprc": 0.13124999999999998,
        "test_target_auroc": 0.5402298850574712
    },
    "1": {
        "train_accuracy": 1.0,
        "train_auprc": 1.0,
        "train_auroc": 1.0,
        "test_source_accuracy": 0.9354838709677419,
        "test_source_auprc": 0.07771260997067449,
        "test_source_auroc": 0.41379310344827586,
        "test_target_accuracy": 0.9354838709677419,
        "test_target_auprc": 0.05416666666666667,
        "test_target_auroc": 0.1982758620689655
    },
    "2": {
        "train_accuracy": 1.0,
        "train_auprc": 1.0,
        "train_auroc": 1.0,
        "test_source_accuracy": 0.9354838709677419,
        "test_source_auprc": 0.14347826086956522,
        "test_source_auroc": 0.5948275862068966,
        "test_target_accuracy": 0.9354838709677419,
        "test_target_auprc": 0.54,
        "test_target_auroc": 0.6206896551724138
    }
}