{
    "train_site": "DRIAMS-E",
    "train_years": [
        "2019"
    ],
    "test_site": "DRIAMS-F",
    "test_years": [
        "2019"
    ],
    "seed": 409,
    "model": "svm-rbf",
    "antibiotic": "Ceftriaxone",
    "species": "Escherichia coli",
    "metadata_versions_train": {
        "2019_clean.csv": "954305e482e840a815b44f310adbfdc1871bba52"
    },
    "metadata_versions_test": {
        "2019_clean.csv": "c9c4830e6f30ecb54e329451c7ffce195bb0bfc5"
    },
    "0": {
        "train_accuracy": 0.86,
        "train_auprc": 0.05182035009125601,
        "train_auroc": 0.03260869565217392,
        "test_source_accuracy": 0.9230769230769231,
        "test_source_auprc": 0.10096153846153846,
        "test_source_auroc": 0.35416666666666663,
        "test_target_accuracy": 0.7307692307692307,
        "test_target_auprc": 0.17692307692307693,
        "test_target_auroc": 0.6875
    },
    "1": {
        "train_accuracy": 0.9803921568627451,
        "train_auprc": 1.0,
        "train_auroc": 1.0,
        "test_source_accuracy": 0.88,
        "test_source_auprc": 0.09545454545454546,
        "test_source_auroc": 0.3913043478260869,
        "test_target_accuracy": 0.92,
        "test_target_auprc": 0.08596491228070174,
        "test_target_auroc": 0.32608695652173914
    },
    "2": {
        "train_accuracy": 0.8235294117647058,
        "train_auprc": 0.05013107370607817,
        "train_auroc": 0.0053191489361702204,
        "test_source_accuracy": 0.68,
        "test_source_auprc": 0.12878787878787878,
        "test_source_auroc": 0.4565217391304348,
        "test_target_accuracy": 0.28,
        "test_target_auprc": 0.09090909090909091,
        "test_target_auroc": 0.34782608695652173
    }
}