{
    "train_site": "DRIAMS-F",
    "train_years": [
        "2019"
    ],
    "test_site": "DRIAMS-E",
    "test_years": [
        "2019"
    ],
    "seed": 344,
    "model": "lightgbm",
    "antibiotic": "Ciprofloxacin",
    "species": "Staphylococcus aureus",
    "metadata_versions_train": {
        "2019_clean.csv": "c9c4830e6f30ecb54e329451c7ffce195bb0bfc5"
    },
    "metadata_versions_test": {
        "2019_clean.csv": "954305e482e840a815b44f310adbfdc1871bba52"
    },
    "0": {
        "train_accuracy": 1.0,
        "train_auprc": 1.0,
        "train_auroc": 1.0,
        "test_source_accuracy": 0.90625,
        "test_source_auprc": 0.44771241830065356,
        "test_source_auroc": 0.8160919540229884,
        "test_target_accuracy": 0.875,
        "test_target_auprc": 0.1065934065934066,
        "test_target_auroc": 0.4137931034482758
    },
    "1": {
        "train_accuracy": 0.09523809523809523,
        "train_auprc": 0.09523809523809523,
        "train_auroc": 0.5,
        "test_source_accuracy": 0.09375,
        "test_source_auprc": 0.09375,
        "test_source_auroc": 0.5,
        "test_target_accuracy": 0.09375,
        "test_target_auprc": 0.09375,
        "test_target_auroc": 0.5
    },
    "2": {
        "train_accuracy": 1.0,
        "train_auprc": 1.0,
        "train_auroc": 1.0,
        "test_source_accuracy": 0.9354838709677419,
        "test_source_auprc": 0.5075757575757576,
        "test_source_auroc": 0.8333333333333334,
        "test_target_accuracy": 0.8709677419354839,
        "test_target_auprc": 0.1437389770723104,
        "test_target_auroc": 0.369047619047619
    }
}