{
    "train_site": "DRIAMS-E",
    "train_years": [
        "2019"
    ],
    "test_site": "DRIAMS-F",
    "test_years": [
        "2019"
    ],
    "seed": 35,
    "model": "svm-rbf",
    "antibiotic": "Cefepime",
    "species": "Escherichia coli",
    "metadata_versions_train": {
        "2019_clean.csv": "954305e482e840a815b44f310adbfdc1871bba52"
    },
    "metadata_versions_test": {
        "2019_clean.csv": "c9c4830e6f30ecb54e329451c7ffce195bb0bfc5"
    },
    "0": {
        "train_accuracy": 1.0,
        "train_auprc": 0.04054988662131519,
        "train_auroc": 0.0,
        "test_source_accuracy": 0.9230769230769231,
        "test_source_auprc": 0.12333333333333332,
        "test_source_auroc": 0.41666666666666663,
        "test_target_accuracy": 0.6153846153846154,
        "test_target_auprc": 0.26666666666666666,
        "test_target_auroc": 0.7916666666666667
    },
    "1": {
        "train_accuracy": 0.9215686274509803,
        "train_auprc": 0.06699650710486624,
        "train_auroc": 0.2446808510638298,
        "test_source_accuracy": 0.96,
        "test_source_auprc": 0.04,
        "test_source_auroc": 0.0,
        "test_target_accuracy": 0.96,
        "test_target_auprc": 0.047619047619047616,
        "test_target_auroc": 0.16666666666666663
    },
    "2": {
        "train_accuracy": 0.9803921568627451,
        "train_auprc": 1.0,
        "train_auroc": 1.0,
        "test_source_accuracy": 0.88,
        "test_source_auprc": 0.21929824561403508,
        "test_source_auroc": 0.5869565217391305,
        "test_target_accuracy": 0.92,
        "test_target_auprc": 0.17261904761904762,
        "test_target_auroc": 0.5217391304347826
    }
}