{
    "train_site": "DRIAMS-E",
    "train_years": [
        "2019"
    ],
    "test_site": "DRIAMS-F",
    "test_years": [
        "2019"
    ],
    "seed": 164,
    "model": "lightgbm",
    "antibiotic": "Ceftriaxone",
    "species": "Escherichia coli",
    "metadata_versions_train": {
        "2019_clean.csv": "954305e482e840a815b44f310adbfdc1871bba52"
    },
    "metadata_versions_test": {
        "2019_clean.csv": "c9c4830e6f30ecb54e329451c7ffce195bb0bfc5"
    },
    "0": {
        "train_accuracy": 1.0,
        "train_auprc": 1.0,
        "train_auroc": 1.0,
        "test_source_accuracy": 0.8076923076923077,
        "test_source_auprc": 0.17142857142857143,
        "test_source_auroc": 0.7083333333333334,
        "test_target_accuracy": 0.8846153846153846,
        "test_target_auprc": 0.2976190476190476,
        "test_target_auroc": 0.5833333333333334
    },
    "1": {
        "train_accuracy": 0.9803921568627451,
        "train_auprc": 1.0,
        "train_auroc": 1.0,
        "test_source_accuracy": 0.92,
        "test_source_auprc": 0.26666666666666666,
        "test_source_auroc": 0.8260869565217391,
        "test_target_accuracy": 0.8,
        "test_target_auprc": 0.17045454545454547,
        "test_target_auroc": 0.5
    },
    "2": {
        "train_accuracy": 0.6862745098039216,
        "train_auprc": 0.2,
        "train_auroc": 0.8297872340425532,
        "test_source_accuracy": 0.36,
        "test_source_auprc": 0.08,
        "test_source_auroc": 0.19565217391304346,
        "test_target_accuracy": 0.4,
        "test_target_auprc": 0.08,
        "test_target_auroc": 0.2173913043478261
    }
}