{
    "train_site": "DRIAMS-E",
    "train_years": [
        "2019"
    ],
    "test_site": "DRIAMS-F",
    "test_years": [
        "2019"
    ],
    "seed": 188,
    "model": "rf",
    "antibiotic": "Ceftriaxone",
    "species": "Escherichia coli",
    "metadata_versions_train": {
        "2019_clean.csv": "954305e482e840a815b44f310adbfdc1871bba52"
    },
    "metadata_versions_test": {
        "2019_clean.csv": "c9c4830e6f30ecb54e329451c7ffce195bb0bfc5"
    },
    "0": {
        "train_accuracy": 1.0,
        "train_auprc": 1.0,
        "train_auroc": 1.0,
        "test_source_accuracy": 0.9230769230769231,
        "test_source_auprc": 0.17261904761904762,
        "test_source_auroc": 0.5520833333333334,
        "test_target_accuracy": 0.9230769230769231,
        "test_target_auprc": 0.29545454545454547,
        "test_target_auroc": 0.5729166666666667
    },
    "1": {
        "train_accuracy": 1.0,
        "train_auprc": 1.0,
        "train_auroc": 1.0,
        "test_source_accuracy": 0.92,
        "test_source_auprc": 0.0757142857142857,
        "test_source_auroc": 0.32608695652173914,
        "test_target_accuracy": 0.92,
        "test_target_auprc": 0.07738095238095238,
        "test_target_auroc": 0.3152173913043478
    },
    "2": {
        "train_accuracy": 1.0,
        "train_auprc": 1.0,
        "train_auroc": 1.0,
        "test_source_accuracy": 0.92,
        "test_source_auprc": 0.3125,
        "test_source_auroc": 0.717391304347826,
        "test_target_accuracy": 0.92,
        "test_target_auprc": 0.5476190476190477,
        "test_target_auroc": 0.5978260869565217
    }
}