{
    "train_site": "DRIAMS-E",
    "train_years": [
        "2019"
    ],
    "test_site": "DRIAMS-F",
    "test_years": [
        "2019"
    ],
    "seed": 89,
    "model": "lightgbm",
    "antibiotic": "Ciprofloxacin",
    "species": "Escherichia coli",
    "metadata_versions_train": {
        "2019_clean.csv": "954305e482e840a815b44f310adbfdc1871bba52"
    },
    "metadata_versions_test": {
        "2019_clean.csv": "c9c4830e6f30ecb54e329451c7ffce195bb0bfc5"
    },
    "0": {
        "train_accuracy": 0.7,
        "train_auprc": 0.34782608695652173,
        "train_auroc": 0.8214285714285714,
        "test_source_accuracy": 0.46153846153846156,
        "test_source_auprc": 0.14835164835164835,
        "test_source_auroc": 0.4772727272727273,
        "test_target_accuracy": 0.5384615384615384,
        "test_target_auprc": 0.15384615384615385,
        "test_target_auroc": 0.3181818181818182
    },
    "1": {
        "train_accuracy": 0.8823529411764706,
        "train_auprc": 0.6153846153846154,
        "train_auroc": 0.9418604651162791,
        "test_source_accuracy": 0.8,
        "test_source_auprc": 0.215,
        "test_source_auroc": 0.5535714285714286,
        "test_target_accuracy": 0.76,
        "test_target_auprc": 0.19111111111111112,
        "test_target_auroc": 0.41666666666666663
    },
    "2": {
        "train_accuracy": 0.8823529411764706,
        "train_auprc": 0.8888888888888888,
        "train_auroc": 0.9883720930232558,
        "test_source_accuracy": 0.64,
        "test_source_auprc": 0.15837121212121213,
        "test_source_auroc": 0.43452380952380953,
        "test_target_accuracy": 0.84,
        "test_target_auprc": 0.16272727272727275,
        "test_target_auroc": 0.4226190476190476
    }
}