{
    "train_site": "DRIAMS-E",
    "train_years": [
        "2019"
    ],
    "test_site": "DRIAMS-F",
    "test_years": [
        "2019"
    ],
    "seed": 409,
    "model": "lightgbm",
    "antibiotic": "Ciprofloxacin",
    "species": "Escherichia coli",
    "metadata_versions_train": {
        "2019_clean.csv": "954305e482e840a815b44f310adbfdc1871bba52"
    },
    "metadata_versions_test": {
        "2019_clean.csv": "c9c4830e6f30ecb54e329451c7ffce195bb0bfc5"
    },
    "0": {
        "train_accuracy": 0.76,
        "train_auprc": 0.4,
        "train_auroc": 0.8571428571428572,
        "test_source_accuracy": 0.6538461538461539,
        "test_source_auprc": 0.15109890109890112,
        "test_source_auroc": 0.48863636363636365,
        "test_target_accuracy": 0.34615384615384615,
        "test_target_auprc": 0.19047619047619047,
        "test_target_auroc": 0.6136363636363636
    },
    "1": {
        "train_accuracy": 0.9411764705882353,
        "train_auprc": 0.8,
        "train_auroc": 0.9767441860465116,
        "test_source_accuracy": 0.76,
        "test_source_auprc": 0.11832167832167832,
        "test_source_auroc": 0.20833333333333337,
        "test_target_accuracy": 0.64,
        "test_target_auprc": 0.33279220779220775,
        "test_target_auroc": 0.7142857142857143
    },
    "2": {
        "train_accuracy": 0.9607843137254902,
        "train_auprc": 0.8,
        "train_auroc": 0.9767441860465117,
        "test_source_accuracy": 0.8,
        "test_source_auprc": 0.2596969696969697,
        "test_source_auroc": 0.6607142857142858,
        "test_target_accuracy": 0.84,
        "test_target_auprc": 0.2675,
        "test_target_auroc": 0.6130952380952381
    }
}