{
    "train_site": "DRIAMS-E",
    "train_years": [
        "2019"
    ],
    "test_site": "DRIAMS-F",
    "test_years": [
        "2019"
    ],
    "seed": 344,
    "model": "lr",
    "antibiotic": "Ceftriaxone",
    "species": "Escherichia coli",
    "metadata_versions_train": {
        "2019_clean.csv": "954305e482e840a815b44f310adbfdc1871bba52"
    },
    "metadata_versions_test": {
        "2019_clean.csv": "c9c4830e6f30ecb54e329451c7ffce195bb0bfc5"
    },
    "0": {
        "train_accuracy": 1.0,
        "train_auprc": 1.0,
        "train_auroc": 1.0,
        "test_source_accuracy": 0.7692307692307693,
        "test_source_auprc": 0.06926406926406926,
        "test_source_auroc": 0.16666666666666663,
        "test_target_accuracy": 0.5769230769230769,
        "test_target_auprc": 0.5416666666666666,
        "test_target_auroc": 0.5416666666666667
    },
    "1": {
        "train_accuracy": 1.0,
        "train_auprc": 1.0,
        "train_auroc": 1.0,
        "test_source_accuracy": 0.8,
        "test_source_auprc": 0.26666666666666666,
        "test_source_auroc": 0.8260869565217391,
        "test_target_accuracy": 0.84,
        "test_target_auprc": 0.26666666666666666,
        "test_target_auroc": 0.8260869565217391
    },
    "2": {
        "train_accuracy": 1.0,
        "train_auprc": 1.0,
        "train_auroc": 1.0,
        "test_source_accuracy": 0.64,
        "test_source_auprc": 0.6666666666666666,
        "test_source_auroc": 0.9130434782608696,
        "test_target_accuracy": 0.36,
        "test_target_auprc": 0.625,
        "test_target_auroc": 0.8695652173913043
    }
}