{
    "train_site": "DRIAMS-E",
    "train_years": [
        "2019"
    ],
    "test_site": "DRIAMS-F",
    "test_years": [
        "2019"
    ],
    "seed": 89,
    "model": "rf",
    "antibiotic": "Ciprofloxacin",
    "species": "Escherichia coli",
    "metadata_versions_train": {
        "2019_clean.csv": "954305e482e840a815b44f310adbfdc1871bba52"
    },
    "metadata_versions_test": {
        "2019_clean.csv": "c9c4830e6f30ecb54e329451c7ffce195bb0bfc5"
    },
    "0": {
        "train_accuracy": 0.98,
        "train_auprc": 1.0,
        "train_auroc": 1.0,
        "test_source_accuracy": 0.8461538461538461,
        "test_source_auprc": 0.22039473684210525,
        "test_source_auroc": 0.5625,
        "test_target_accuracy": 0.8461538461538461,
        "test_target_auprc": 0.20144110275689223,
        "test_target_auroc": 0.6193181818181819
    },
    "1": {
        "train_accuracy": 1.0,
        "train_auprc": 1.0,
        "train_auroc": 1.0,
        "test_source_accuracy": 0.84,
        "test_source_auprc": 0.15614035087719297,
        "test_source_auroc": 0.40476190476190477,
        "test_target_accuracy": 0.84,
        "test_target_auprc": 0.13106060606060607,
        "test_target_auroc": 0.255952380952381
    },
    "2": {
        "train_accuracy": 1.0,
        "train_auprc": 1.0,
        "train_auroc": 1.0,
        "test_source_accuracy": 0.84,
        "test_source_auprc": 0.1786231884057971,
        "test_source_auroc": 0.4345238095238095,
        "test_target_accuracy": 0.84,
        "test_target_auprc": 0.16228070175438597,
        "test_target_auroc": 0.4226190476190476
    }
}