{
    "train_site": "DRIAMS-F",
    "train_years": [
        "2019"
    ],
    "test_site": "DRIAMS-E",
    "test_years": [
        "2019"
    ],
    "seed": 545,
    "model": "lr",
    "antibiotic": "Cefepime",
    "species": "Escherichia coli",
    "metadata_versions_train": {
        "2019_clean.csv": "c9c4830e6f30ecb54e329451c7ffce195bb0bfc5"
    },
    "metadata_versions_test": {
        "2019_clean.csv": "954305e482e840a815b44f310adbfdc1871bba52"
    },
    "0": {
        "train_accuracy": 1.0,
        "train_auprc": 1.0,
        "train_auroc": 1.0,
        "test_source_accuracy": 0.7692307692307693,
        "test_source_auprc": 0.14835164835164835,
        "test_source_auroc": 0.6458333333333334,
        "test_target_accuracy": 0.15384615384615385,
        "test_target_auprc": 0.06272727272727273,
        "test_target_auroc": 0.08333333333333331
    },
    "1": {
        "train_accuracy": 0.9215686274509803,
        "train_auprc": 0.5861111111111111,
        "train_auroc": 0.9414893617021276,
        "test_source_accuracy": 0.92,
        "test_source_auprc": 0.07107843137254902,
        "test_source_auroc": 0.17391304347826086,
        "test_target_accuracy": 0.92,
        "test_target_auprc": 0.10555555555555556,
        "test_target_auroc": 0.43478260869565216
    },
    "2": {
        "train_accuracy": 1.0,
        "train_auprc": 1.0,
        "train_auroc": 1.0,
        "test_source_accuracy": 0.88,
        "test_source_auprc": 0.23809523809523808,
        "test_source_auroc": 0.6956521739130435,
        "test_target_accuracy": 0.12,
        "test_target_auprc": 0.5476190476190477,
        "test_target_auroc": 0.5869565217391304
    }
}