{
    "train_site": "DRIAMS-E",
    "train_years": [
        "2019"
    ],
    "test_site": "DRIAMS-F",
    "test_years": [
        "2019"
    ],
    "seed": 35,
    "model": "lr",
    "antibiotic": "Ceftriaxone",
    "species": "Escherichia coli",
    "metadata_versions_train": {
        "2019_clean.csv": "954305e482e840a815b44f310adbfdc1871bba52"
    },
    "metadata_versions_test": {
        "2019_clean.csv": "c9c4830e6f30ecb54e329451c7ffce195bb0bfc5"
    },
    "0": {
        "train_accuracy": 0.92,
        "train_auprc": 0.08,
        "train_auroc": 0.5,
        "test_source_accuracy": 0.9230769230769231,
        "test_source_auprc": 0.07692307692307693,
        "test_source_auroc": 0.5,
        "test_target_accuracy": 0.9230769230769231,
        "test_target_auprc": 0.07692307692307693,
        "test_target_auroc": 0.5
    },
    "1": {
        "train_accuracy": 0.9215686274509803,
        "train_auprc": 0.6857142857142857,
        "train_auroc": 0.8617021276595744,
        "test_source_accuracy": 0.92,
        "test_source_auprc": 0.15263157894736842,
        "test_source_auroc": 0.5434782608695652,
        "test_target_accuracy": 0.92,
        "test_target_auprc": 0.21014492753623187,
        "test_target_auroc": 0.5
    },
    "2": {
        "train_accuracy": 0.9215686274509803,
        "train_auprc": 0.7208333333333333,
        "train_auroc": 0.8563829787234043,
        "test_source_accuracy": 0.92,
        "test_source_auprc": 0.17763157894736842,
        "test_source_auroc": 0.5652173913043479,
        "test_target_accuracy": 0.92,
        "test_target_auprc": 0.3333333333333333,
        "test_target_auroc": 0.7608695652173914
    }
}