{
    "train_site": "DRIAMS-E",
    "train_years": [
        "2019"
    ],
    "test_site": "DRIAMS-F",
    "test_years": [
        "2019"
    ],
    "seed": 188,
    "model": "svm-rbf",
    "antibiotic": "Oxacillin",
    "species": "Staphylococcus aureus",
    "metadata_versions_train": {
        "2019_clean.csv": "954305e482e840a815b44f310adbfdc1871bba52"
    },
    "metadata_versions_test": {
        "2019_clean.csv": "c9c4830e6f30ecb54e329451c7ffce195bb0bfc5"
    },
    "0": {
        "train_accuracy": 1.0,
        "train_auprc": 1.0,
        "train_auroc": 1.0,
        "test_source_accuracy": 0.90625,
        "test_source_auprc": 0.234006734006734,
        "test_source_auroc": 0.48275862068965514,
        "test_target_accuracy": 0.90625,
        "test_target_auprc": 0.4476190476190476,
        "test_target_auroc": 0.7011494252873562
    },
    "1": {
        "train_accuracy": 0.9206349206349206,
        "train_auprc": 0.05479664984273279,
        "train_auroc": 0.1620689655172414,
        "test_source_accuracy": 0.9354838709677419,
        "test_source_auprc": 0.10476190476190475,
        "test_source_auroc": 0.41379310344827586,
        "test_target_accuracy": 0.9354838709677419,
        "test_target_auprc": 0.10049019607843138,
        "test_target_auroc": 0.5517241379310345
    },
    "2": {
        "train_accuracy": 0.9206349206349206,
        "train_auprc": 0.04866880442837922,
        "train_auroc": 0.0,
        "test_source_accuracy": 0.9354838709677419,
        "test_source_auprc": 0.10714285714285714,
        "test_source_auroc": 0.4482758620689655,
        "test_target_accuracy": 0.9354838709677419,
        "test_target_auprc": 0.13392857142857142,
        "test_target_auroc": 0.6551724137931034
    }
}