{
    "train_site": "DRIAMS-E",
    "train_years": [
        "2019"
    ],
    "test_site": "DRIAMS-F",
    "test_years": [
        "2019"
    ],
    "seed": 545,
    "model": "rf",
    "antibiotic": "Oxacillin",
    "species": "Staphylococcus aureus",
    "metadata_versions_train": {
        "2019_clean.csv": "954305e482e840a815b44f310adbfdc1871bba52"
    },
    "metadata_versions_test": {
        "2019_clean.csv": "c9c4830e6f30ecb54e329451c7ffce195bb0bfc5"
    },
    "0": {
        "train_accuracy": 1.0,
        "train_auprc": 1.0,
        "train_auroc": 1.0,
        "test_source_accuracy": 0.90625,
        "test_source_auprc": 0.09952380952380953,
        "test_source_auroc": 0.42528735632183906,
        "test_target_accuracy": 0.90625,
        "test_target_auprc": 0.13839285714285715,
        "test_target_auroc": 0.36781609195402293
    },
    "1": {
        "train_accuracy": 1.0,
        "train_auprc": 1.0,
        "train_auroc": 1.0,
        "test_source_accuracy": 0.9354838709677419,
        "test_source_auprc": 0.09821428571428571,
        "test_source_auroc": 0.47413793103448276,
        "test_target_accuracy": 0.9354838709677419,
        "test_target_auprc": 0.07472826086956522,
        "test_target_auroc": 0.4396551724137931
    },
    "2": {
        "train_accuracy": 1.0,
        "train_auprc": 1.0,
        "train_auroc": 1.0,
        "test_source_accuracy": 0.9354838709677419,
        "test_source_auprc": 0.11559139784946236,
        "test_source_auroc": 0.47413793103448276,
        "test_target_accuracy": 0.9354838709677419,
        "test_target_auprc": 0.06350806451612903,
        "test_target_auroc": 0.2844827586206896
    }
}