{
    "train_site": "DRIAMS-E",
    "train_years": [
        "2019"
    ],
    "test_site": "DRIAMS-F",
    "test_years": [
        "2019"
    ],
    "seed": 188,
    "model": "rf",
    "antibiotic": "Ciprofloxacin",
    "species": "Staphylococcus aureus",
    "metadata_versions_train": {
        "2019_clean.csv": "954305e482e840a815b44f310adbfdc1871bba52"
    },
    "metadata_versions_test": {
        "2019_clean.csv": "c9c4830e6f30ecb54e329451c7ffce195bb0bfc5"
    },
    "0": {
        "train_accuracy": 1.0,
        "train_auprc": 1.0,
        "train_auroc": 1.0,
        "test_source_accuracy": 0.90625,
        "test_source_auprc": 0.13095238095238096,
        "test_source_auroc": 0.557471264367816,
        "test_target_accuracy": 0.90625,
        "test_target_auprc": 0.17518939393939392,
        "test_target_auroc": 0.5344827586206896
    },
    "1": {
        "train_accuracy": 1.0,
        "train_auprc": 1.0,
        "train_auroc": 1.0,
        "test_source_accuracy": 0.90625,
        "test_source_auprc": 0.28888888888888886,
        "test_source_auroc": 0.8103448275862069,
        "test_target_accuracy": 0.90625,
        "test_target_auprc": 0.09601139601139601,
        "test_target_auroc": 0.3793103448275862
    },
    "2": {
        "train_accuracy": 1.0,
        "train_auprc": 1.0,
        "train_auroc": 1.0,
        "test_source_accuracy": 0.9032258064516129,
        "test_source_auprc": 0.10725806451612904,
        "test_source_auroc": 0.46428571428571425,
        "test_target_accuracy": 0.9032258064516129,
        "test_target_auprc": 0.0967741935483871,
        "test_target_auroc": 0.17857142857142855
    }
}