{
    "train_site": "DRIAMS-E",
    "train_years": [
        "2019"
    ],
    "test_site": "DRIAMS-F",
    "test_years": [
        "2019"
    ],
    "seed": 188,
    "model": "svm-rbf",
    "antibiotic": "Ceftriaxone",
    "species": "Escherichia coli",
    "metadata_versions_train": {
        "2019_clean.csv": "954305e482e840a815b44f310adbfdc1871bba52"
    },
    "metadata_versions_test": {
        "2019_clean.csv": "c9c4830e6f30ecb54e329451c7ffce195bb0bfc5"
    },
    "0": {
        "train_accuracy": 0.92,
        "train_auprc": 0.8928571428571428,
        "train_auroc": 0.9836956521739131,
        "test_source_accuracy": 0.8076923076923077,
        "test_source_auprc": 0.5434782608695652,
        "test_source_auroc": 0.5625,
        "test_target_accuracy": 0.6538461538461539,
        "test_target_auprc": 0.08391608391608392,
        "test_target_auroc": 0.3333333333333333
    },
    "1": {
        "train_accuracy": 1.0,
        "train_auprc": 0.050020258103241295,
        "train_auroc": 0.0,
        "test_source_accuracy": 0.88,
        "test_source_auprc": 0.06777777777777777,
        "test_source_auroc": 0.13043478260869568,
        "test_target_accuracy": 0.76,
        "test_target_auprc": 0.07941176470588235,
        "test_target_auroc": 0.2608695652173913
    },
    "2": {
        "train_accuracy": 0.9215686274509803,
        "train_auprc": 0.05611570622698663,
        "train_auroc": 0.14361702127659573,
        "test_source_accuracy": 0.92,
        "test_source_auprc": 0.12333333333333332,
        "test_source_auroc": 0.391304347826087,
        "test_target_accuracy": 0.92,
        "test_target_auprc": 0.16666666666666666,
        "test_target_auroc": 0.45652173913043476
    }
}