{
    "train_site": "DRIAMS-E",
    "train_years": [
        "2019"
    ],
    "test_site": "DRIAMS-F",
    "test_years": [
        "2019"
    ],
    "seed": 188,
    "model": "svm-rbf",
    "antibiotic": "Ciprofloxacin",
    "species": "Escherichia coli",
    "metadata_versions_train": {
        "2019_clean.csv": "954305e482e840a815b44f310adbfdc1871bba52"
    },
    "metadata_versions_test": {
        "2019_clean.csv": "c9c4830e6f30ecb54e329451c7ffce195bb0bfc5"
    },
    "0": {
        "train_accuracy": 0.84,
        "train_auprc": 0.09457170867429723,
        "train_auroc": 0.0,
        "test_source_accuracy": 0.8461538461538461,
        "test_source_auprc": 0.23295454545454547,
        "test_source_auroc": 0.6022727272727272,
        "test_target_accuracy": 0.8461538461538461,
        "test_target_auprc": 0.2047037714607374,
        "test_target_auroc": 0.5340909090909092
    },
    "1": {
        "train_accuracy": 0.8431372549019608,
        "train_auprc": 0.09262173535141638,
        "train_auroc": 0.0,
        "test_source_accuracy": 0.84,
        "test_source_auprc": 0.23809523809523808,
        "test_source_auroc": 0.5595238095238095,
        "test_target_accuracy": 0.84,
        "test_target_auprc": 0.7351190476190477,
        "test_target_auroc": 0.7857142857142857
    },
    "2": {
        "train_accuracy": 0.8431372549019608,
        "train_auprc": 0.10548288183704164,
        "train_auroc": 0.17151162790697674,
        "test_source_accuracy": 0.84,
        "test_source_auprc": 0.1565364782276547,
        "test_source_auroc": 0.3928571428571429,
        "test_target_accuracy": 0.84,
        "test_target_auprc": 0.6738095238095239,
        "test_target_auroc": 0.8214285714285714
    }
}