{
    "train_site": "DRIAMS-E",
    "train_years": [
        "2019"
    ],
    "test_site": "DRIAMS-F",
    "test_years": [
        "2019"
    ],
    "seed": 35,
    "model": "svm-linear",
    "antibiotic": "Ciprofloxacin",
    "species": "Escherichia coli",
    "metadata_versions_train": {
        "2019_clean.csv": "954305e482e840a815b44f310adbfdc1871bba52"
    },
    "metadata_versions_test": {
        "2019_clean.csv": "c9c4830e6f30ecb54e329451c7ffce195bb0bfc5"
    },
    "0": {
        "train_accuracy": 1.0,
        "train_auprc": 0.09457170867429723,
        "train_auroc": 0.0,
        "test_source_accuracy": 0.8076923076923077,
        "test_source_auprc": 0.32470238095238096,
        "test_source_auroc": 0.6931818181818181,
        "test_target_accuracy": 0.7692307692307693,
        "test_target_auprc": 0.33382352941176474,
        "test_target_auroc": 0.6704545454545454
    },
    "1": {
        "train_accuracy": 1.0,
        "train_auprc": 1.0,
        "train_auroc": 1.0,
        "test_source_accuracy": 0.76,
        "test_source_auprc": 0.14414335664335665,
        "test_source_auroc": 0.33333333333333337,
        "test_target_accuracy": 0.84,
        "test_target_auprc": 0.4216269841269842,
        "test_target_auroc": 0.6428571428571429
    },
    "2": {
        "train_accuracy": 0.8431372549019608,
        "train_auprc": 0.12240573968515145,
        "train_auroc": 0.2994186046511628,
        "test_source_accuracy": 0.84,
        "test_source_auprc": 0.21677807486631018,
        "test_source_auroc": 0.5595238095238095,
        "test_target_accuracy": 0.84,
        "test_target_auprc": 0.4880952380952381,
        "test_target_auroc": 0.7023809523809523
    }
}