{
    "train_site": "DRIAMS-E",
    "train_years": [
        "2019"
    ],
    "test_site": "DRIAMS-F",
    "test_years": [
        "2019"
    ],
    "seed": 35,
    "model": "svm-linear",
    "antibiotic": "Ciprofloxacin",
    "species": "Staphylococcus aureus",
    "metadata_versions_train": {
        "2019_clean.csv": "954305e482e840a815b44f310adbfdc1871bba52"
    },
    "metadata_versions_test": {
        "2019_clean.csv": "c9c4830e6f30ecb54e329451c7ffce195bb0bfc5"
    },
    "0": {
        "train_accuracy": 1.0,
        "train_auprc": 0.057099451902551945,
        "train_auroc": 0.0,
        "test_source_accuracy": 0.90625,
        "test_source_auprc": 0.071219103477168,
        "test_source_auroc": 0.1379310344827586,
        "test_target_accuracy": 0.90625,
        "test_target_auprc": 0.14336917562724014,
        "test_target_auroc": 0.3908045977011494
    },
    "1": {
        "train_accuracy": 0.9047619047619048,
        "train_auprc": 0.06819124078510647,
        "train_auroc": 0.21637426900584794,
        "test_source_accuracy": 0.90625,
        "test_source_auprc": 0.06976993536133322,
        "test_source_auroc": 0.10344827586206898,
        "test_target_accuracy": 0.90625,
        "test_target_auprc": 0.0851851851851852,
        "test_target_auroc": 0.2873563218390805
    },
    "2": {
        "train_accuracy": 1.0,
        "train_auprc": 1.0,
        "train_auroc": 1.0,
        "test_source_accuracy": 0.9032258064516129,
        "test_source_auprc": 0.11574074074074073,
        "test_source_auroc": 0.44047619047619047,
        "test_target_accuracy": 0.8387096774193549,
        "test_target_auprc": 0.09148148148148148,
        "test_target_auroc": 0.30952380952380953
    }
}