{
    "train_site": "DRIAMS-E",
    "train_years": [
        "2019"
    ],
    "test_site": "DRIAMS-F",
    "test_years": [
        "2019"
    ],
    "seed": 164,
    "model": "lightgbm",
    "antibiotic": "Oxacillin",
    "species": "Staphylococcus aureus",
    "metadata_versions_train": {
        "2019_clean.csv": "954305e482e840a815b44f310adbfdc1871bba52"
    },
    "metadata_versions_test": {
        "2019_clean.csv": "c9c4830e6f30ecb54e329451c7ffce195bb0bfc5"
    },
    "0": {
        "train_accuracy": 1.0,
        "train_auprc": 1.0,
        "train_auroc": 1.0,
        "test_source_accuracy": 0.875,
        "test_source_auprc": 0.07286324786324787,
        "test_source_auroc": 0.14942528735632182,
        "test_target_accuracy": 0.90625,
        "test_target_auprc": 0.4103703703703704,
        "test_target_auroc": 0.5632183908045977
    },
    "1": {
        "train_accuracy": 0.746031746031746,
        "train_auprc": 0.23809523809523808,
        "train_auroc": 0.8620689655172413,
        "test_source_accuracy": 0.5806451612903226,
        "test_source_auprc": 0.13333333333333333,
        "test_source_auroc": 0.7758620689655172,
        "test_target_accuracy": 0.3225806451612903,
        "test_target_auprc": 0.08695652173913043,
        "test_target_auroc": 0.6379310344827587
    },
    "2": {
        "train_accuracy": 0.746031746031746,
        "train_auprc": 0.23809523809523808,
        "train_auroc": 0.8620689655172413,
        "test_source_accuracy": 0.8709677419354839,
        "test_source_auprc": 0.15725806451612903,
        "test_source_auroc": 0.6982758620689655,
        "test_target_accuracy": 0.4838709677419355,
        "test_target_auprc": 0.06451612903225806,
        "test_target_auroc": 0.2586206896551724
    }
}