{
    "train_site": "DRIAMS-F",
    "train_years": [
        "2019"
    ],
    "test_site": "DRIAMS-E",
    "test_years": [
        "2019"
    ],
    "seed": 480,
    "model": "lightgbm",
    "antibiotic": "Ciprofloxacin",
    "species": "Escherichia coli",
    "metadata_versions_train": {
        "2019_clean.csv": "c9c4830e6f30ecb54e329451c7ffce195bb0bfc5"
    },
    "metadata_versions_test": {
        "2019_clean.csv": "954305e482e840a815b44f310adbfdc1871bba52"
    },
    "0": {
        "train_accuracy": 0.92,
        "train_auprc": 0.6666666666666666,
        "train_auroc": 0.9523809523809523,
        "test_source_accuracy": 0.6923076923076923,
        "test_source_auprc": 0.1735897435897436,
        "test_source_auroc": 0.38571428571428573,
        "test_target_accuracy": 0.7307692307692307,
        "test_target_auprc": 0.16923076923076924,
        "test_target_auroc": 0.2904761904761905
    },
    "1": {
        "train_accuracy": 0.7647058823529411,
        "train_auprc": 0.42857142857142855,
        "train_auroc": 0.8571428571428572,
        "test_source_accuracy": 0.64,
        "test_source_auprc": 0.19111111111111112,
        "test_source_auroc": 0.5833333333333334,
        "test_target_accuracy": 0.56,
        "test_target_auprc": 0.16,
        "test_target_auroc": 0.33333333333333337
    },
    "2": {
        "train_accuracy": 0.9607843137254902,
        "train_auprc": 1.0,
        "train_auroc": 1.0,
        "test_source_accuracy": 0.72,
        "test_source_auprc": 0.5134158926728586,
        "test_source_auroc": 0.6488095238095237,
        "test_target_accuracy": 0.72,
        "test_target_auprc": 0.181140350877193,
        "test_target_auroc": 0.4523809523809524
    }
}