{
    "train_site": "DRIAMS-F",
    "train_years": [
        "2019"
    ],
    "test_site": "DRIAMS-E",
    "test_years": [
        "2019"
    ],
    "seed": 172,
    "model": "rf",
    "antibiotic": "Ciprofloxacin",
    "species": "Escherichia coli",
    "metadata_versions_train": {
        "2019_clean.csv": "c9c4830e6f30ecb54e329451c7ffce195bb0bfc5"
    },
    "metadata_versions_test": {
        "2019_clean.csv": "954305e482e840a815b44f310adbfdc1871bba52"
    },
    "0": {
        "train_accuracy": 1.0,
        "train_auprc": 1.0,
        "train_auroc": 1.0,
        "test_source_accuracy": 0.8076923076923077,
        "test_source_auprc": 0.28106060606060607,
        "test_source_auroc": 0.49523809523809526,
        "test_target_accuracy": 0.8076923076923077,
        "test_target_auprc": 0.29794871794871797,
        "test_target_auroc": 0.5238095238095238
    },
    "1": {
        "train_accuracy": 1.0,
        "train_auprc": 1.0000000000000002,
        "train_auroc": 1.0,
        "test_source_accuracy": 0.84,
        "test_source_auprc": 0.22483766233766234,
        "test_source_auroc": 0.5297619047619048,
        "test_target_accuracy": 0.84,
        "test_target_auprc": 0.1488095238095238,
        "test_target_auroc": 0.2023809523809524
    },
    "2": {
        "train_accuracy": 1.0,
        "train_auprc": 1.0,
        "train_auroc": 1.0,
        "test_source_accuracy": 0.84,
        "test_source_auprc": 0.1985805860805861,
        "test_source_auroc": 0.5,
        "test_target_accuracy": 0.84,
        "test_target_auprc": 0.13610075914423742,
        "test_target_auroc": 0.29166666666666674
    }
}