{
    "train_site": "DRIAMS-E",
    "train_years": [
        "2019"
    ],
    "test_site": "DRIAMS-F",
    "test_years": [
        "2019"
    ],
    "seed": 35,
    "model": "lightgbm",
    "antibiotic": "Oxacillin",
    "species": "Staphylococcus aureus",
    "metadata_versions_train": {
        "2019_clean.csv": "954305e482e840a815b44f310adbfdc1871bba52"
    },
    "metadata_versions_test": {
        "2019_clean.csv": "c9c4830e6f30ecb54e329451c7ffce195bb0bfc5"
    },
    "0": {
        "train_accuracy": 0.7419354838709677,
        "train_auprc": 0.2,
        "train_auroc": 0.8620689655172413,
        "test_source_accuracy": 0.5,
        "test_source_auprc": 0.1096813725490196,
        "test_source_auroc": 0.5747126436781609,
        "test_target_accuracy": 0.25,
        "test_target_auprc": 0.1111111111111111,
        "test_target_auroc": 0.5862068965517242
    },
    "1": {
        "train_accuracy": 0.9206349206349206,
        "train_auprc": 0.7142857142857143,
        "train_auroc": 0.9827586206896551,
        "test_source_accuracy": 0.9354838709677419,
        "test_source_auprc": 0.06559139784946236,
        "test_source_auroc": 0.4741379310344827,
        "test_target_accuracy": 0.9354838709677419,
        "test_target_auprc": 0.06451612903225806,
        "test_target_auroc": 0.2586206896551724
    },
    "2": {
        "train_accuracy": 1.0,
        "train_auprc": 1.0,
        "train_auroc": 1.0,
        "test_source_accuracy": 0.8709677419354839,
        "test_source_auprc": 0.2011494252873563,
        "test_source_auroc": 0.5,
        "test_target_accuracy": 0.9354838709677419,
        "test_target_auprc": 0.08333333333333334,
        "test_target_auroc": 0.4482758620689655
    }
}