{
    "train_site": "DRIAMS-E",
    "train_years": [
        "2019"
    ],
    "test_site": "DRIAMS-F",
    "test_years": [
        "2019"
    ],
    "seed": 172,
    "model": "svm-rbf",
    "antibiotic": "Ciprofloxacin",
    "species": "Staphylococcus aureus",
    "metadata_versions_train": {
        "2019_clean.csv": "954305e482e840a815b44f310adbfdc1871bba52"
    },
    "metadata_versions_test": {
        "2019_clean.csv": "c9c4830e6f30ecb54e329451c7ffce195bb0bfc5"
    },
    "0": {
        "train_accuracy": 1.0,
        "train_auprc": 1.0,
        "train_auroc": 1.0,
        "test_source_accuracy": 0.90625,
        "test_source_auprc": 0.14393939393939395,
        "test_source_auroc": 0.5747126436781609,
        "test_target_accuracy": 0.90625,
        "test_target_auprc": 0.10356040564373897,
        "test_target_auroc": 0.3103448275862069
    },
    "1": {
        "train_accuracy": 1.0,
        "train_auprc": 1.0,
        "train_auroc": 1.0,
        "test_source_accuracy": 0.90625,
        "test_source_auprc": 0.11716524216524216,
        "test_source_auroc": 0.48275862068965514,
        "test_target_accuracy": 0.90625,
        "test_target_auprc": 0.2434782608695652,
        "test_target_auroc": 0.5517241379310345
    },
    "2": {
        "train_accuracy": 0.90625,
        "train_auprc": 0.056182337023649345,
        "train_auroc": 0.0,
        "test_source_accuracy": 0.9032258064516129,
        "test_source_auprc": 0.076395086914021,
        "test_source_auroc": 0.16666666666666666,
        "test_target_accuracy": 0.9032258064516129,
        "test_target_auprc": 0.22802197802197802,
        "test_target_auroc": 0.40476190476190477
    }
}