{
    "train_site": "DRIAMS-E",
    "train_years": [
        "2019"
    ],
    "test_site": "DRIAMS-F",
    "test_years": [
        "2019"
    ],
    "seed": 89,
    "model": "svm-rbf",
    "antibiotic": "Ciprofloxacin",
    "species": "Staphylococcus aureus",
    "metadata_versions_train": {
        "2019_clean.csv": "954305e482e840a815b44f310adbfdc1871bba52"
    },
    "metadata_versions_test": {
        "2019_clean.csv": "c9c4830e6f30ecb54e329451c7ffce195bb0bfc5"
    },
    "0": {
        "train_accuracy": 0.9047619047619048,
        "train_auprc": 0.06918081524544871,
        "train_auroc": 0.21052631578947367,
        "test_source_accuracy": 0.90625,
        "test_source_auprc": 0.07093253968253968,
        "test_source_auroc": 0.1379310344827586,
        "test_target_accuracy": 0.90625,
        "test_target_auprc": 0.09808080808080807,
        "test_target_auroc": 0.3793103448275862
    },
    "1": {
        "train_accuracy": 0.9047619047619048,
        "train_auprc": 0.06118439627826196,
        "train_auroc": 0.1111111111111111,
        "test_source_accuracy": 0.90625,
        "test_source_auprc": 0.10545808966861597,
        "test_source_auroc": 0.4252873563218391,
        "test_target_accuracy": 0.90625,
        "test_target_auprc": 0.0714421761640088,
        "test_target_auroc": 0.13793103448275862
    },
    "2": {
        "train_accuracy": 0.90625,
        "train_auprc": 0.0625115120740003,
        "train_auroc": 0.15517241379310343,
        "test_source_accuracy": 0.9032258064516129,
        "test_source_auprc": 0.08781362007168458,
        "test_source_auroc": 0.2261904761904762,
        "test_target_accuracy": 0.9032258064516129,
        "test_target_auprc": 0.1611111111111111,
        "test_target_auroc": 0.488095238095238
    }
}