{
    "train_site": "DRIAMS-E",
    "train_years": [
        "2019"
    ],
    "test_site": "DRIAMS-F",
    "test_years": [
        "2019"
    ],
    "seed": 89,
    "model": "lightgbm",
    "antibiotic": "Oxacillin",
    "species": "Staphylococcus aureus",
    "metadata_versions_train": {
        "2019_clean.csv": "954305e482e840a815b44f310adbfdc1871bba52"
    },
    "metadata_versions_test": {
        "2019_clean.csv": "c9c4830e6f30ecb54e329451c7ffce195bb0bfc5"
    },
    "0": {
        "train_accuracy": 0.9354838709677419,
        "train_auprc": 0.8,
        "train_auroc": 0.9913793103448276,
        "test_source_accuracy": 0.90625,
        "test_source_auprc": 0.09375,
        "test_source_auroc": 0.3448275862068966,
        "test_target_accuracy": 0.90625,
        "test_target_auprc": 0.09375,
        "test_target_auroc": 0.3620689655172414
    },
    "1": {
        "train_accuracy": 1.0,
        "train_auprc": 1.0,
        "train_auroc": 1.0,
        "test_source_accuracy": 0.8387096774193549,
        "test_source_auprc": 0.054945054945054944,
        "test_source_auroc": 0.12068965517241381,
        "test_target_accuracy": 0.8709677419354839,
        "test_target_auprc": 0.08116883116883117,
        "test_target_auroc": 0.3793103448275862
    },
    "2": {
        "train_accuracy": 0.9206349206349206,
        "train_auprc": 0.07936507936507936,
        "train_auroc": 0.5,
        "test_source_accuracy": 0.9354838709677419,
        "test_source_auprc": 0.06451612903225806,
        "test_source_auroc": 0.5,
        "test_target_accuracy": 0.9354838709677419,
        "test_target_auprc": 0.06451612903225806,
        "test_target_auroc": 0.5
    }
}