{
    "train_site": "DRIAMS-E",
    "train_years": [
        "2019"
    ],
    "test_site": "DRIAMS-F",
    "test_years": [
        "2019"
    ],
    "seed": 164,
    "model": "svm-linear",
    "antibiotic": "Ceftriaxone",
    "species": "Escherichia coli",
    "metadata_versions_train": {
        "2019_clean.csv": "954305e482e840a815b44f310adbfdc1871bba52"
    },
    "metadata_versions_test": {
        "2019_clean.csv": "c9c4830e6f30ecb54e329451c7ffce195bb0bfc5"
    },
    "0": {
        "train_accuracy": 0.92,
        "train_auprc": 0.060694413966303366,
        "train_auroc": 0.20108695652173914,
        "test_source_accuracy": 0.9230769230769231,
        "test_source_auprc": 0.07107843137254902,
        "test_source_auroc": 0.20833333333333337,
        "test_target_accuracy": 0.9230769230769231,
        "test_target_auprc": 0.08116883116883117,
        "test_target_auroc": 0.3125
    },
    "1": {
        "train_accuracy": 1.0,
        "train_auprc": 1.0,
        "train_auroc": 1.0,
        "test_source_accuracy": 0.92,
        "test_source_auprc": 0.10833333333333334,
        "test_source_auroc": 0.4782608695652174,
        "test_target_accuracy": 0.92,
        "test_target_auprc": 0.5416666666666666,
        "test_target_auroc": 0.5217391304347826
    },
    "2": {
        "train_accuracy": 0.9215686274509803,
        "train_auprc": 0.07401352789177687,
        "train_auroc": 0.23936170212765956,
        "test_source_accuracy": 0.92,
        "test_source_auprc": 0.065,
        "test_source_auroc": 0.08695652173913043,
        "test_target_accuracy": 0.92,
        "test_target_auprc": 0.08888888888888888,
        "test_target_auroc": 0.34782608695652173
    }
}