{
    "train_site": "DRIAMS-F",
    "train_years": [
        "2019"
    ],
    "test_site": "DRIAMS-E",
    "test_years": [
        "2019"
    ],
    "seed": 172,
    "model": "lr",
    "antibiotic": "Cefepime",
    "species": "Escherichia coli",
    "metadata_versions_train": {
        "2019_clean.csv": "c9c4830e6f30ecb54e329451c7ffce195bb0bfc5"
    },
    "metadata_versions_test": {
        "2019_clean.csv": "954305e482e840a815b44f310adbfdc1871bba52"
    },
    "0": {
        "train_accuracy": 1.0,
        "train_auprc": 1.0,
        "train_auroc": 1.0,
        "test_source_accuracy": 0.6923076923076923,
        "test_source_auprc": 0.2111111111111111,
        "test_source_auroc": 0.7708333333333333,
        "test_target_accuracy": 0.15384615384615385,
        "test_target_auprc": 0.5588235294117647,
        "test_target_auroc": 0.6875
    },
    "1": {
        "train_accuracy": 1.0,
        "train_auprc": 1.0,
        "train_auroc": 1.0,
        "test_source_accuracy": 0.48,
        "test_source_auprc": 0.17261904761904762,
        "test_source_auroc": 0.5217391304347826,
        "test_target_accuracy": 0.36,
        "test_target_auprc": 0.10833333333333334,
        "test_target_auroc": 0.4782608695652174
    },
    "2": {
        "train_accuracy": 0.9215686274509803,
        "train_auprc": 0.6706730769230769,
        "train_auroc": 0.9255319148936171,
        "test_source_accuracy": 0.92,
        "test_source_auprc": 0.18333333333333335,
        "test_source_auroc": 0.6956521739130436,
        "test_target_accuracy": 0.92,
        "test_target_auprc": 0.26666666666666666,
        "test_target_auroc": 0.8260869565217391
    }
}