{
    "train_site": "DRIAMS-F",
    "train_years": [
        "2019"
    ],
    "test_site": "DRIAMS-E",
    "test_years": [
        "2019"
    ],
    "seed": 545,
    "model": "lightgbm",
    "antibiotic": "Oxacillin",
    "species": "Staphylococcus aureus",
    "metadata_versions_train": {
        "2019_clean.csv": "c9c4830e6f30ecb54e329451c7ffce195bb0bfc5"
    },
    "metadata_versions_test": {
        "2019_clean.csv": "954305e482e840a815b44f310adbfdc1871bba52"
    },
    "0": {
        "train_accuracy": 1.0,
        "train_auprc": 1.0,
        "train_auroc": 1.0,
        "test_source_accuracy": 0.90625,
        "test_source_auprc": 0.6979166666666666,
        "test_source_auroc": 0.6666666666666666,
        "test_target_accuracy": 0.90625,
        "test_target_auprc": 0.06963180188986641,
        "test_target_auroc": 0.11494252873563215
    },
    "1": {
        "train_accuracy": 1.0,
        "train_auprc": 1.0,
        "train_auroc": 1.0,
        "test_source_accuracy": 0.9354838709677419,
        "test_source_auprc": 0.06777777777777777,
        "test_source_auroc": 0.3103448275862069,
        "test_target_accuracy": 0.9354838709677419,
        "test_target_auprc": 0.11309523809523808,
        "test_target_auroc": 0.6034482758620691
    },
    "2": {
        "train_accuracy": 1.0,
        "train_auprc": 1.0,
        "train_auroc": 1.0,
        "test_source_accuracy": 0.9354838709677419,
        "test_source_auprc": 0.1534090909090909,
        "test_source_auroc": 0.7241379310344828,
        "test_target_accuracy": 0.9354838709677419,
        "test_target_auprc": 0.3125,
        "test_target_auroc": 0.7413793103448275
    }
}