{
    "train_site": "DRIAMS-E",
    "train_years": [
        "2019"
    ],
    "test_site": "DRIAMS-F",
    "test_years": [
        "2019"
    ],
    "seed": 35,
    "model": "lightgbm",
    "antibiotic": "Ceftriaxone",
    "species": "Escherichia coli",
    "metadata_versions_train": {
        "2019_clean.csv": "954305e482e840a815b44f310adbfdc1871bba52"
    },
    "metadata_versions_test": {
        "2019_clean.csv": "c9c4830e6f30ecb54e329451c7ffce195bb0bfc5"
    },
    "0": {
        "train_accuracy": 1.0,
        "train_auprc": 1.0,
        "train_auroc": 1.0,
        "test_source_accuracy": 0.8846153846153846,
        "test_source_auprc": 0.35,
        "test_source_auroc": 0.8125,
        "test_target_accuracy": 0.7692307692307693,
        "test_target_auprc": 0.22916666666666666,
        "test_target_auroc": 0.6666666666666666
    },
    "1": {
        "train_accuracy": 0.9019607843137255,
        "train_auprc": 0.4444444444444444,
        "train_auroc": 0.9468085106382979,
        "test_source_accuracy": 0.68,
        "test_source_auprc": 0.10250000000000001,
        "test_source_auroc": 0.4891304347826087,
        "test_target_accuracy": 0.6,
        "test_target_auprc": 0.1,
        "test_target_auroc": 0.5978260869565217
    },
    "2": {
        "train_accuracy": 0.9803921568627451,
        "train_auprc": 1.0,
        "train_auroc": 1.0,
        "test_source_accuracy": 0.84,
        "test_source_auprc": 0.29,
        "test_source_auroc": 0.5217391304347826,
        "test_target_accuracy": 0.76,
        "test_target_auprc": 0.15263157894736842,
        "test_target_auroc": 0.5434782608695652
    }
}