{
    "train_site": "DRIAMS-F",
    "train_years": [
        "2019"
    ],
    "test_site": "DRIAMS-E",
    "test_years": [
        "2019"
    ],
    "seed": 409,
    "model": "svm-linear",
    "antibiotic": "Cefepime",
    "species": "Escherichia coli",
    "metadata_versions_train": {
        "2019_clean.csv": "c9c4830e6f30ecb54e329451c7ffce195bb0bfc5"
    },
    "metadata_versions_test": {
        "2019_clean.csv": "954305e482e840a815b44f310adbfdc1871bba52"
    },
    "0": {
        "train_accuracy": 1.0,
        "train_auprc": 1.0,
        "train_auroc": 1.0,
        "test_source_accuracy": 0.9230769230769231,
        "test_source_auprc": 0.21666666666666667,
        "test_source_auroc": 0.5833333333333333,
        "test_target_accuracy": 0.9230769230769231,
        "test_target_auprc": 0.13095238095238093,
        "test_target_auroc": 0.5
    },
    "1": {
        "train_accuracy": 1.0,
        "train_auprc": 1.0,
        "train_auroc": 1.0,
        "test_source_accuracy": 0.92,
        "test_source_auprc": 0.09215686274509804,
        "test_source_auroc": 0.3695652173913043,
        "test_target_accuracy": 0.92,
        "test_target_auprc": 0.15263157894736842,
        "test_target_auroc": 0.5434782608695652
    },
    "2": {
        "train_accuracy": 1.0,
        "train_auprc": 1.0,
        "train_auroc": 1.0,
        "test_source_accuracy": 0.92,
        "test_source_auprc": 0.3611111111111111,
        "test_source_auroc": 0.8260869565217391,
        "test_target_accuracy": 0.88,
        "test_target_auprc": 0.12406015037593984,
        "test_target_auroc": 0.5
    }
}