{
    "train_site": "DRIAMS-F",
    "train_years": [
        "2019"
    ],
    "test_site": "DRIAMS-E",
    "test_years": [
        "2019"
    ],
    "seed": 164,
    "model": "rf",
    "antibiotic": "Ciprofloxacin",
    "species": "Escherichia coli",
    "metadata_versions_train": {
        "2019_clean.csv": "c9c4830e6f30ecb54e329451c7ffce195bb0bfc5"
    },
    "metadata_versions_test": {
        "2019_clean.csv": "954305e482e840a815b44f310adbfdc1871bba52"
    },
    "0": {
        "train_accuracy": 1.0,
        "train_auprc": 1.0,
        "train_auroc": 1.0,
        "test_source_accuracy": 0.8076923076923077,
        "test_source_auprc": 0.2992458521870287,
        "test_source_auroc": 0.5285714285714286,
        "test_target_accuracy": 0.8076923076923077,
        "test_target_auprc": 0.36969696969696964,
        "test_target_auroc": 0.5285714285714286
    },
    "1": {
        "train_accuracy": 1.0,
        "train_auprc": 1.0,
        "train_auroc": 1.0,
        "test_source_accuracy": 0.84,
        "test_source_auprc": 0.17745098039215684,
        "test_source_auroc": 0.45833333333333337,
        "test_target_accuracy": 0.84,
        "test_target_auprc": 0.12646145414687615,
        "test_target_auroc": 0.255952380952381
    },
    "2": {
        "train_accuracy": 1.0,
        "train_auprc": 1.0000000000000002,
        "train_auroc": 1.0,
        "test_source_accuracy": 0.84,
        "test_source_auprc": 0.3756211180124224,
        "test_source_auroc": 0.7023809523809524,
        "test_target_accuracy": 0.84,
        "test_target_auprc": 0.24163690476190475,
        "test_target_auroc": 0.5476190476190477
    }
}