{
    "train_site": "DRIAMS-E",
    "train_years": [
        "2019"
    ],
    "test_site": "DRIAMS-F",
    "test_years": [
        "2019"
    ],
    "seed": 35,
    "model": "svm-rbf",
    "antibiotic": "Ciprofloxacin",
    "species": "Staphylococcus aureus",
    "metadata_versions_train": {
        "2019_clean.csv": "954305e482e840a815b44f310adbfdc1871bba52"
    },
    "metadata_versions_test": {
        "2019_clean.csv": "c9c4830e6f30ecb54e329451c7ffce195bb0bfc5"
    },
    "0": {
        "train_accuracy": 1.0,
        "train_auprc": 1.0,
        "train_auroc": 1.0,
        "test_source_accuracy": 0.90625,
        "test_source_auprc": 0.20882352941176469,
        "test_source_auroc": 0.7241379310344827,
        "test_target_accuracy": 0.90625,
        "test_target_auprc": 0.20088566827697263,
        "test_target_auroc": 0.6551724137931034
    },
    "1": {
        "train_accuracy": 0.9047619047619048,
        "train_auprc": 0.06731231307691046,
        "train_auroc": 0.2046783625730994,
        "test_source_accuracy": 0.90625,
        "test_source_auprc": 0.06976993536133322,
        "test_source_auroc": 0.10344827586206898,
        "test_target_accuracy": 0.90625,
        "test_target_auprc": 0.10808080808080808,
        "test_target_auroc": 0.42528735632183906
    },
    "2": {
        "train_accuracy": 0.90625,
        "train_auprc": 0.05731062511438488,
        "train_auroc": 0.04310344827586208,
        "test_source_accuracy": 0.9032258064516129,
        "test_source_auprc": 0.13055555555555556,
        "test_source_auroc": 0.47619047619047616,
        "test_target_accuracy": 0.9032258064516129,
        "test_target_auprc": 0.286096256684492,
        "test_target_auroc": 0.7142857142857143
    }
}