{
    "train_site": "DRIAMS-F",
    "train_years": [
        "2019"
    ],
    "test_site": "DRIAMS-E",
    "test_years": [
        "2019"
    ],
    "seed": 188,
    "model": "lightgbm",
    "antibiotic": "Ciprofloxacin",
    "species": "Staphylococcus aureus",
    "metadata_versions_train": {
        "2019_clean.csv": "c9c4830e6f30ecb54e329451c7ffce195bb0bfc5"
    },
    "metadata_versions_test": {
        "2019_clean.csv": "954305e482e840a815b44f310adbfdc1871bba52"
    },
    "0": {
        "train_accuracy": 0.9047619047619048,
        "train_auprc": 0.2,
        "train_auroc": 0.5964912280701755,
        "test_source_accuracy": 0.90625,
        "test_source_auprc": 0.14285714285714285,
        "test_source_auroc": 0.6896551724137931,
        "test_target_accuracy": 0.90625,
        "test_target_auprc": 0.09375,
        "test_target_auroc": 0.41379310344827586
    },
    "1": {
        "train_accuracy": 1.0,
        "train_auprc": 1.0,
        "train_auroc": 1.0,
        "test_source_accuracy": 0.90625,
        "test_source_auprc": 0.09158730158730158,
        "test_source_auroc": 0.3448275862068966,
        "test_target_accuracy": 0.90625,
        "test_target_auprc": 0.38940092165898615,
        "test_target_auroc": 0.37931034482758613
    },
    "2": {
        "train_accuracy": 0.90625,
        "train_auprc": 0.17647058823529413,
        "train_auroc": 0.5344827586206896,
        "test_source_accuracy": 0.9032258064516129,
        "test_source_auprc": 0.08118279569892474,
        "test_source_auroc": 0.23809523809523805,
        "test_target_accuracy": 0.9032258064516129,
        "test_target_auprc": 0.14336917562724014,
        "test_target_auroc": 0.5952380952380951
    }
}