{
    "train_site": "DRIAMS-E",
    "train_years": [
        "2019"
    ],
    "test_site": "DRIAMS-F",
    "test_years": [
        "2019"
    ],
    "seed": 188,
    "model": "svm-linear",
    "antibiotic": "Ciprofloxacin",
    "species": "Escherichia coli",
    "metadata_versions_train": {
        "2019_clean.csv": "954305e482e840a815b44f310adbfdc1871bba52"
    },
    "metadata_versions_test": {
        "2019_clean.csv": "c9c4830e6f30ecb54e329451c7ffce195bb0bfc5"
    },
    "0": {
        "train_accuracy": 1.0,
        "train_auprc": 0.09457170867429723,
        "train_auroc": 0.0,
        "test_source_accuracy": 0.7692307692307693,
        "test_source_auprc": 0.15519078444775042,
        "test_source_auroc": 0.42045454545454547,
        "test_target_accuracy": 0.8846153846153846,
        "test_target_auprc": 0.1153464590964591,
        "test_target_auroc": 0.1818181818181818
    },
    "1": {
        "train_accuracy": 0.8431372549019608,
        "train_auprc": 0.13023267079028722,
        "train_auroc": 0.34883720930232553,
        "test_source_accuracy": 0.84,
        "test_source_auprc": 0.20260642135642135,
        "test_source_auroc": 0.5357142857142857,
        "test_target_accuracy": 0.84,
        "test_target_auprc": 0.6142857142857143,
        "test_target_auroc": 0.7619047619047619
    },
    "2": {
        "train_accuracy": 1.0,
        "train_auprc": 1.0,
        "train_auroc": 1.0,
        "test_source_accuracy": 0.84,
        "test_source_auprc": 0.1889423076923077,
        "test_source_auroc": 0.5119047619047619,
        "test_target_accuracy": 0.8,
        "test_target_auprc": 0.15971153846153846,
        "test_target_auroc": 0.39285714285714285
    }
}