{
    "train_site": "DRIAMS-E",
    "train_years": [
        "2019"
    ],
    "test_site": "DRIAMS-F",
    "test_years": [
        "2019"
    ],
    "seed": 409,
    "model": "rf",
    "antibiotic": "Ciprofloxacin",
    "species": "Escherichia coli",
    "metadata_versions_train": {
        "2019_clean.csv": "954305e482e840a815b44f310adbfdc1871bba52"
    },
    "metadata_versions_test": {
        "2019_clean.csv": "c9c4830e6f30ecb54e329451c7ffce195bb0bfc5"
    },
    "0": {
        "train_accuracy": 1.0,
        "train_auprc": 1.0,
        "train_auroc": 1.0,
        "test_source_accuracy": 0.8076923076923077,
        "test_source_auprc": 0.16450216450216448,
        "test_source_auroc": 0.5056818181818182,
        "test_target_accuracy": 0.8461538461538461,
        "test_target_auprc": 0.209280303030303,
        "test_target_auroc": 0.5568181818181819
    },
    "1": {
        "train_accuracy": 1.0,
        "train_auprc": 1.0,
        "train_auroc": 1.0,
        "test_source_accuracy": 0.84,
        "test_source_auprc": 0.16083333333333333,
        "test_source_auroc": 0.369047619047619,
        "test_target_accuracy": 0.84,
        "test_target_auprc": 0.25,
        "test_target_auroc": 0.630952380952381
    },
    "2": {
        "train_accuracy": 1.0,
        "train_auprc": 1.0,
        "train_auroc": 1.0,
        "test_source_accuracy": 0.84,
        "test_source_auprc": 0.18333333333333335,
        "test_source_auroc": 0.4166666666666667,
        "test_target_accuracy": 0.84,
        "test_target_auprc": 0.18502923976608188,
        "test_target_auroc": 0.48214285714285715
    }
}