{
    "train_site": "DRIAMS-E",
    "train_years": [
        "2019"
    ],
    "test_site": "DRIAMS-F",
    "test_years": [
        "2019"
    ],
    "seed": 172,
    "model": "lr",
    "antibiotic": "Oxacillin",
    "species": "Staphylococcus aureus",
    "metadata_versions_train": {
        "2019_clean.csv": "954305e482e840a815b44f310adbfdc1871bba52"
    },
    "metadata_versions_test": {
        "2019_clean.csv": "c9c4830e6f30ecb54e329451c7ffce195bb0bfc5"
    },
    "0": {
        "train_accuracy": 1.0,
        "train_auprc": 1.0,
        "train_auroc": 1.0,
        "test_source_accuracy": 0.90625,
        "test_source_auprc": 0.3883928571428571,
        "test_source_auroc": 0.36781609195402293,
        "test_target_accuracy": 0.78125,
        "test_target_auprc": 0.08927738927738929,
        "test_target_auroc": 0.29885057471264365
    },
    "1": {
        "train_accuracy": 0.9206349206349206,
        "train_auprc": 0.5473339160839161,
        "train_auroc": 0.8482758620689655,
        "test_source_accuracy": 0.9354838709677419,
        "test_source_auprc": 0.29545454545454547,
        "test_source_auroc": 0.6379310344827587,
        "test_target_accuracy": 0.9354838709677419,
        "test_target_auprc": 0.08125,
        "test_target_auroc": 0.43103448275862066
    },
    "2": {
        "train_accuracy": 0.9206349206349206,
        "train_auprc": 0.6509062253743105,
        "train_auroc": 0.7758620689655172,
        "test_source_accuracy": 0.9354838709677419,
        "test_source_auprc": 0.07771260997067449,
        "test_source_auroc": 0.3275862068965517,
        "test_target_accuracy": 0.9354838709677419,
        "test_target_auprc": 0.25,
        "test_target_auroc": 0.7931034482758621
    }
}