{
    "train_site": "DRIAMS-F",
    "train_years": [
        "2019"
    ],
    "test_site": "DRIAMS-E",
    "test_years": [
        "2019"
    ],
    "seed": 545,
    "model": "rf",
    "antibiotic": "Ciprofloxacin",
    "species": "Escherichia coli",
    "metadata_versions_train": {
        "2019_clean.csv": "c9c4830e6f30ecb54e329451c7ffce195bb0bfc5"
    },
    "metadata_versions_test": {
        "2019_clean.csv": "954305e482e840a815b44f310adbfdc1871bba52"
    },
    "0": {
        "train_accuracy": 1.0,
        "train_auprc": 1.0,
        "train_auroc": 1.0,
        "test_source_accuracy": 0.8076923076923077,
        "test_source_auprc": 0.33285135916714864,
        "test_source_auroc": 0.7047619047619047,
        "test_target_accuracy": 0.8076923076923077,
        "test_target_auprc": 0.35,
        "test_target_auroc": 0.4
    },
    "1": {
        "train_accuracy": 1.0,
        "train_auprc": 1.0,
        "train_auroc": 1.0,
        "test_source_accuracy": 0.84,
        "test_source_auprc": 0.17637774806892453,
        "test_source_auroc": 0.49404761904761907,
        "test_target_accuracy": 0.84,
        "test_target_auprc": 0.19569964349376112,
        "test_target_auroc": 0.3869047619047619
    },
    "2": {
        "train_accuracy": 1.0,
        "train_auprc": 1.0,
        "train_auroc": 1.0,
        "test_source_accuracy": 0.84,
        "test_source_auprc": 0.21195652173913043,
        "test_source_auroc": 0.4642857142857143,
        "test_target_accuracy": 0.84,
        "test_target_auprc": 0.20238095238095238,
        "test_target_auroc": 0.4404761904761905
    }
}