{
    "train_site": "DRIAMS-F",
    "train_years": [
        "2019"
    ],
    "test_site": "DRIAMS-E",
    "test_years": [
        "2019"
    ],
    "seed": 35,
    "model": "rf",
    "antibiotic": "Ciprofloxacin",
    "species": "Escherichia coli",
    "metadata_versions_train": {
        "2019_clean.csv": "c9c4830e6f30ecb54e329451c7ffce195bb0bfc5"
    },
    "metadata_versions_test": {
        "2019_clean.csv": "954305e482e840a815b44f310adbfdc1871bba52"
    },
    "0": {
        "train_accuracy": 1.0,
        "train_auprc": 1.0,
        "train_auroc": 1.0,
        "test_source_accuracy": 0.8076923076923077,
        "test_source_auprc": 0.19483065953654188,
        "test_source_auroc": 0.44761904761904764,
        "test_target_accuracy": 0.8076923076923077,
        "test_target_auprc": 0.15384615384615383,
        "test_target_auroc": 0.24761904761904763
    },
    "1": {
        "train_accuracy": 1.0,
        "train_auprc": 1.0000000000000002,
        "train_auroc": 1.0,
        "test_source_accuracy": 0.84,
        "test_source_auprc": 0.2518115942028985,
        "test_source_auroc": 0.5892857142857143,
        "test_target_accuracy": 0.84,
        "test_target_auprc": 0.18995098039215685,
        "test_target_auroc": 0.505952380952381
    },
    "2": {
        "train_accuracy": 1.0,
        "train_auprc": 1.0,
        "train_auroc": 1.0,
        "test_source_accuracy": 0.84,
        "test_source_auprc": 0.2357142857142857,
        "test_source_auroc": 0.6309523809523809,
        "test_target_accuracy": 0.84,
        "test_target_auprc": 0.19246031746031744,
        "test_target_auroc": 0.5892857142857143
    }
}