{
    "train_site": "DRIAMS-F",
    "train_years": [
        "2019"
    ],
    "test_site": "DRIAMS-E",
    "test_years": [
        "2019"
    ],
    "seed": 188,
    "model": "rf",
    "antibiotic": "Ciprofloxacin",
    "species": "Staphylococcus aureus",
    "metadata_versions_train": {
        "2019_clean.csv": "c9c4830e6f30ecb54e329451c7ffce195bb0bfc5"
    },
    "metadata_versions_test": {
        "2019_clean.csv": "954305e482e840a815b44f310adbfdc1871bba52"
    },
    "0": {
        "train_accuracy": 1.0,
        "train_auprc": 1.0,
        "train_auroc": 1.0,
        "test_source_accuracy": 0.90625,
        "test_source_auprc": 0.0962962962962963,
        "test_source_auroc": 0.44252873563218387,
        "test_target_accuracy": 0.90625,
        "test_target_auprc": 0.09125,
        "test_target_auroc": 0.37356321839080453
    },
    "1": {
        "train_accuracy": 1.0,
        "train_auprc": 1.0,
        "train_auroc": 1.0,
        "test_source_accuracy": 0.90625,
        "test_source_auprc": 0.06680555555555555,
        "test_source_auroc": 0.10344827586206896,
        "test_target_accuracy": 0.90625,
        "test_target_auprc": 0.25,
        "test_target_auroc": 0.7413793103448276
    },
    "2": {
        "train_accuracy": 1.0,
        "train_auprc": 1.0,
        "train_auroc": 1.0,
        "test_source_accuracy": 0.9032258064516129,
        "test_source_auprc": 0.2768115942028986,
        "test_source_auroc": 0.7380952380952381,
        "test_target_accuracy": 0.9032258064516129,
        "test_target_auprc": 0.11781609195402298,
        "test_target_auroc": 0.5535714285714286
    }
}