{
    "train_site": "DRIAMS-E",
    "train_years": [
        "2019"
    ],
    "test_site": "DRIAMS-F",
    "test_years": [
        "2019"
    ],
    "seed": 188,
    "model": "lightgbm",
    "antibiotic": "Ciprofloxacin",
    "species": "Escherichia coli",
    "metadata_versions_train": {
        "2019_clean.csv": "954305e482e840a815b44f310adbfdc1871bba52"
    },
    "metadata_versions_test": {
        "2019_clean.csv": "c9c4830e6f30ecb54e329451c7ffce195bb0bfc5"
    },
    "0": {
        "train_accuracy": 0.94,
        "train_auprc": 0.7272727272727273,
        "train_auroc": 0.9642857142857143,
        "test_source_accuracy": 0.7692307692307693,
        "test_source_auprc": 0.2839285714285714,
        "test_source_auroc": 0.7727272727272727,
        "test_target_accuracy": 0.8846153846153846,
        "test_target_auprc": 0.45535714285714285,
        "test_target_auroc": 0.7840909090909091
    },
    "1": {
        "train_accuracy": 0.803921568627451,
        "train_auprc": 0.4444444444444444,
        "train_auroc": 0.8837209302325582,
        "test_source_accuracy": 0.6,
        "test_source_auprc": 0.15125,
        "test_source_auroc": 0.44047619047619047,
        "test_target_accuracy": 0.68,
        "test_target_auprc": 0.16166666666666665,
        "test_target_auroc": 0.34523809523809523
    },
    "2": {
        "train_accuracy": 0.9019607843137255,
        "train_auprc": 0.6153846153846154,
        "train_auroc": 0.9418604651162791,
        "test_source_accuracy": 0.72,
        "test_source_auprc": 0.21857142857142858,
        "test_source_auroc": 0.6071428571428572,
        "test_target_accuracy": 0.88,
        "test_target_auprc": 0.41333333333333333,
        "test_target_auroc": 0.6071428571428572
    }
}