{
    "train_site": "DRIAMS-E",
    "train_years": [
        "2019"
    ],
    "test_site": "DRIAMS-F",
    "test_years": [
        "2019"
    ],
    "seed": 164,
    "model": "lightgbm",
    "antibiotic": "Ciprofloxacin",
    "species": "Staphylococcus aureus",
    "metadata_versions_train": {
        "2019_clean.csv": "954305e482e840a815b44f310adbfdc1871bba52"
    },
    "metadata_versions_test": {
        "2019_clean.csv": "c9c4830e6f30ecb54e329451c7ffce195bb0bfc5"
    },
    "0": {
        "train_accuracy": 1.0,
        "train_auprc": 1.0,
        "train_auroc": 1.0,
        "test_source_accuracy": 0.875,
        "test_source_auprc": 0.09696969696969698,
        "test_source_auroc": 0.3563218390804598,
        "test_target_accuracy": 0.875,
        "test_target_auprc": 0.15833333333333333,
        "test_target_auroc": 0.632183908045977
    },
    "1": {
        "train_accuracy": 0.9523809523809523,
        "train_auprc": 1.0,
        "train_auroc": 1.0,
        "test_source_accuracy": 0.875,
        "test_source_auprc": 0.5054945054945055,
        "test_source_auroc": 0.8275862068965517,
        "test_target_accuracy": 0.84375,
        "test_target_auprc": 0.07646859083191851,
        "test_target_auroc": 0.2068965517241379
    },
    "2": {
        "train_accuracy": 1.0,
        "train_auprc": 1.0,
        "train_auroc": 1.0,
        "test_source_accuracy": 0.9032258064516129,
        "test_source_auprc": 0.20357142857142857,
        "test_source_auroc": 0.6428571428571428,
        "test_target_accuracy": 0.9032258064516129,
        "test_target_auprc": 0.1508190883190883,
        "test_target_auroc": 0.6190476190476191
    }
}