{
    "train_site": "DRIAMS-F",
    "train_years": [
        "2019"
    ],
    "test_site": "DRIAMS-E",
    "test_years": [
        "2019"
    ],
    "seed": 188,
    "model": "svm-rbf",
    "antibiotic": "Ciprofloxacin",
    "species": "Escherichia coli",
    "metadata_versions_train": {
        "2019_clean.csv": "c9c4830e6f30ecb54e329451c7ffce195bb0bfc5"
    },
    "metadata_versions_test": {
        "2019_clean.csv": "954305e482e840a815b44f310adbfdc1871bba52"
    },
    "0": {
        "train_accuracy": 1.0,
        "train_auprc": 0.09457170867429723,
        "train_auroc": 0.0,
        "test_source_accuracy": 0.8076923076923077,
        "test_source_auprc": 0.19256410256410256,
        "test_source_auroc": 0.4190476190476191,
        "test_target_accuracy": 0.8076923076923077,
        "test_target_auprc": 0.5314685314685315,
        "test_target_auroc": 0.7619047619047619
    },
    "1": {
        "train_accuracy": 0.17647058823529413,
        "train_auprc": 0.10367158418107468,
        "train_auroc": 0.0,
        "test_source_accuracy": 0.16,
        "test_source_auprc": 0.3,
        "test_source_auroc": 0.6309523809523809,
        "test_target_accuracy": 0.16,
        "test_target_auprc": 0.28154761904761905,
        "test_target_auroc": 0.5238095238095237
    },
    "2": {
        "train_accuracy": 0.9019607843137255,
        "train_auprc": 0.8583264955813976,
        "train_auroc": 0.9603174603174603,
        "test_source_accuracy": 0.68,
        "test_source_auprc": 0.14643728304719017,
        "test_source_auroc": 0.34523809523809523,
        "test_target_accuracy": 0.8,
        "test_target_auprc": 0.1618954248366013,
        "test_target_auroc": 0.39285714285714285
    }
}