{
    "train_site": "DRIAMS-F",
    "train_years": [
        "2019"
    ],
    "test_site": "DRIAMS-E",
    "test_years": [
        "2019"
    ],
    "seed": 344,
    "model": "rf",
    "antibiotic": "Oxacillin",
    "species": "Staphylococcus aureus",
    "metadata_versions_train": {
        "2019_clean.csv": "c9c4830e6f30ecb54e329451c7ffce195bb0bfc5"
    },
    "metadata_versions_test": {
        "2019_clean.csv": "954305e482e840a815b44f310adbfdc1871bba52"
    },
    "0": {
        "train_accuracy": 0.9838709677419355,
        "train_auprc": 1.0,
        "train_auroc": 1.0,
        "test_source_accuracy": 0.90625,
        "test_source_auprc": 0.12670250896057347,
        "test_source_auroc": 0.41954022988505746,
        "test_target_accuracy": 0.90625,
        "test_target_auprc": 0.5222222222222221,
        "test_target_auroc": 0.8103448275862069
    },
    "1": {
        "train_accuracy": 1.0,
        "train_auprc": 1.0,
        "train_auroc": 1.0,
        "test_source_accuracy": 0.9354838709677419,
        "test_source_auprc": 0.13225806451612904,
        "test_source_auroc": 0.4568965517241379,
        "test_target_accuracy": 0.9354838709677419,
        "test_target_auprc": 0.05185185185185185,
        "test_target_auroc": 0.11206896551724135
    },
    "2": {
        "train_accuracy": 1.0,
        "train_auprc": 1.0,
        "train_auroc": 1.0,
        "test_source_accuracy": 0.9354838709677419,
        "test_source_auprc": 0.10833333333333334,
        "test_source_auroc": 0.6206896551724138,
        "test_target_accuracy": 0.9354838709677419,
        "test_target_auprc": 0.059482758620689656,
        "test_target_auroc": 0.2586206896551724
    }
}