{
    "train_site": "DRIAMS-E",
    "train_years": [
        "2019"
    ],
    "test_site": "DRIAMS-F",
    "test_years": [
        "2019"
    ],
    "seed": 172,
    "model": "lightgbm",
    "antibiotic": "Ceftriaxone",
    "species": "Escherichia coli",
    "metadata_versions_train": {
        "2019_clean.csv": "954305e482e840a815b44f310adbfdc1871bba52"
    },
    "metadata_versions_test": {
        "2019_clean.csv": "c9c4830e6f30ecb54e329451c7ffce195bb0bfc5"
    },
    "0": {
        "train_accuracy": 1.0,
        "train_auprc": 1.0,
        "train_auroc": 1.0,
        "test_source_accuracy": 0.9230769230769231,
        "test_source_auprc": 0.5666666666666667,
        "test_source_auroc": 0.7291666666666667,
        "test_target_accuracy": 0.9230769230769231,
        "test_target_auprc": 0.08846153846153847,
        "test_target_auroc": 0.3125
    },
    "1": {
        "train_accuracy": 0.9803921568627451,
        "train_auprc": 1.0,
        "train_auroc": 1.0,
        "test_source_accuracy": 0.84,
        "test_source_auprc": 0.20666666666666667,
        "test_source_auroc": 0.4565217391304348,
        "test_target_accuracy": 0.64,
        "test_target_auprc": 0.10597826086956522,
        "test_target_auroc": 0.391304347826087
    },
    "2": {
        "train_accuracy": 0.9803921568627451,
        "train_auprc": 1.0,
        "train_auroc": 1.0,
        "test_source_accuracy": 0.76,
        "test_source_auprc": 0.2222222222222222,
        "test_source_auroc": 0.7608695652173914,
        "test_target_accuracy": 0.84,
        "test_target_auprc": 0.29,
        "test_target_auroc": 0.5108695652173914
    }
}