{
    "train_site": "DRIAMS-E",
    "train_years": [
        "2019"
    ],
    "test_site": "DRIAMS-F",
    "test_years": [
        "2019"
    ],
    "seed": 172,
    "model": "rf",
    "antibiotic": "Oxacillin",
    "species": "Staphylococcus aureus",
    "metadata_versions_train": {
        "2019_clean.csv": "954305e482e840a815b44f310adbfdc1871bba52"
    },
    "metadata_versions_test": {
        "2019_clean.csv": "c9c4830e6f30ecb54e329451c7ffce195bb0bfc5"
    },
    "0": {
        "train_accuracy": 1.0,
        "train_auprc": 1.0,
        "train_auroc": 1.0,
        "test_source_accuracy": 0.90625,
        "test_source_auprc": 0.08472222222222223,
        "test_source_auroc": 0.3333333333333333,
        "test_target_accuracy": 0.90625,
        "test_target_auprc": 0.13223443223443224,
        "test_target_auroc": 0.5919540229885057
    },
    "1": {
        "train_accuracy": 1.0,
        "train_auprc": 1.0,
        "train_auroc": 0.9999999999999999,
        "test_source_accuracy": 0.9354838709677419,
        "test_source_auprc": 0.5333333333333333,
        "test_source_auroc": 0.5775862068965517,
        "test_target_accuracy": 0.9354838709677419,
        "test_target_auprc": 0.18055555555555555,
        "test_target_auroc": 0.7586206896551725
    },
    "2": {
        "train_accuracy": 1.0,
        "train_auprc": 1.0,
        "train_auroc": 1.0,
        "test_source_accuracy": 0.9354838709677419,
        "test_source_auprc": 0.3,
        "test_source_auroc": 0.7241379310344828,
        "test_target_accuracy": 0.9354838709677419,
        "test_target_auprc": 0.14285714285714285,
        "test_target_auroc": 0.7241379310344828
    }
}