{
    "train_site": "DRIAMS-F",
    "train_years": [
        "2019"
    ],
    "test_site": "DRIAMS-E",
    "test_years": [
        "2019"
    ],
    "seed": 89,
    "model": "svm-linear",
    "antibiotic": "Ciprofloxacin",
    "species": "Escherichia coli",
    "metadata_versions_train": {
        "2019_clean.csv": "c9c4830e6f30ecb54e329451c7ffce195bb0bfc5"
    },
    "metadata_versions_test": {
        "2019_clean.csv": "954305e482e840a815b44f310adbfdc1871bba52"
    },
    "0": {
        "train_accuracy": 0.84,
        "train_auprc": 0.11139450783665192,
        "train_auroc": 0.21428571428571427,
        "test_source_accuracy": 0.8076923076923077,
        "test_source_auprc": 0.5190734989648034,
        "test_source_auroc": 0.5428571428571428,
        "test_target_accuracy": 0.8076923076923077,
        "test_target_auprc": 0.3326330532212885,
        "test_target_auroc": 0.6571428571428571
    },
    "1": {
        "train_accuracy": 1.0,
        "train_auprc": 0.10367158418107468,
        "train_auroc": 0.0,
        "test_source_accuracy": 0.88,
        "test_source_auprc": 0.19314685314685318,
        "test_source_auroc": 0.4761904761904763,
        "test_target_accuracy": 0.52,
        "test_target_auprc": 0.19246031746031744,
        "test_target_auroc": 0.5119047619047619
    },
    "2": {
        "train_accuracy": 1.0,
        "train_auprc": 0.10367158418107468,
        "train_auroc": 0.0,
        "test_source_accuracy": 0.8,
        "test_source_auprc": 0.18850750063564709,
        "test_source_auroc": 0.4523809523809524,
        "test_target_accuracy": 0.84,
        "test_target_auprc": 0.16048534798534797,
        "test_target_auroc": 0.40476190476190477
    }
}