{
    "train_site": "DRIAMS-F",
    "train_years": [
        "2019"
    ],
    "test_site": "DRIAMS-E",
    "test_years": [
        "2019"
    ],
    "seed": 188,
    "model": "svm-rbf",
    "antibiotic": "Oxacillin",
    "species": "Staphylococcus aureus",
    "metadata_versions_train": {
        "2019_clean.csv": "c9c4830e6f30ecb54e329451c7ffce195bb0bfc5"
    },
    "metadata_versions_test": {
        "2019_clean.csv": "954305e482e840a815b44f310adbfdc1871bba52"
    },
    "0": {
        "train_accuracy": 1.0,
        "train_auprc": 1.0,
        "train_auroc": 1.0,
        "test_source_accuracy": 0.90625,
        "test_source_auprc": 0.6143790849673203,
        "test_source_auroc": 0.8275862068965516,
        "test_target_accuracy": 0.90625,
        "test_target_auprc": 0.24559386973180075,
        "test_target_auroc": 0.5402298850574712
    },
    "1": {
        "train_accuracy": 1.0,
        "train_auprc": 1.0,
        "train_auroc": 1.0,
        "test_source_accuracy": 0.9354838709677419,
        "test_source_auprc": 0.3026315789473684,
        "test_source_auroc": 0.6896551724137931,
        "test_target_accuracy": 0.9354838709677419,
        "test_target_auprc": 0.20833333333333331,
        "test_target_auroc": 0.5862068965517242
    },
    "2": {
        "train_accuracy": 0.9841269841269841,
        "train_auprc": 1.0,
        "train_auroc": 1.0,
        "test_source_accuracy": 0.9032258064516129,
        "test_source_auprc": 0.39285714285714285,
        "test_source_auroc": 0.896551724137931,
        "test_target_accuracy": 0.9354838709677419,
        "test_target_auprc": 0.062037037037037036,
        "test_target_auroc": 0.24137931034482762
    }
}