{
    "train_site": "DRIAMS-F",
    "train_years": [
        "2019"
    ],
    "test_site": "DRIAMS-E",
    "test_years": [
        "2019"
    ],
    "seed": 35,
    "model": "svm-rbf",
    "antibiotic": "Ciprofloxacin",
    "species": "Staphylococcus aureus",
    "metadata_versions_train": {
        "2019_clean.csv": "c9c4830e6f30ecb54e329451c7ffce195bb0bfc5"
    },
    "metadata_versions_test": {
        "2019_clean.csv": "954305e482e840a815b44f310adbfdc1871bba52"
    },
    "0": {
        "train_accuracy": 1.0,
        "train_auprc": 1.0,
        "train_auroc": 1.0,
        "test_source_accuracy": 0.90625,
        "test_source_auprc": 0.3595238095238095,
        "test_source_auroc": 0.8850574712643677,
        "test_target_accuracy": 0.8125,
        "test_target_auprc": 0.09351851851851853,
        "test_target_auroc": 0.3563218390804598
    },
    "1": {
        "train_accuracy": 1.0,
        "train_auprc": 1.0,
        "train_auroc": 1.0,
        "test_source_accuracy": 0.9375,
        "test_source_auprc": 0.6081871345029239,
        "test_source_auroc": 0.8045977011494253,
        "test_target_accuracy": 0.90625,
        "test_target_auprc": 0.3074074074074074,
        "test_target_auroc": 0.7701149425287357
    },
    "2": {
        "train_accuracy": 0.90625,
        "train_auprc": 0.058742725354567454,
        "train_auroc": 0.06321839080459768,
        "test_source_accuracy": 0.9032258064516129,
        "test_source_auprc": 0.21428571428571427,
        "test_source_auroc": 0.75,
        "test_target_accuracy": 0.9032258064516129,
        "test_target_auprc": 0.2672727272727273,
        "test_target_auroc": 0.6190476190476191
    }
}