{
    "train_site": "DRIAMS-F",
    "train_years": [
        "2019"
    ],
    "test_site": "DRIAMS-E",
    "test_years": [
        "2019"
    ],
    "seed": 545,
    "model": "svm-rbf",
    "antibiotic": "Ciprofloxacin",
    "species": "Staphylococcus aureus",
    "metadata_versions_train": {
        "2019_clean.csv": "c9c4830e6f30ecb54e329451c7ffce195bb0bfc5"
    },
    "metadata_versions_test": {
        "2019_clean.csv": "954305e482e840a815b44f310adbfdc1871bba52"
    },
    "0": {
        "train_accuracy": 1.0,
        "train_auprc": 1.0,
        "train_auroc": 1.0,
        "test_source_accuracy": 0.875,
        "test_source_auprc": 0.3958333333333333,
        "test_source_auroc": 0.8160919540229885,
        "test_target_accuracy": 0.8125,
        "test_target_auprc": 0.1694139194139194,
        "test_target_auroc": 0.5632183908045977
    },
    "1": {
        "train_accuracy": 1.0,
        "train_auprc": 1.0,
        "train_auroc": 1.0,
        "test_source_accuracy": 0.90625,
        "test_source_auprc": 0.19576719576719576,
        "test_source_auroc": 0.5862068965517241,
        "test_target_accuracy": 0.90625,
        "test_target_auprc": 0.20239316239316238,
        "test_target_auroc": 0.5977011494252873
    },
    "2": {
        "train_accuracy": 0.90625,
        "train_auprc": 0.0622619773266325,
        "train_auroc": 0.14942528735632182,
        "test_source_accuracy": 0.9032258064516129,
        "test_source_auprc": 0.08893772893772894,
        "test_source_auroc": 0.2976190476190476,
        "test_target_accuracy": 0.9032258064516129,
        "test_target_auprc": 0.07885802469135803,
        "test_target_auroc": 0.20238095238095236
    }
}