{
    "train_site": "DRIAMS-E",
    "train_years": [
        "2019"
    ],
    "test_site": "DRIAMS-F",
    "test_years": [
        "2019"
    ],
    "seed": 270,
    "model": "svm-rbf",
    "antibiotic": "Ciprofloxacin",
    "species": "Escherichia coli",
    "metadata_versions_train": {
        "2019_clean.csv": "954305e482e840a815b44f310adbfdc1871bba52"
    },
    "metadata_versions_test": {
        "2019_clean.csv": "c9c4830e6f30ecb54e329451c7ffce195bb0bfc5"
    },
    "0": {
        "train_accuracy": 1.0,
        "train_auprc": 0.09457170867429723,
        "train_auroc": 0.0,
        "test_source_accuracy": 0.8461538461538461,
        "test_source_auprc": 0.2842948717948718,
        "test_source_auroc": 0.5909090909090908,
        "test_target_accuracy": 0.8461538461538461,
        "test_target_auprc": 0.4484339190221543,
        "test_target_auroc": 0.7045454545454546
    },
    "1": {
        "train_accuracy": 0.9215686274509803,
        "train_auprc": 1.0,
        "train_auroc": 1.0,
        "test_source_accuracy": 0.76,
        "test_source_auprc": 0.1303409090909091,
        "test_source_auroc": 0.2261904761904762,
        "test_target_accuracy": 0.52,
        "test_target_auprc": 0.1952639751552795,
        "test_target_auroc": 0.5
    },
    "2": {
        "train_accuracy": 1.0,
        "train_auprc": 0.09262173535141638,
        "train_auroc": 0.0,
        "test_source_accuracy": 0.84,
        "test_source_auprc": 0.1764069264069264,
        "test_source_auroc": 0.45238095238095244,
        "test_target_accuracy": 0.84,
        "test_target_auprc": 0.2468434343434343,
        "test_target_auroc": 0.5714285714285714
    }
}