{
    "train_site": "DRIAMS-E",
    "train_years": [
        "2019"
    ],
    "test_site": "DRIAMS-F",
    "test_years": [
        "2019"
    ],
    "seed": 172,
    "model": "svm-linear",
    "antibiotic": "Oxacillin",
    "species": "Staphylococcus aureus",
    "metadata_versions_train": {
        "2019_clean.csv": "954305e482e840a815b44f310adbfdc1871bba52"
    },
    "metadata_versions_test": {
        "2019_clean.csv": "c9c4830e6f30ecb54e329451c7ffce195bb0bfc5"
    },
    "0": {
        "train_accuracy": 0.9354838709677419,
        "train_auprc": 0.04645512136992032,
        "train_auroc": 0.16379310344827586,
        "test_source_accuracy": 0.90625,
        "test_source_auprc": 0.09329906204906205,
        "test_source_auroc": 0.3333333333333333,
        "test_target_accuracy": 0.90625,
        "test_target_auprc": 0.11604010025062655,
        "test_target_auroc": 0.49425287356321834
    },
    "1": {
        "train_accuracy": 0.7142857142857143,
        "train_auprc": 0.05606864170255018,
        "train_auroc": 0.18620689655172415,
        "test_source_accuracy": 0.7741935483870968,
        "test_source_auprc": 0.08888888888888888,
        "test_source_auroc": 0.3793103448275862,
        "test_target_accuracy": 0.8709677419354839,
        "test_target_auprc": 0.10101010101010101,
        "test_target_auroc": 0.5517241379310345
    },
    "2": {
        "train_accuracy": 0.9682539682539683,
        "train_auprc": 0.9666666666666666,
        "train_auroc": 0.996551724137931,
        "test_source_accuracy": 0.8709677419354839,
        "test_source_auprc": 0.17261904761904762,
        "test_source_auroc": 0.6206896551724138,
        "test_target_accuracy": 0.8709677419354839,
        "test_target_auprc": 0.1736111111111111,
        "test_target_auroc": 0.7586206896551724
    }
}