{
    "train_site": "DRIAMS-E",
    "train_years": [
        "2019"
    ],
    "test_site": "DRIAMS-F",
    "test_years": [
        "2019"
    ],
    "seed": 344,
    "model": "lightgbm",
    "antibiotic": "Ceftriaxone",
    "species": "Escherichia coli",
    "metadata_versions_train": {
        "2019_clean.csv": "954305e482e840a815b44f310adbfdc1871bba52"
    },
    "metadata_versions_test": {
        "2019_clean.csv": "c9c4830e6f30ecb54e329451c7ffce195bb0bfc5"
    },
    "0": {
        "train_accuracy": 1.0,
        "train_auprc": 1.0,
        "train_auroc": 1.0,
        "test_source_accuracy": 0.9230769230769231,
        "test_source_auprc": 0.11513157894736842,
        "test_source_auroc": 0.5,
        "test_target_accuracy": 0.8846153846153846,
        "test_target_auprc": 0.2159090909090909,
        "test_target_auroc": 0.75
    },
    "1": {
        "train_accuracy": 0.9019607843137255,
        "train_auprc": 0.4444444444444444,
        "train_auroc": 0.9468085106382979,
        "test_source_accuracy": 0.88,
        "test_source_auprc": 0.4,
        "test_source_auroc": 0.9347826086956521,
        "test_target_accuracy": 0.48,
        "test_target_auprc": 0.07846153846153847,
        "test_target_auroc": 0.3804347826086956
    },
    "2": {
        "train_accuracy": 0.8235294117647058,
        "train_auprc": 0.5,
        "train_auroc": 0.9574468085106382,
        "test_source_accuracy": 0.68,
        "test_source_auprc": 0.13392857142857142,
        "test_source_auroc": 0.5869565217391304,
        "test_target_accuracy": 0.52,
        "test_target_auprc": 0.10416666666666666,
        "test_target_auroc": 0.391304347826087
    }
}