{
    "train_site": "DRIAMS-E",
    "train_years": [
        "2019"
    ],
    "test_site": "DRIAMS-F",
    "test_years": [
        "2019"
    ],
    "seed": 164,
    "model": "svm-rbf",
    "antibiotic": "Oxacillin",
    "species": "Staphylococcus aureus",
    "metadata_versions_train": {
        "2019_clean.csv": "954305e482e840a815b44f310adbfdc1871bba52"
    },
    "metadata_versions_test": {
        "2019_clean.csv": "c9c4830e6f30ecb54e329451c7ffce195bb0bfc5"
    },
    "0": {
        "train_accuracy": 0.9354838709677419,
        "train_auprc": 0.040994735694204185,
        "train_auroc": 0.0,
        "test_source_accuracy": 0.90625,
        "test_source_auprc": 0.13554175293305729,
        "test_source_auroc": 0.5517241379310345,
        "test_target_accuracy": 0.90625,
        "test_target_auprc": 0.07452859591709522,
        "test_target_auroc": 0.1724137931034483
    },
    "1": {
        "train_accuracy": 0.9206349206349206,
        "train_auprc": 0.057368164868164866,
        "train_auroc": 0.19999999999999998,
        "test_source_accuracy": 0.9354838709677419,
        "test_source_auprc": 0.05077658303464755,
        "test_source_auroc": 0.051724137931034475,
        "test_target_accuracy": 0.9354838709677419,
        "test_target_auprc": 0.12142857142857143,
        "test_target_auroc": 0.6379310344827587
    },
    "2": {
        "train_accuracy": 0.9206349206349206,
        "train_auprc": 0.057211615829127344,
        "train_auroc": 0.20344827586206896,
        "test_source_accuracy": 0.9354838709677419,
        "test_source_auprc": 0.08333333333333334,
        "test_source_auroc": 0.3620689655172413,
        "test_target_accuracy": 0.9354838709677419,
        "test_target_auprc": 0.1125,
        "test_target_auroc": 0.603448275862069
    }
}