{
    "train_site": "DRIAMS-E",
    "train_years": [
        "2019"
    ],
    "test_site": "DRIAMS-F",
    "test_years": [
        "2019"
    ],
    "seed": 172,
    "model": "svm-linear",
    "antibiotic": "Ciprofloxacin",
    "species": "Staphylococcus aureus",
    "metadata_versions_train": {
        "2019_clean.csv": "954305e482e840a815b44f310adbfdc1871bba52"
    },
    "metadata_versions_test": {
        "2019_clean.csv": "c9c4830e6f30ecb54e329451c7ffce195bb0bfc5"
    },
    "0": {
        "train_accuracy": 1.0,
        "train_auprc": 1.0,
        "train_auroc": 1.0,
        "test_source_accuracy": 0.90625,
        "test_source_auprc": 0.17777777777777778,
        "test_source_auroc": 0.45977011494252873,
        "test_target_accuracy": 0.90625,
        "test_target_auprc": 0.11496483143342226,
        "test_target_auroc": 0.4137931034482758
    },
    "1": {
        "train_accuracy": 0.9682539682539683,
        "train_auprc": 1.0,
        "train_auroc": 1.0,
        "test_source_accuracy": 0.84375,
        "test_source_auprc": 0.12681159420289856,
        "test_source_auroc": 0.528735632183908,
        "test_target_accuracy": 0.90625,
        "test_target_auprc": 0.3055555555555556,
        "test_target_auroc": 0.7471264367816092
    },
    "2": {
        "train_accuracy": 0.84375,
        "train_auprc": 0.7620192307692307,
        "train_auroc": 0.9022988505747127,
        "test_source_accuracy": 0.7419354838709677,
        "test_source_auprc": 0.5074074074074074,
        "test_source_auroc": 0.8333333333333334,
        "test_target_accuracy": 0.9032258064516129,
        "test_target_auprc": 0.3269230769230769,
        "test_target_auroc": 0.7976190476190476
    }
}