{
    "train_site": "DRIAMS-F",
    "train_years": [
        "2019"
    ],
    "test_site": "DRIAMS-E",
    "test_years": [
        "2019"
    ],
    "seed": 35,
    "model": "svm-rbf",
    "antibiotic": "Ciprofloxacin",
    "species": "Escherichia coli",
    "metadata_versions_train": {
        "2019_clean.csv": "c9c4830e6f30ecb54e329451c7ffce195bb0bfc5"
    },
    "metadata_versions_test": {
        "2019_clean.csv": "954305e482e840a815b44f310adbfdc1871bba52"
    },
    "0": {
        "train_accuracy": 1.0,
        "train_auprc": 1.0,
        "train_auroc": 1.0,
        "test_source_accuracy": 0.8076923076923077,
        "test_source_auprc": 0.18639448786507612,
        "test_source_auroc": 0.4095238095238095,
        "test_target_accuracy": 0.8076923076923077,
        "test_target_auprc": 0.18848224239528588,
        "test_target_auroc": 0.25714285714285723
    },
    "1": {
        "train_accuracy": 1.0,
        "train_auprc": 0.10367158418107468,
        "train_auroc": 0.0,
        "test_source_accuracy": 0.84,
        "test_source_auprc": 0.17976833108412055,
        "test_source_auroc": 0.48809523809523814,
        "test_target_accuracy": 0.84,
        "test_target_auprc": 0.18374003189792665,
        "test_target_auroc": 0.2976190476190476
    },
    "2": {
        "train_accuracy": 0.17647058823529413,
        "train_auprc": 0.1139595032860165,
        "train_auroc": 0.15343915343915346,
        "test_source_accuracy": 0.16,
        "test_source_auprc": 0.31799242424242424,
        "test_source_auroc": 0.761904761904762,
        "test_target_accuracy": 0.16,
        "test_target_auprc": 0.5811688311688312,
        "test_target_auroc": 0.5714285714285714
    }
}