{
    "train_site": "DRIAMS-F",
    "train_years": [
        "2019"
    ],
    "test_site": "DRIAMS-E",
    "test_years": [
        "2019"
    ],
    "seed": 545,
    "model": "svm-linear",
    "antibiotic": "Cefepime",
    "species": "Escherichia coli",
    "metadata_versions_train": {
        "2019_clean.csv": "c9c4830e6f30ecb54e329451c7ffce195bb0bfc5"
    },
    "metadata_versions_test": {
        "2019_clean.csv": "954305e482e840a815b44f310adbfdc1871bba52"
    },
    "0": {
        "train_accuracy": 1.0,
        "train_auprc": 0.05104193805181647,
        "train_auroc": 0.0,
        "test_source_accuracy": 0.9230769230769231,
        "test_source_auprc": 0.07261904761904761,
        "test_source_auroc": 0.20833333333333337,
        "test_target_accuracy": 0.8076923076923077,
        "test_target_auprc": 0.41666666666666663,
        "test_target_auroc": 0.8958333333333334
    },
    "1": {
        "train_accuracy": 0.9215686274509803,
        "train_auprc": 0.052248808651528936,
        "train_auroc": 0.05851063829787234,
        "test_source_accuracy": 0.92,
        "test_source_auprc": 0.3611111111111111,
        "test_source_auroc": 0.8260869565217391,
        "test_target_accuracy": 0.92,
        "test_target_auprc": 0.14215686274509803,
        "test_target_auroc": 0.5652173913043479
    },
    "2": {
        "train_accuracy": 1.0,
        "train_auprc": 0.050020258103241295,
        "train_auroc": 0.0,
        "test_source_accuracy": 0.92,
        "test_source_auprc": 0.07045454545454546,
        "test_source_auroc": 0.15217391304347827,
        "test_target_accuracy": 0.92,
        "test_target_auprc": 0.11142857142857143,
        "test_target_auroc": 0.3695652173913043
    }
}