{
    "train_site": "DRIAMS-F",
    "train_years": [
        "2019"
    ],
    "test_site": "DRIAMS-E",
    "test_years": [
        "2019"
    ],
    "seed": 89,
    "model": "lr",
    "antibiotic": "Ceftriaxone",
    "species": "Escherichia coli",
    "metadata_versions_train": {
        "2019_clean.csv": "c9c4830e6f30ecb54e329451c7ffce195bb0bfc5"
    },
    "metadata_versions_test": {
        "2019_clean.csv": "954305e482e840a815b44f310adbfdc1871bba52"
    },
    "0": {
        "train_accuracy": 1.0,
        "train_auprc": 1.0,
        "train_auroc": 1.0,
        "test_source_accuracy": 0.8461538461538461,
        "test_source_auprc": 0.25,
        "test_source_auroc": 0.75,
        "test_target_accuracy": 0.15384615384615385,
        "test_target_auprc": 0.6111111111111112,
        "test_target_auroc": 0.8541666666666666
    },
    "1": {
        "train_accuracy": 1.0,
        "train_auprc": 1.0,
        "train_auroc": 1.0,
        "test_source_accuracy": 0.92,
        "test_source_auprc": 0.3125,
        "test_source_auroc": 0.6739130434782609,
        "test_target_accuracy": 0.32,
        "test_target_auprc": 0.3088235294117647,
        "test_target_auroc": 0.6521739130434783
    },
    "2": {
        "train_accuracy": 1.0,
        "train_auprc": 1.0,
        "train_auroc": 1.0,
        "test_source_accuracy": 0.8,
        "test_source_auprc": 0.11858974358974358,
        "test_source_auroc": 0.5217391304347826,
        "test_target_accuracy": 0.64,
        "test_target_auprc": 0.06926406926406926,
        "test_target_auroc": 0.13043478260869568
    }
}