{
    "train_site": "DRIAMS-E",
    "train_years": [
        "2019"
    ],
    "test_site": "DRIAMS-F",
    "test_years": [
        "2019"
    ],
    "seed": 344,
    "model": "lightgbm",
    "antibiotic": "Ciprofloxacin",
    "species": "Escherichia coli",
    "metadata_versions_train": {
        "2019_clean.csv": "954305e482e840a815b44f310adbfdc1871bba52"
    },
    "metadata_versions_test": {
        "2019_clean.csv": "c9c4830e6f30ecb54e329451c7ffce195bb0bfc5"
    },
    "0": {
        "train_accuracy": 0.92,
        "train_auprc": 0.6666666666666666,
        "train_auroc": 0.9523809523809523,
        "test_source_accuracy": 0.6923076923076923,
        "test_source_auprc": 0.12955465587044535,
        "test_source_auroc": 0.26136363636363635,
        "test_target_accuracy": 0.8076923076923077,
        "test_target_auprc": 0.35989010989010983,
        "test_target_auroc": 0.7102272727272727
    },
    "1": {
        "train_accuracy": 0.9019607843137255,
        "train_auprc": 1.0,
        "train_auroc": 1.0,
        "test_source_accuracy": 0.68,
        "test_source_auprc": 0.17410714285714285,
        "test_source_auroc": 0.35119047619047616,
        "test_target_accuracy": 0.84,
        "test_target_auprc": 0.26814685314685316,
        "test_target_auroc": 0.5654761904761905
    },
    "2": {
        "train_accuracy": 0.7450980392156863,
        "train_auprc": 0.38095238095238093,
        "train_auroc": 0.8488372093023255,
        "test_source_accuracy": 0.48,
        "test_source_auprc": 0.14272727272727273,
        "test_source_auroc": 0.3869047619047619,
        "test_target_accuracy": 0.32,
        "test_target_auprc": 0.19047619047619047,
        "test_target_auroc": 0.5952380952380952
    }
}