{
    "train_site": "DRIAMS-E",
    "train_years": [
        "2019"
    ],
    "test_site": "DRIAMS-F",
    "test_years": [
        "2019"
    ],
    "seed": 270,
    "model": "lightgbm",
    "antibiotic": "Ciprofloxacin",
    "species": "Escherichia coli",
    "metadata_versions_train": {
        "2019_clean.csv": "954305e482e840a815b44f310adbfdc1871bba52"
    },
    "metadata_versions_test": {
        "2019_clean.csv": "c9c4830e6f30ecb54e329451c7ffce195bb0bfc5"
    },
    "0": {
        "train_accuracy": 0.88,
        "train_auprc": 0.5714285714285714,
        "train_auroc": 0.9285714285714285,
        "test_source_accuracy": 0.7692307692307693,
        "test_source_auprc": 0.2520032051282051,
        "test_source_auroc": 0.6306818181818181,
        "test_target_accuracy": 0.6538461538461539,
        "test_target_auprc": 0.3076923076923077,
        "test_target_auroc": 0.7954545454545454
    },
    "1": {
        "train_accuracy": 0.9215686274509803,
        "train_auprc": 0.6666666666666666,
        "train_auroc": 0.9534883720930233,
        "test_source_accuracy": 0.64,
        "test_source_auprc": 0.14904761904761904,
        "test_source_auroc": 0.44047619047619047,
        "test_target_accuracy": 0.84,
        "test_target_auprc": 0.2033333333333333,
        "test_target_auroc": 0.5416666666666666
    },
    "2": {
        "train_accuracy": 0.7450980392156863,
        "train_auprc": 0.38095238095238093,
        "train_auroc": 0.8488372093023255,
        "test_source_accuracy": 0.52,
        "test_source_auprc": 0.16,
        "test_source_auroc": 0.30952380952380953,
        "test_target_accuracy": 0.4,
        "test_target_auprc": 0.14666666666666667,
        "test_target_auroc": 0.44047619047619047
    }
}