{
    "train_site": "DRIAMS-F",
    "train_years": [
        "2019"
    ],
    "test_site": "DRIAMS-E",
    "test_years": [
        "2019"
    ],
    "seed": 172,
    "model": "rf",
    "antibiotic": "Oxacillin",
    "species": "Staphylococcus aureus",
    "metadata_versions_train": {
        "2019_clean.csv": "c9c4830e6f30ecb54e329451c7ffce195bb0bfc5"
    },
    "metadata_versions_test": {
        "2019_clean.csv": "954305e482e840a815b44f310adbfdc1871bba52"
    },
    "0": {
        "train_accuracy": 1.0,
        "train_auprc": 1.0,
        "train_auroc": 1.0,
        "test_source_accuracy": 0.90625,
        "test_source_auprc": 0.23037037037037036,
        "test_source_auroc": 0.48850574712643674,
        "test_target_accuracy": 0.90625,
        "test_target_auprc": 0.07651821862348179,
        "test_target_auroc": 0.2931034482758621
    },
    "1": {
        "train_accuracy": 1.0,
        "train_auprc": 1.0,
        "train_auroc": 1.0,
        "test_source_accuracy": 0.9354838709677419,
        "test_source_auprc": 0.55,
        "test_source_auroc": 0.7068965517241379,
        "test_target_accuracy": 0.9354838709677419,
        "test_target_auprc": 0.11309523809523808,
        "test_target_auroc": 0.5344827586206897
    },
    "2": {
        "train_accuracy": 1.0,
        "train_auprc": 1.0,
        "train_auroc": 1.0,
        "test_source_accuracy": 0.9354838709677419,
        "test_source_auprc": 0.20192307692307693,
        "test_source_auroc": 0.7931034482758621,
        "test_target_accuracy": 0.9354838709677419,
        "test_target_auprc": 0.05606758832565284,
        "test_target_auroc": 0.17241379310344826
    }
}