{
    "train_site": "DRIAMS-E",
    "train_years": [
        "2019"
    ],
    "test_site": "DRIAMS-F",
    "test_years": [
        "2019"
    ],
    "seed": 164,
    "model": "svm-linear",
    "antibiotic": "Cefepime",
    "species": "Escherichia coli",
    "metadata_versions_train": {
        "2019_clean.csv": "954305e482e840a815b44f310adbfdc1871bba52"
    },
    "metadata_versions_test": {
        "2019_clean.csv": "c9c4830e6f30ecb54e329451c7ffce195bb0bfc5"
    },
    "0": {
        "train_accuracy": 1.0,
        "train_auprc": 1.0,
        "train_auroc": 1.0,
        "test_source_accuracy": 0.9230769230769231,
        "test_source_auprc": 0.18382352941176472,
        "test_source_auroc": 0.625,
        "test_target_accuracy": 0.9230769230769231,
        "test_target_auprc": 0.07291666666666666,
        "test_target_auroc": 0.22916666666666669
    },
    "1": {
        "train_accuracy": 0.9607843137254902,
        "train_auprc": 1.0,
        "train_auroc": 1.0,
        "test_source_accuracy": 0.92,
        "test_source_auprc": 0.043478260869565216,
        "test_source_auroc": 0.08333333333333337,
        "test_target_accuracy": 0.96,
        "test_target_auprc": 0.045454545454545456,
        "test_target_auroc": 0.125
    },
    "2": {
        "train_accuracy": 0.803921568627451,
        "train_auprc": 0.03974389755902361,
        "train_auroc": 0.0,
        "test_source_accuracy": 0.76,
        "test_source_auprc": 0.25757575757575757,
        "test_source_auroc": 0.7608695652173914,
        "test_target_accuracy": 0.36,
        "test_target_auprc": 0.13095238095238093,
        "test_target_auroc": 0.4782608695652174
    }
}