{
    "train_site": "DRIAMS-F",
    "train_years": [
        "2019"
    ],
    "test_site": "DRIAMS-E",
    "test_years": [
        "2019"
    ],
    "seed": 35,
    "model": "lr",
    "antibiotic": "Ciprofloxacin",
    "species": "Escherichia coli",
    "metadata_versions_train": {
        "2019_clean.csv": "c9c4830e6f30ecb54e329451c7ffce195bb0bfc5"
    },
    "metadata_versions_test": {
        "2019_clean.csv": "954305e482e840a815b44f310adbfdc1871bba52"
    },
    "0": {
        "train_accuracy": 1.0,
        "train_auprc": 1.0,
        "train_auroc": 1.0,
        "test_source_accuracy": 0.6538461538461539,
        "test_source_auprc": 0.13388073279377627,
        "test_source_auroc": 0.11428571428571428,
        "test_target_accuracy": 0.5769230769230769,
        "test_target_auprc": 0.16525252525252526,
        "test_target_auroc": 0.3238095238095238
    },
    "1": {
        "train_accuracy": 1.0,
        "train_auprc": 1.0,
        "train_auroc": 1.0,
        "test_source_accuracy": 0.56,
        "test_source_auprc": 0.36954545454545457,
        "test_source_auroc": 0.41666666666666663,
        "test_target_accuracy": 0.44,
        "test_target_auprc": 0.30833333333333335,
        "test_target_auroc": 0.6190476190476191
    },
    "2": {
        "train_accuracy": 1.0,
        "train_auprc": 1.0,
        "train_auroc": 1.0,
        "test_source_accuracy": 0.68,
        "test_source_auprc": 0.1648989898989899,
        "test_source_auroc": 0.4166666666666667,
        "test_target_accuracy": 0.68,
        "test_target_auprc": 0.2698934837092732,
        "test_target_auroc": 0.6309523809523809
    }
}