{
    "train_site": "DRIAMS-E",
    "train_years": [
        "2019"
    ],
    "test_site": "DRIAMS-F",
    "test_years": [
        "2019"
    ],
    "seed": 344,
    "model": "rf",
    "antibiotic": "Ciprofloxacin",
    "species": "Escherichia coli",
    "metadata_versions_train": {
        "2019_clean.csv": "954305e482e840a815b44f310adbfdc1871bba52"
    },
    "metadata_versions_test": {
        "2019_clean.csv": "c9c4830e6f30ecb54e329451c7ffce195bb0bfc5"
    },
    "0": {
        "train_accuracy": 1.0,
        "train_auprc": 1.0,
        "train_auroc": 1.0,
        "test_source_accuracy": 0.8461538461538461,
        "test_source_auprc": 0.37360646599777037,
        "test_source_auroc": 0.5227272727272727,
        "test_target_accuracy": 0.8461538461538461,
        "test_target_auprc": 0.14698284171968384,
        "test_target_auroc": 0.4090909090909091
    },
    "1": {
        "train_accuracy": 1.0,
        "train_auprc": 1.0,
        "train_auroc": 1.0,
        "test_source_accuracy": 0.84,
        "test_source_auprc": 0.26694139194139194,
        "test_source_auroc": 0.7202380952380952,
        "test_target_accuracy": 0.84,
        "test_target_auprc": 0.17142857142857143,
        "test_target_auroc": 0.49404761904761907
    },
    "2": {
        "train_accuracy": 1.0,
        "train_auprc": 1.0,
        "train_auroc": 1.0,
        "test_source_accuracy": 0.84,
        "test_source_auprc": 0.1106439393939394,
        "test_source_auroc": 0.10714285714285716,
        "test_target_accuracy": 0.84,
        "test_target_auprc": 0.18154761904761904,
        "test_target_auroc": 0.45833333333333337
    }
}