{
    "train_site": "DRIAMS-E",
    "train_years": [
        "2019"
    ],
    "test_site": "DRIAMS-F",
    "test_years": [
        "2019"
    ],
    "seed": 344,
    "model": "lr",
    "antibiotic": "Ciprofloxacin",
    "species": "Escherichia coli",
    "metadata_versions_train": {
        "2019_clean.csv": "954305e482e840a815b44f310adbfdc1871bba52"
    },
    "metadata_versions_test": {
        "2019_clean.csv": "c9c4830e6f30ecb54e329451c7ffce195bb0bfc5"
    },
    "0": {
        "train_accuracy": 0.84,
        "train_auprc": 0.16,
        "train_auroc": 0.5,
        "test_source_accuracy": 0.8461538461538461,
        "test_source_auprc": 0.15384615384615385,
        "test_source_auroc": 0.5,
        "test_target_accuracy": 0.8461538461538461,
        "test_target_auprc": 0.15384615384615385,
        "test_target_auroc": 0.5
    },
    "1": {
        "train_accuracy": 1.0,
        "train_auprc": 1.0,
        "train_auroc": 1.0,
        "test_source_accuracy": 0.84,
        "test_source_auprc": 0.17536630036630035,
        "test_source_auroc": 0.47619047619047616,
        "test_target_accuracy": 0.84,
        "test_target_auprc": 0.24420024420024417,
        "test_target_auroc": 0.5714285714285714
    },
    "2": {
        "train_accuracy": 1.0,
        "train_auprc": 1.0,
        "train_auroc": 1.0,
        "test_source_accuracy": 0.72,
        "test_source_auprc": 0.12559115179252478,
        "test_source_auroc": 0.2142857142857143,
        "test_target_accuracy": 0.44,
        "test_target_auprc": 0.6226190476190476,
        "test_target_auroc": 0.7142857142857143
    }
}