{
    "train_site": "DRIAMS-E",
    "train_years": [
        "2019"
    ],
    "test_site": "DRIAMS-F",
    "test_years": [
        "2019"
    ],
    "seed": 188,
    "model": "lr",
    "antibiotic": "Ciprofloxacin",
    "species": "Staphylococcus aureus",
    "metadata_versions_train": {
        "2019_clean.csv": "954305e482e840a815b44f310adbfdc1871bba52"
    },
    "metadata_versions_test": {
        "2019_clean.csv": "c9c4830e6f30ecb54e329451c7ffce195bb0bfc5"
    },
    "0": {
        "train_accuracy": 0.9047619047619048,
        "train_auprc": 0.7899999999999999,
        "train_auroc": 0.9298245614035088,
        "test_source_accuracy": 0.90625,
        "test_source_auprc": 0.4029038112522686,
        "test_source_auroc": 0.5057471264367817,
        "test_target_accuracy": 0.90625,
        "test_target_auprc": 0.19943019943019943,
        "test_target_auroc": 0.5747126436781609
    },
    "1": {
        "train_accuracy": 0.9047619047619048,
        "train_auprc": 0.5797669679248626,
        "train_auroc": 0.763157894736842,
        "test_source_accuracy": 0.90625,
        "test_source_auprc": 0.47619047619047616,
        "test_source_auroc": 0.9195402298850575,
        "test_target_accuracy": 0.90625,
        "test_target_auprc": 0.12261904761904763,
        "test_target_auroc": 0.5172413793103448
    },
    "2": {
        "train_accuracy": 0.90625,
        "train_auprc": 0.6008554937126366,
        "train_auroc": 0.75,
        "test_source_accuracy": 0.9032258064516129,
        "test_source_auprc": 0.7380952380952381,
        "test_source_auroc": 0.8690476190476191,
        "test_target_accuracy": 0.9032258064516129,
        "test_target_auprc": 0.4111111111111111,
        "test_target_auroc": 0.8809523809523809
    }
}