{
    "train_site": "DRIAMS-F",
    "train_years": [
        "2019"
    ],
    "test_site": "DRIAMS-E",
    "test_years": [
        "2019"
    ],
    "seed": 164,
    "model": "svm-linear",
    "antibiotic": "Cefepime",
    "species": "Escherichia coli",
    "metadata_versions_train": {
        "2019_clean.csv": "c9c4830e6f30ecb54e329451c7ffce195bb0bfc5"
    },
    "metadata_versions_test": {
        "2019_clean.csv": "954305e482e840a815b44f310adbfdc1871bba52"
    },
    "0": {
        "train_accuracy": 1.0,
        "train_auprc": 1.0,
        "train_auroc": 1.0,
        "test_source_accuracy": 0.9230769230769231,
        "test_source_auprc": 0.20833333333333331,
        "test_source_auroc": 0.7708333333333334,
        "test_target_accuracy": 0.9230769230769231,
        "test_target_auprc": 0.09166666666666667,
        "test_target_auroc": 0.39583333333333337
    },
    "1": {
        "train_accuracy": 0.9215686274509803,
        "train_auprc": 0.05457712117104906,
        "train_auroc": 0.1276595744680851,
        "test_source_accuracy": 0.92,
        "test_source_auprc": 0.21428571428571427,
        "test_source_auroc": 0.5434782608695652,
        "test_target_accuracy": 0.92,
        "test_target_auprc": 0.12237762237762238,
        "test_target_auroc": 0.5434782608695652
    },
    "2": {
        "train_accuracy": 0.9215686274509803,
        "train_auprc": 0.05104193805181647,
        "train_auroc": 0.021276595744680882,
        "test_source_accuracy": 0.88,
        "test_source_auprc": 0.06944444444444445,
        "test_source_auroc": 0.15217391304347827,
        "test_target_accuracy": 0.12,
        "test_target_auprc": 0.21929824561403508,
        "test_target_auroc": 0.5869565217391305
    }
}