{
    "train_site": "DRIAMS-F",
    "train_years": [
        "2019"
    ],
    "test_site": "DRIAMS-E",
    "test_years": [
        "2019"
    ],
    "seed": 270,
    "model": "svm-rbf",
    "antibiotic": "Ciprofloxacin",
    "species": "Staphylococcus aureus",
    "metadata_versions_train": {
        "2019_clean.csv": "c9c4830e6f30ecb54e329451c7ffce195bb0bfc5"
    },
    "metadata_versions_test": {
        "2019_clean.csv": "954305e482e840a815b44f310adbfdc1871bba52"
    },
    "0": {
        "train_accuracy": 1.0,
        "train_auprc": 1.0,
        "train_auroc": 1.0,
        "test_source_accuracy": 0.84375,
        "test_source_auprc": 0.1611111111111111,
        "test_source_auroc": 0.632183908045977,
        "test_target_accuracy": 0.8125,
        "test_target_auprc": 0.2777777777777778,
        "test_target_auroc": 0.7011494252873562
    },
    "1": {
        "train_accuracy": 0.9047619047619048,
        "train_auprc": 0.061878865489795876,
        "train_auroc": 0.1111111111111111,
        "test_source_accuracy": 0.90625,
        "test_source_auprc": 0.10917207792207792,
        "test_source_auroc": 0.41379310344827586,
        "test_target_accuracy": 0.90625,
        "test_target_auprc": 0.1486291486291486,
        "test_target_auroc": 0.5862068965517242
    },
    "2": {
        "train_accuracy": 1.0,
        "train_auprc": 1.0,
        "train_auroc": 1.0,
        "test_source_accuracy": 0.8709677419354839,
        "test_source_auprc": 0.5119047619047619,
        "test_source_auroc": 0.8333333333333334,
        "test_target_accuracy": 0.9032258064516129,
        "test_target_auprc": 0.09842995169082126,
        "test_target_auroc": 0.36904761904761907
    }
}