{
    "train_site": "DRIAMS-F",
    "train_years": [
        "2019"
    ],
    "test_site": "DRIAMS-E",
    "test_years": [
        "2019"
    ],
    "seed": 409,
    "model": "svm-rbf",
    "antibiotic": "Oxacillin",
    "species": "Staphylococcus aureus",
    "metadata_versions_train": {
        "2019_clean.csv": "c9c4830e6f30ecb54e329451c7ffce195bb0bfc5"
    },
    "metadata_versions_test": {
        "2019_clean.csv": "954305e482e840a815b44f310adbfdc1871bba52"
    },
    "0": {
        "train_accuracy": 0.9354838709677419,
        "train_auprc": 0.04338214345838567,
        "train_auroc": 0.08620689655172414,
        "test_source_accuracy": 0.90625,
        "test_source_auprc": 0.1784221525600836,
        "test_source_auroc": 0.5632183908045977,
        "test_target_accuracy": 0.90625,
        "test_target_auprc": 0.3955938697318008,
        "test_target_auroc": 0.4482758620689655
    },
    "1": {
        "train_accuracy": 1.0,
        "train_auprc": 1.0,
        "train_auroc": 1.0,
        "test_source_accuracy": 0.9354838709677419,
        "test_source_auprc": 0.3333333333333333,
        "test_source_auroc": 0.8103448275862069,
        "test_target_accuracy": 0.9354838709677419,
        "test_target_auprc": 0.24358974358974358,
        "test_target_auroc": 0.7758620689655172
    },
    "2": {
        "train_accuracy": 1.0,
        "train_auprc": 1.0,
        "train_auroc": 1.0,
        "test_source_accuracy": 0.967741935483871,
        "test_source_auprc": 0.55,
        "test_source_auroc": 0.6896551724137931,
        "test_target_accuracy": 0.9354838709677419,
        "test_target_auprc": 0.06904761904761905,
        "test_target_auroc": 0.29310344827586204
    }
}