{
    "train_site": "DRIAMS-E",
    "train_years": [
        "2019"
    ],
    "test_site": "DRIAMS-F",
    "test_years": [
        "2019"
    ],
    "seed": 409,
    "model": "svm-linear",
    "antibiotic": "Cefepime",
    "species": "Escherichia coli",
    "metadata_versions_train": {
        "2019_clean.csv": "954305e482e840a815b44f310adbfdc1871bba52"
    },
    "metadata_versions_test": {
        "2019_clean.csv": "c9c4830e6f30ecb54e329451c7ffce195bb0bfc5"
    },
    "0": {
        "train_accuracy": 0.9,
        "train_auprc": 0.04085181898846495,
        "train_auroc": 0.01418439716312055,
        "test_source_accuracy": 0.6538461538461539,
        "test_source_auprc": 0.08204334365325078,
        "test_source_auroc": 0.3125,
        "test_target_accuracy": 0.46153846153846156,
        "test_target_auprc": 0.3333333333333333,
        "test_target_auroc": 0.7708333333333333
    },
    "1": {
        "train_accuracy": 0.9019607843137255,
        "train_auprc": 0.05090948574551772,
        "train_auroc": 0.03723404255319149,
        "test_source_accuracy": 0.84,
        "test_source_auprc": 0.04,
        "test_source_auroc": 0.0,
        "test_target_accuracy": 0.76,
        "test_target_auprc": 0.05,
        "test_target_auroc": 0.20833333333333337
    },
    "2": {
        "train_accuracy": 0.9803921568627451,
        "train_auprc": 1.0,
        "train_auroc": 1.0,
        "test_source_accuracy": 0.92,
        "test_source_auprc": 0.09,
        "test_source_auroc": 0.30434782608695654,
        "test_target_accuracy": 0.92,
        "test_target_auprc": 0.14347826086956522,
        "test_target_auroc": 0.4565217391304348
    }
}