{
    "train_site": "DRIAMS-E",
    "train_years": [
        "2019"
    ],
    "test_site": "DRIAMS-F",
    "test_years": [
        "2019"
    ],
    "seed": 270,
    "model": "svm-linear",
    "antibiotic": "Ciprofloxacin",
    "species": "Staphylococcus aureus",
    "metadata_versions_train": {
        "2019_clean.csv": "954305e482e840a815b44f310adbfdc1871bba52"
    },
    "metadata_versions_test": {
        "2019_clean.csv": "c9c4830e6f30ecb54e329451c7ffce195bb0bfc5"
    },
    "0": {
        "train_accuracy": 0.9047619047619048,
        "train_auprc": 0.0628362019194293,
        "train_auroc": 0.14327485380116958,
        "test_source_accuracy": 0.90625,
        "test_source_auprc": 0.0983923483923484,
        "test_source_auroc": 0.3448275862068966,
        "test_target_accuracy": 0.90625,
        "test_target_auprc": 0.09461462450592885,
        "test_target_auroc": 0.36781609195402293
    },
    "1": {
        "train_accuracy": 0.9047619047619048,
        "train_auprc": 0.06210430969817538,
        "train_auroc": 0.11403508771929825,
        "test_source_accuracy": 0.90625,
        "test_source_auprc": 0.10285204991087345,
        "test_source_auroc": 0.4022988505747126,
        "test_target_accuracy": 0.90625,
        "test_target_auprc": 0.15833333333333333,
        "test_target_auroc": 0.4942528735632184
    },
    "2": {
        "train_accuracy": 1.0,
        "train_auprc": 0.056182337023649345,
        "train_auroc": 0.0,
        "test_source_accuracy": 0.8709677419354839,
        "test_source_auprc": 0.06996336996336996,
        "test_source_auroc": 0.0714285714285714,
        "test_target_accuracy": 0.9032258064516129,
        "test_target_auprc": 0.10564373897707231,
        "test_target_auroc": 0.3095238095238095
    }
}