{
    "train_site": "DRIAMS-F",
    "train_years": [
        "2019"
    ],
    "test_site": "DRIAMS-E",
    "test_years": [
        "2019"
    ],
    "seed": 344,
    "model": "lightgbm",
    "antibiotic": "Ciprofloxacin",
    "species": "Escherichia coli",
    "metadata_versions_train": {
        "2019_clean.csv": "c9c4830e6f30ecb54e329451c7ffce195bb0bfc5"
    },
    "metadata_versions_test": {
        "2019_clean.csv": "954305e482e840a815b44f310adbfdc1871bba52"
    },
    "0": {
        "train_accuracy": 0.76,
        "train_auprc": 0.4,
        "train_auroc": 0.8571428571428572,
        "test_source_accuracy": 0.7307692307692307,
        "test_source_auprc": 0.3019230769230769,
        "test_source_auroc": 0.680952380952381,
        "test_target_accuracy": 0.6153846153846154,
        "test_target_auprc": 0.24055944055944053,
        "test_target_auroc": 0.6095238095238096
    },
    "1": {
        "train_accuracy": 0.8823529411764706,
        "train_auprc": 1.0,
        "train_auroc": 1.0,
        "test_source_accuracy": 0.68,
        "test_source_auprc": 0.3601190476190476,
        "test_source_auroc": 0.8095238095238095,
        "test_target_accuracy": 0.68,
        "test_target_auprc": 0.28330357142857143,
        "test_target_auroc": 0.5892857142857142
    },
    "2": {
        "train_accuracy": 0.8627450980392157,
        "train_auprc": 0.6428571428571429,
        "train_auroc": 0.9404761904761905,
        "test_source_accuracy": 0.6,
        "test_source_auprc": 0.19429824561403508,
        "test_source_auroc": 0.6011904761904762,
        "test_target_accuracy": 0.6,
        "test_target_auprc": 0.175,
        "test_target_auroc": 0.5476190476190477
    }
}