{
    "train_site": "DRIAMS-E",
    "train_years": [
        "2019"
    ],
    "test_site": "DRIAMS-F",
    "test_years": [
        "2019"
    ],
    "seed": 188,
    "model": "lightgbm",
    "antibiotic": "Ciprofloxacin",
    "species": "Staphylococcus aureus",
    "metadata_versions_train": {
        "2019_clean.csv": "954305e482e840a815b44f310adbfdc1871bba52"
    },
    "metadata_versions_test": {
        "2019_clean.csv": "c9c4830e6f30ecb54e329451c7ffce195bb0bfc5"
    },
    "0": {
        "train_accuracy": 1.0,
        "train_auprc": 1.0,
        "train_auroc": 1.0,
        "test_source_accuracy": 0.90625,
        "test_source_auprc": 0.22142857142857142,
        "test_source_auroc": 0.7471264367816093,
        "test_target_accuracy": 0.90625,
        "test_target_auprc": 0.367816091954023,
        "test_target_auroc": 0.6666666666666666
    },
    "1": {
        "train_accuracy": 1.0,
        "train_auprc": 1.0,
        "train_auroc": 1.0,
        "test_source_accuracy": 0.90625,
        "test_source_auprc": 0.455026455026455,
        "test_source_auroc": 0.7126436781609196,
        "test_target_accuracy": 0.90625,
        "test_target_auprc": 0.08679045092838197,
        "test_target_auroc": 0.29885057471264365
    },
    "2": {
        "train_accuracy": 1.0,
        "train_auprc": 1.0,
        "train_auroc": 1.0,
        "test_source_accuracy": 0.8709677419354839,
        "test_source_auprc": 0.26111111111111107,
        "test_source_auroc": 0.6309523809523809,
        "test_target_accuracy": 0.8709677419354839,
        "test_target_auprc": 0.1619047619047619,
        "test_target_auroc": 0.6190476190476191
    }
}