{
    "train_site": "DRIAMS-F",
    "train_years": [
        "2019"
    ],
    "test_site": "DRIAMS-E",
    "test_years": [
        "2019"
    ],
    "seed": 35,
    "model": "lightgbm",
    "antibiotic": "Oxacillin",
    "species": "Staphylococcus aureus",
    "metadata_versions_train": {
        "2019_clean.csv": "c9c4830e6f30ecb54e329451c7ffce195bb0bfc5"
    },
    "metadata_versions_test": {
        "2019_clean.csv": "954305e482e840a815b44f310adbfdc1871bba52"
    },
    "0": {
        "train_accuracy": 1.0,
        "train_auprc": 1.0,
        "train_auroc": 1.0,
        "test_source_accuracy": 0.90625,
        "test_source_auprc": 0.2220496894409938,
        "test_source_auroc": 0.6781609195402298,
        "test_target_accuracy": 0.90625,
        "test_target_auprc": 0.13576007326007325,
        "test_target_auroc": 0.5747126436781609
    },
    "1": {
        "train_accuracy": 1.0,
        "train_auprc": 1.0,
        "train_auroc": 1.0,
        "test_source_accuracy": 0.9354838709677419,
        "test_source_auprc": 0.05964912280701754,
        "test_source_auroc": 0.2068965517241379,
        "test_target_accuracy": 0.9354838709677419,
        "test_target_auprc": 0.1380952380952381,
        "test_target_auroc": 0.6724137931034483
    },
    "2": {
        "train_accuracy": 1.0,
        "train_auprc": 1.0,
        "train_auroc": 1.0,
        "test_source_accuracy": 0.9354838709677419,
        "test_source_auprc": 0.12692307692307692,
        "test_source_auroc": 0.6551724137931034,
        "test_target_accuracy": 0.9354838709677419,
        "test_target_auprc": 0.06798245614035087,
        "test_target_auroc": 0.3103448275862069
    }
}