{
    "train_site": "DRIAMS-E",
    "train_years": [
        "2019"
    ],
    "test_site": "DRIAMS-F",
    "test_years": [
        "2019"
    ],
    "seed": 545,
    "model": "lr",
    "antibiotic": "Ceftriaxone",
    "species": "Escherichia coli",
    "metadata_versions_train": {
        "2019_clean.csv": "954305e482e840a815b44f310adbfdc1871bba52"
    },
    "metadata_versions_test": {
        "2019_clean.csv": "c9c4830e6f30ecb54e329451c7ffce195bb0bfc5"
    },
    "0": {
        "train_accuracy": 0.92,
        "train_auprc": 0.6785714285714286,
        "train_auroc": 0.8206521739130435,
        "test_source_accuracy": 0.9230769230769231,
        "test_source_auprc": 0.325,
        "test_source_auroc": 0.875,
        "test_target_accuracy": 0.9230769230769231,
        "test_target_auprc": 0.13596491228070173,
        "test_target_auroc": 0.5416666666666666
    },
    "1": {
        "train_accuracy": 1.0,
        "train_auprc": 1.0,
        "train_auroc": 1.0,
        "test_source_accuracy": 0.72,
        "test_source_auprc": 0.3,
        "test_source_auroc": 0.5869565217391304,
        "test_target_accuracy": 0.44,
        "test_target_auprc": 0.3611111111111111,
        "test_target_auroc": 0.8260869565217391
    },
    "2": {
        "train_accuracy": 0.9215686274509803,
        "train_auprc": 0.6426282051282051,
        "train_auroc": 0.8723404255319149,
        "test_source_accuracy": 0.92,
        "test_source_auprc": 0.55,
        "test_source_auroc": 0.6086956521739131,
        "test_target_accuracy": 0.92,
        "test_target_auprc": 0.10263157894736842,
        "test_target_auroc": 0.4347826086956522
    }
}