{
    "train_site": "DRIAMS-F",
    "train_years": [
        "2019"
    ],
    "test_site": "DRIAMS-E",
    "test_years": [
        "2019"
    ],
    "seed": 480,
    "model": "svm-linear",
    "antibiotic": "Ciprofloxacin",
    "species": "Escherichia coli",
    "metadata_versions_train": {
        "2019_clean.csv": "c9c4830e6f30ecb54e329451c7ffce195bb0bfc5"
    },
    "metadata_versions_test": {
        "2019_clean.csv": "954305e482e840a815b44f310adbfdc1871bba52"
    },
    "0": {
        "train_accuracy": 1.0,
        "train_auprc": 0.09457170867429723,
        "train_auroc": 0.0,
        "test_source_accuracy": 0.7692307692307693,
        "test_source_auprc": 0.1683893557422969,
        "test_source_auroc": 0.34285714285714286,
        "test_target_accuracy": 0.8076923076923077,
        "test_target_auprc": 0.21073271413828687,
        "test_target_auroc": 0.4571428571428572
    },
    "1": {
        "train_accuracy": 1.0,
        "train_auprc": 0.10367158418107468,
        "train_auroc": 0.0,
        "test_source_accuracy": 0.8,
        "test_source_auprc": 0.3988095238095238,
        "test_source_auroc": 0.8095238095238095,
        "test_target_accuracy": 0.8,
        "test_target_auprc": 0.2232142857142857,
        "test_target_auroc": 0.6071428571428571
    },
    "2": {
        "train_accuracy": 0.17647058823529413,
        "train_auprc": 0.11821287691766147,
        "train_auroc": 0.19047619047619047,
        "test_source_accuracy": 0.16,
        "test_source_auprc": 0.15833333333333333,
        "test_source_auroc": 0.40476190476190477,
        "test_target_accuracy": 0.16,
        "test_target_auprc": 0.32158119658119655,
        "test_target_auroc": 0.6547619047619048
    }
}