{
    "train_site": "DRIAMS-F",
    "train_years": [
        "2019"
    ],
    "test_site": "DRIAMS-E",
    "test_years": [
        "2019"
    ],
    "seed": 172,
    "model": "rf",
    "antibiotic": "Ceftriaxone",
    "species": "Escherichia coli",
    "metadata_versions_train": {
        "2019_clean.csv": "c9c4830e6f30ecb54e329451c7ffce195bb0bfc5"
    },
    "metadata_versions_test": {
        "2019_clean.csv": "954305e482e840a815b44f310adbfdc1871bba52"
    },
    "0": {
        "train_accuracy": 1.0,
        "train_auprc": 1.0,
        "train_auroc": 1.0,
        "test_source_accuracy": 0.9230769230769231,
        "test_source_auprc": 0.29166666666666663,
        "test_source_auroc": 0.8750000000000001,
        "test_target_accuracy": 0.9230769230769231,
        "test_target_auprc": 0.24358974358974358,
        "test_target_auroc": 0.7604166666666666
    },
    "1": {
        "train_accuracy": 1.0,
        "train_auprc": 1.0,
        "train_auroc": 1.0,
        "test_source_accuracy": 0.92,
        "test_source_auprc": 0.175,
        "test_source_auroc": 0.5760869565217391,
        "test_target_accuracy": 0.92,
        "test_target_auprc": 0.07846153846153847,
        "test_target_auroc": 0.25
    },
    "2": {
        "train_accuracy": 1.0,
        "train_auprc": 1.0,
        "train_auroc": 1.0,
        "test_source_accuracy": 0.92,
        "test_source_auprc": 0.1125,
        "test_source_auroc": 0.4782608695652174,
        "test_target_accuracy": 0.92,
        "test_target_auprc": 0.09821428571428571,
        "test_target_auroc": 0.43478260869565216
    }
}