{
    "train_site": "DRIAMS-E",
    "train_years": [
        "2019"
    ],
    "test_site": "DRIAMS-F",
    "test_years": [
        "2019"
    ],
    "seed": 409,
    "model": "rf",
    "antibiotic": "Oxacillin",
    "species": "Staphylococcus aureus",
    "metadata_versions_train": {
        "2019_clean.csv": "954305e482e840a815b44f310adbfdc1871bba52"
    },
    "metadata_versions_test": {
        "2019_clean.csv": "c9c4830e6f30ecb54e329451c7ffce195bb0bfc5"
    },
    "0": {
        "train_accuracy": 0.9838709677419355,
        "train_auprc": 1.0,
        "train_auroc": 1.0,
        "test_source_accuracy": 0.90625,
        "test_source_auprc": 0.1,
        "test_source_auroc": 0.5287356321839081,
        "test_target_accuracy": 0.90625,
        "test_target_auprc": 0.4095860566448801,
        "test_target_auroc": 0.6264367816091954
    },
    "1": {
        "train_accuracy": 1.0,
        "train_auprc": 1.0,
        "train_auroc": 1.0,
        "test_source_accuracy": 0.9354838709677419,
        "test_source_auprc": 0.05725806451612903,
        "test_source_auroc": 0.3103448275862069,
        "test_target_accuracy": 0.9354838709677419,
        "test_target_auprc": 0.1,
        "test_target_auroc": 0.43103448275862066
    },
    "2": {
        "train_accuracy": 1.0,
        "train_auprc": 1.0,
        "train_auroc": 1.0,
        "test_source_accuracy": 0.9354838709677419,
        "test_source_auprc": 0.07417582417582418,
        "test_source_auroc": 0.39655172413793105,
        "test_target_accuracy": 0.9354838709677419,
        "test_target_auprc": 0.11904761904761904,
        "test_target_auroc": 0.6551724137931034
    }
}