{
    "train_site": "DRIAMS-E",
    "train_years": [
        "2019"
    ],
    "test_site": "DRIAMS-F",
    "test_years": [
        "2019"
    ],
    "seed": 172,
    "model": "lightgbm",
    "antibiotic": "Ciprofloxacin",
    "species": "Escherichia coli",
    "metadata_versions_train": {
        "2019_clean.csv": "954305e482e840a815b44f310adbfdc1871bba52"
    },
    "metadata_versions_test": {
        "2019_clean.csv": "c9c4830e6f30ecb54e329451c7ffce195bb0bfc5"
    },
    "0": {
        "train_accuracy": 0.86,
        "train_auprc": 0.5333333333333333,
        "train_auroc": 0.9166666666666667,
        "test_source_accuracy": 0.7692307692307693,
        "test_source_auprc": 0.239010989010989,
        "test_source_auroc": 0.6534090909090908,
        "test_target_accuracy": 0.8076923076923077,
        "test_target_auprc": 0.1848776223776224,
        "test_target_auroc": 0.5568181818181818
    },
    "1": {
        "train_accuracy": 0.9215686274509803,
        "train_auprc": 0.7272727272727273,
        "train_auroc": 0.9651162790697675,
        "test_source_accuracy": 0.76,
        "test_source_auprc": 0.25323529411764706,
        "test_source_auroc": 0.5,
        "test_target_accuracy": 0.72,
        "test_target_auprc": 0.3214285714285714,
        "test_target_auroc": 0.7559523809523809
    },
    "2": {
        "train_accuracy": 0.7450980392156863,
        "train_auprc": 0.38095238095238093,
        "train_auroc": 0.8488372093023255,
        "test_source_accuracy": 0.56,
        "test_source_auprc": 0.1709090909090909,
        "test_source_auroc": 0.5357142857142857,
        "test_target_accuracy": 0.56,
        "test_target_auprc": 0.1709090909090909,
        "test_target_auroc": 0.5357142857142857
    }
}