{
    "train_site": "DRIAMS-E",
    "train_years": [
        "2019"
    ],
    "test_site": "DRIAMS-F",
    "test_years": [
        "2019"
    ],
    "seed": 545,
    "model": "svm-linear",
    "antibiotic": "Cefepime",
    "species": "Escherichia coli",
    "metadata_versions_train": {
        "2019_clean.csv": "954305e482e840a815b44f310adbfdc1871bba52"
    },
    "metadata_versions_test": {
        "2019_clean.csv": "c9c4830e6f30ecb54e329451c7ffce195bb0bfc5"
    },
    "0": {
        "train_accuracy": 0.96,
        "train_auprc": 1.0,
        "train_auroc": 1.0,
        "test_source_accuracy": 0.8461538461538461,
        "test_source_auprc": 0.11309523809523808,
        "test_source_auroc": 0.4166666666666667,
        "test_target_accuracy": 0.9230769230769231,
        "test_target_auprc": 0.14166666666666666,
        "test_target_auroc": 0.45833333333333337
    },
    "1": {
        "train_accuracy": 0.9215686274509803,
        "train_auprc": 0.057969819506750064,
        "train_auroc": 0.15425531914893617,
        "test_source_accuracy": 0.96,
        "test_source_auprc": 0.1,
        "test_source_auroc": 0.625,
        "test_target_accuracy": 0.96,
        "test_target_auprc": 0.06666666666666667,
        "test_target_auroc": 0.41666666666666663
    },
    "2": {
        "train_accuracy": 0.9411764705882353,
        "train_auprc": 0.04528351881293058,
        "train_auroc": 0.15277777777777776,
        "test_source_accuracy": 0.92,
        "test_source_auprc": 0.10795454545454546,
        "test_source_auroc": 0.4782608695652174,
        "test_target_accuracy": 0.92,
        "test_target_auprc": 0.16666666666666666,
        "test_target_auroc": 0.45652173913043476
    }
}