{
    "train_site": "DRIAMS-E",
    "train_years": [
        "2019"
    ],
    "test_site": "DRIAMS-F",
    "test_years": [
        "2019"
    ],
    "seed": 480,
    "model": "svm-rbf",
    "antibiotic": "Oxacillin",
    "species": "Staphylococcus aureus",
    "metadata_versions_train": {
        "2019_clean.csv": "954305e482e840a815b44f310adbfdc1871bba52"
    },
    "metadata_versions_test": {
        "2019_clean.csv": "c9c4830e6f30ecb54e329451c7ffce195bb0bfc5"
    },
    "0": {
        "train_accuracy": 0.9354838709677419,
        "train_auprc": 0.04258050867828225,
        "train_auroc": 0.06896551724137931,
        "test_source_accuracy": 0.90625,
        "test_source_auprc": 0.1267806267806268,
        "test_source_auroc": 0.5172413793103448,
        "test_target_accuracy": 0.90625,
        "test_target_auprc": 0.10078037904124862,
        "test_target_auroc": 0.3908045977011494
    },
    "1": {
        "train_accuracy": 0.9206349206349206,
        "train_auprc": 0.0556367785429102,
        "train_auroc": 0.1724137931034483,
        "test_source_accuracy": 0.9354838709677419,
        "test_source_auprc": 0.05057471264367816,
        "test_source_auroc": 0.03448275862068961,
        "test_target_accuracy": 0.9354838709677419,
        "test_target_auprc": 0.09453781512605042,
        "test_target_auroc": 0.5172413793103448
    },
    "2": {
        "train_accuracy": 1.0,
        "train_auprc": 1.0,
        "train_auroc": 1.0,
        "test_source_accuracy": 0.9354838709677419,
        "test_source_auprc": 0.2037037037037037,
        "test_source_auroc": 0.5344827586206897,
        "test_target_accuracy": 0.9032258064516129,
        "test_target_auprc": 0.45,
        "test_target_auroc": 0.9310344827586207
    }
}