{
    "train_site": "DRIAMS-E",
    "train_years": [
        "2019"
    ],
    "test_site": "DRIAMS-F",
    "test_years": [
        "2019"
    ],
    "seed": 35,
    "model": "lightgbm",
    "antibiotic": "Cefepime",
    "species": "Escherichia coli",
    "metadata_versions_train": {
        "2019_clean.csv": "954305e482e840a815b44f310adbfdc1871bba52"
    },
    "metadata_versions_test": {
        "2019_clean.csv": "c9c4830e6f30ecb54e329451c7ffce195bb0bfc5"
    },
    "0": {
        "train_accuracy": 1.0,
        "train_auprc": 1.0,
        "train_auroc": 1.0,
        "test_source_accuracy": 0.9230769230769231,
        "test_source_auprc": 0.6428571428571428,
        "test_source_auroc": 0.8958333333333333,
        "test_target_accuracy": 0.9230769230769231,
        "test_target_auprc": 0.17692307692307693,
        "test_target_auroc": 0.6875
    },
    "1": {
        "train_accuracy": 0.9411764705882353,
        "train_auprc": 0.5714285714285714,
        "train_auroc": 0.9680851063829787,
        "test_source_accuracy": 0.72,
        "test_source_auprc": 0.05263157894736842,
        "test_source_auroc": 0.4375,
        "test_target_accuracy": 0.76,
        "test_target_auprc": 0.14285714285714285,
        "test_target_auroc": 0.7708333333333334
    },
    "2": {
        "train_accuracy": 0.9803921568627451,
        "train_auprc": 1.0,
        "train_auroc": 1.0,
        "test_source_accuracy": 0.96,
        "test_source_auprc": 0.5769230769230769,
        "test_source_auroc": 0.7608695652173914,
        "test_target_accuracy": 0.72,
        "test_target_auprc": 0.1111111111111111,
        "test_target_auroc": 0.4782608695652174
    }
}