{
    "train_site": "DRIAMS-E",
    "train_years": [
        "2019"
    ],
    "test_site": "DRIAMS-F",
    "test_years": [
        "2019"
    ],
    "seed": 188,
    "model": "rf",
    "antibiotic": "Ciprofloxacin",
    "species": "Escherichia coli",
    "metadata_versions_train": {
        "2019_clean.csv": "954305e482e840a815b44f310adbfdc1871bba52"
    },
    "metadata_versions_test": {
        "2019_clean.csv": "c9c4830e6f30ecb54e329451c7ffce195bb0bfc5"
    },
    "0": {
        "train_accuracy": 1.0,
        "train_auprc": 1.0,
        "train_auroc": 0.9999999999999999,
        "test_source_accuracy": 0.8461538461538461,
        "test_source_auprc": 0.16146761734997028,
        "test_source_auroc": 0.40909090909090906,
        "test_target_accuracy": 0.8461538461538461,
        "test_target_auprc": 0.27549019607843134,
        "test_target_auroc": 0.6534090909090909
    },
    "1": {
        "train_accuracy": 1.0,
        "train_auprc": 1.0,
        "train_auroc": 1.0,
        "test_source_accuracy": 0.84,
        "test_source_auprc": 0.13333333333333333,
        "test_source_auroc": 0.2678571428571429,
        "test_target_accuracy": 0.84,
        "test_target_auprc": 0.12872023809523808,
        "test_target_auroc": 0.23809523809523814
    },
    "2": {
        "train_accuracy": 1.0,
        "train_auprc": 1.0,
        "train_auroc": 1.0,
        "test_source_accuracy": 0.84,
        "test_source_auprc": 0.21986714975845412,
        "test_source_auroc": 0.5059523809523809,
        "test_target_accuracy": 0.84,
        "test_target_auprc": 0.17763157894736842,
        "test_target_auroc": 0.5297619047619048
    }
}