{
    "train_site": "DRIAMS-F",
    "train_years": [
        "2019"
    ],
    "test_site": "DRIAMS-E",
    "test_years": [
        "2019"
    ],
    "seed": 270,
    "model": "rf",
    "antibiotic": "Ceftriaxone",
    "species": "Escherichia coli",
    "metadata_versions_train": {
        "2019_clean.csv": "c9c4830e6f30ecb54e329451c7ffce195bb0bfc5"
    },
    "metadata_versions_test": {
        "2019_clean.csv": "954305e482e840a815b44f310adbfdc1871bba52"
    },
    "0": {
        "train_accuracy": 1.0,
        "train_auprc": 1.0,
        "train_auroc": 1.0,
        "test_source_accuracy": 0.9230769230769231,
        "test_source_auprc": 0.08166666666666667,
        "test_source_auroc": 0.3229166666666667,
        "test_target_accuracy": 0.9230769230769231,
        "test_target_auprc": 0.10555555555555556,
        "test_target_auroc": 0.5
    },
    "1": {
        "train_accuracy": 1.0,
        "train_auprc": 1.0,
        "train_auroc": 1.0,
        "test_source_accuracy": 0.92,
        "test_source_auprc": 0.10526315789473684,
        "test_source_auroc": 0.4347826086956522,
        "test_target_accuracy": 0.92,
        "test_target_auprc": 0.06173913043478261,
        "test_target_auroc": 0.09782608695652173
    },
    "2": {
        "train_accuracy": 1.0,
        "train_auprc": 1.0,
        "train_auroc": 1.0,
        "test_source_accuracy": 0.92,
        "test_source_auprc": 0.17692307692307693,
        "test_source_auroc": 0.6847826086956522,
        "test_target_accuracy": 0.92,
        "test_target_auprc": 0.2121212121212121,
        "test_target_auroc": 0.532608695652174
    }
}