{
    "train_site": "DRIAMS-E",
    "train_years": [
        "2019"
    ],
    "test_site": "DRIAMS-F",
    "test_years": [
        "2019"
    ],
    "seed": 35,
    "model": "svm-rbf",
    "antibiotic": "Oxacillin",
    "species": "Staphylococcus aureus",
    "metadata_versions_train": {
        "2019_clean.csv": "954305e482e840a815b44f310adbfdc1871bba52"
    },
    "metadata_versions_test": {
        "2019_clean.csv": "c9c4830e6f30ecb54e329451c7ffce195bb0bfc5"
    },
    "0": {
        "train_accuracy": 0.9354838709677419,
        "train_auprc": 0.04306640982276191,
        "train_auroc": 0.07758620689655174,
        "test_source_accuracy": 0.90625,
        "test_source_auprc": 0.18966547192353644,
        "test_source_auroc": 0.5632183908045976,
        "test_target_accuracy": 0.90625,
        "test_target_auprc": 0.175,
        "test_target_auroc": 0.6206896551724137
    },
    "1": {
        "train_accuracy": 0.9206349206349206,
        "train_auprc": 0.04866880442837922,
        "train_auroc": 0.0,
        "test_source_accuracy": 0.9354838709677419,
        "test_source_auprc": 0.13448275862068965,
        "test_source_auroc": 0.4655172413793104,
        "test_target_accuracy": 0.9354838709677419,
        "test_target_auprc": 0.19166666666666665,
        "test_target_auroc": 0.7241379310344828
    },
    "2": {
        "train_accuracy": 1.0,
        "train_auprc": 1.0,
        "train_auroc": 1.0,
        "test_source_accuracy": 0.9354838709677419,
        "test_source_auprc": 0.21014492753623187,
        "test_source_auroc": 0.603448275862069,
        "test_target_accuracy": 0.9032258064516129,
        "test_target_auprc": 0.41666666666666663,
        "test_target_auroc": 0.9137931034482758
    }
}