{
    "train_site": "DRIAMS-F",
    "train_years": [
        "2019"
    ],
    "test_site": "DRIAMS-E",
    "test_years": [
        "2019"
    ],
    "seed": 164,
    "model": "lightgbm",
    "antibiotic": "Oxacillin",
    "species": "Staphylococcus aureus",
    "metadata_versions_train": {
        "2019_clean.csv": "c9c4830e6f30ecb54e329451c7ffce195bb0bfc5"
    },
    "metadata_versions_test": {
        "2019_clean.csv": "954305e482e840a815b44f310adbfdc1871bba52"
    },
    "0": {
        "train_accuracy": 1.0,
        "train_auprc": 1.0,
        "train_auroc": 1.0,
        "test_source_accuracy": 0.90625,
        "test_source_auprc": 0.40703177822853276,
        "test_source_auroc": 0.5287356321839081,
        "test_target_accuracy": 0.90625,
        "test_target_auprc": 0.1289272030651341,
        "test_target_auroc": 0.4022988505747126
    },
    "1": {
        "train_accuracy": 0.746031746031746,
        "train_auprc": 0.23809523809523808,
        "train_auroc": 0.8620689655172413,
        "test_source_accuracy": 0.7741935483870968,
        "test_source_auprc": 0.2222222222222222,
        "test_source_auroc": 0.8793103448275862,
        "test_target_accuracy": 0.6129032258064516,
        "test_target_auprc": 0.06451612903225806,
        "test_target_auroc": 0.3275862068965517
    },
    "2": {
        "train_accuracy": 1.0,
        "train_auprc": 1.0,
        "train_auroc": 1.0,
        "test_source_accuracy": 0.9354838709677419,
        "test_source_auprc": 0.28846153846153844,
        "test_source_auroc": 0.5689655172413793,
        "test_target_accuracy": 0.9354838709677419,
        "test_target_auprc": 0.14,
        "test_target_auroc": 0.5344827586206896
    }
}