{
    "train_site": "DRIAMS-E",
    "train_years": [
        "2019"
    ],
    "test_site": "DRIAMS-F",
    "test_years": [
        "2019"
    ],
    "seed": 545,
    "model": "svm-rbf",
    "antibiotic": "Ceftriaxone",
    "species": "Escherichia coli",
    "metadata_versions_train": {
        "2019_clean.csv": "954305e482e840a815b44f310adbfdc1871bba52"
    },
    "metadata_versions_test": {
        "2019_clean.csv": "c9c4830e6f30ecb54e329451c7ffce195bb0bfc5"
    },
    "0": {
        "train_accuracy": 0.92,
        "train_auprc": 0.05375692032132002,
        "train_auroc": 0.08695652173913043,
        "test_source_accuracy": 0.9230769230769231,
        "test_source_auprc": 0.08834586466165413,
        "test_source_auroc": 0.375,
        "test_target_accuracy": 0.9230769230769231,
        "test_target_auprc": 0.225,
        "test_target_auroc": 0.7916666666666666
    },
    "1": {
        "train_accuracy": 0.9215686274509803,
        "train_auprc": 0.05566280767626199,
        "train_auroc": 0.1382978723404255,
        "test_source_accuracy": 0.92,
        "test_source_auprc": 0.10250000000000001,
        "test_source_auroc": 0.34782608695652173,
        "test_target_accuracy": 0.92,
        "test_target_auprc": 0.15476190476190477,
        "test_target_auroc": 0.6304347826086957
    },
    "2": {
        "train_accuracy": 0.9215686274509803,
        "train_auprc": 0.055783530803625796,
        "train_auroc": 0.14361702127659576,
        "test_source_accuracy": 0.92,
        "test_source_auprc": 0.11142857142857143,
        "test_source_auroc": 0.3695652173913043,
        "test_target_accuracy": 0.92,
        "test_target_auprc": 0.08928571428571427,
        "test_target_auroc": 0.34782608695652173
    }
}