{
    "train_site": "DRIAMS-F",
    "train_years": [
        "2019"
    ],
    "test_site": "DRIAMS-E",
    "test_years": [
        "2019"
    ],
    "seed": 164,
    "model": "lr",
    "antibiotic": "Oxacillin",
    "species": "Staphylococcus aureus",
    "metadata_versions_train": {
        "2019_clean.csv": "c9c4830e6f30ecb54e329451c7ffce195bb0bfc5"
    },
    "metadata_versions_test": {
        "2019_clean.csv": "954305e482e840a815b44f310adbfdc1871bba52"
    },
    "0": {
        "train_accuracy": 1.0,
        "train_auprc": 1.0,
        "train_auroc": 1.0,
        "test_source_accuracy": 0.9375,
        "test_source_auprc": 0.8666666666666667,
        "test_source_auroc": 0.9770114942528736,
        "test_target_accuracy": 0.875,
        "test_target_auprc": 0.1037037037037037,
        "test_target_auroc": 0.4022988505747126
    },
    "1": {
        "train_accuracy": 0.9206349206349206,
        "train_auprc": 0.6183458646616542,
        "train_auroc": 0.9172413793103448,
        "test_source_accuracy": 0.9354838709677419,
        "test_source_auprc": 0.07941176470588235,
        "test_source_auroc": 0.41379310344827586,
        "test_target_accuracy": 0.9354838709677419,
        "test_target_auprc": 0.13333333333333333,
        "test_target_auroc": 0.4482758620689655
    },
    "2": {
        "train_accuracy": 1.0,
        "train_auprc": 1.0,
        "train_auroc": 1.0,
        "test_source_accuracy": 0.9032258064516129,
        "test_source_auprc": 0.5357142857142857,
        "test_source_auroc": 0.5517241379310345,
        "test_target_accuracy": 0.9354838709677419,
        "test_target_auprc": 0.14,
        "test_target_auroc": 0.5344827586206896
    }
}