{
    "train_site": "DRIAMS-F",
    "train_years": [
        "2019"
    ],
    "test_site": "DRIAMS-E",
    "test_years": [
        "2019"
    ],
    "seed": 89,
    "model": "rf",
    "antibiotic": "Oxacillin",
    "species": "Staphylococcus aureus",
    "metadata_versions_train": {
        "2019_clean.csv": "c9c4830e6f30ecb54e329451c7ffce195bb0bfc5"
    },
    "metadata_versions_test": {
        "2019_clean.csv": "954305e482e840a815b44f310adbfdc1871bba52"
    },
    "0": {
        "train_accuracy": 1.0,
        "train_auprc": 1.0,
        "train_auroc": 1.0,
        "test_source_accuracy": 0.90625,
        "test_source_auprc": 0.7192982456140351,
        "test_source_auroc": 0.82183908045977,
        "test_target_accuracy": 0.90625,
        "test_target_auprc": 0.11111111111111112,
        "test_target_auroc": 0.49425287356321834
    },
    "1": {
        "train_accuracy": 1.0,
        "train_auprc": 1.0,
        "train_auroc": 1.0,
        "test_source_accuracy": 0.9354838709677419,
        "test_source_auprc": 0.06477732793522267,
        "test_source_auroc": 0.39655172413793105,
        "test_target_accuracy": 0.9354838709677419,
        "test_target_auprc": 0.10101010101010101,
        "test_target_auroc": 0.6120689655172413
    },
    "2": {
        "train_accuracy": 1.0,
        "train_auprc": 1.0,
        "train_auroc": 1.0,
        "test_source_accuracy": 0.9354838709677419,
        "test_source_auprc": 0.54,
        "test_source_auroc": 0.6120689655172413,
        "test_target_accuracy": 0.9354838709677419,
        "test_target_auprc": 0.07738095238095238,
        "test_target_auroc": 0.4224137931034483
    }
}