{
    "train_site": "DRIAMS-F",
    "train_years": [
        "2019"
    ],
    "test_site": "DRIAMS-E",
    "test_years": [
        "2019"
    ],
    "seed": 35,
    "model": "lr",
    "antibiotic": "Cefepime",
    "species": "Escherichia coli",
    "metadata_versions_train": {
        "2019_clean.csv": "c9c4830e6f30ecb54e329451c7ffce195bb0bfc5"
    },
    "metadata_versions_test": {
        "2019_clean.csv": "954305e482e840a815b44f310adbfdc1871bba52"
    },
    "0": {
        "train_accuracy": 0.92,
        "train_auprc": 0.08,
        "train_auroc": 0.5,
        "test_source_accuracy": 0.9230769230769231,
        "test_source_auprc": 0.07692307692307693,
        "test_source_auroc": 0.5,
        "test_target_accuracy": 0.9230769230769231,
        "test_target_auprc": 0.07692307692307693,
        "test_target_auroc": 0.5
    },
    "1": {
        "train_accuracy": 1.0,
        "train_auprc": 1.0,
        "train_auroc": 1.0,
        "test_source_accuracy": 0.8,
        "test_source_auprc": 0.26666666666666666,
        "test_source_auroc": 0.782608695652174,
        "test_target_accuracy": 0.48,
        "test_target_auprc": 0.09453781512605042,
        "test_target_auroc": 0.391304347826087
    },
    "2": {
        "train_accuracy": 1.0,
        "train_auprc": 1.0,
        "train_auroc": 1.0,
        "test_source_accuracy": 0.76,
        "test_source_auprc": 0.15555555555555556,
        "test_source_auroc": 0.5652173913043479,
        "test_target_accuracy": 0.08,
        "test_target_auprc": 0.17142857142857143,
        "test_target_auroc": 0.6521739130434783
    }
}