{
    "train_site": "DRIAMS-E",
    "train_years": [
        "2019"
    ],
    "test_site": "DRIAMS-F",
    "test_years": [
        "2019"
    ],
    "seed": 89,
    "model": "lightgbm",
    "antibiotic": "Ciprofloxacin",
    "species": "Staphylococcus aureus",
    "metadata_versions_train": {
        "2019_clean.csv": "954305e482e840a815b44f310adbfdc1871bba52"
    },
    "metadata_versions_test": {
        "2019_clean.csv": "c9c4830e6f30ecb54e329451c7ffce195bb0bfc5"
    },
    "0": {
        "train_accuracy": 1.0,
        "train_auprc": 1.0,
        "train_auroc": 1.0,
        "test_source_accuracy": 0.84375,
        "test_source_auprc": 0.21755368814192344,
        "test_source_auroc": 0.6781609195402298,
        "test_target_accuracy": 0.875,
        "test_target_auprc": 0.0808994708994709,
        "test_target_auroc": 0.25287356321839083
    },
    "1": {
        "train_accuracy": 0.9047619047619048,
        "train_auprc": 0.09523809523809523,
        "train_auroc": 0.5,
        "test_source_accuracy": 0.90625,
        "test_source_auprc": 0.09375,
        "test_source_auroc": 0.5,
        "test_target_accuracy": 0.90625,
        "test_target_auprc": 0.09375,
        "test_target_auroc": 0.5
    },
    "2": {
        "train_accuracy": 1.0,
        "train_auprc": 1.0,
        "train_auroc": 1.0,
        "test_source_accuracy": 0.9032258064516129,
        "test_source_auprc": 0.12576312576312576,
        "test_source_auroc": 0.44047619047619047,
        "test_target_accuracy": 0.9032258064516129,
        "test_target_auprc": 0.14484126984126983,
        "test_target_auroc": 0.5833333333333333
    }
}