{
    "train_site": "DRIAMS-E",
    "train_years": [
        "2019"
    ],
    "test_site": "DRIAMS-F",
    "test_years": [
        "2019"
    ],
    "seed": 344,
    "model": "svm-linear",
    "antibiotic": "Ceftriaxone",
    "species": "Escherichia coli",
    "metadata_versions_train": {
        "2019_clean.csv": "954305e482e840a815b44f310adbfdc1871bba52"
    },
    "metadata_versions_test": {
        "2019_clean.csv": "c9c4830e6f30ecb54e329451c7ffce195bb0bfc5"
    },
    "0": {
        "train_accuracy": 0.92,
        "train_auprc": 0.052425687666370895,
        "train_auroc": 0.048913043478260865,
        "test_source_accuracy": 0.9230769230769231,
        "test_source_auprc": 0.22619047619047616,
        "test_source_auroc": 0.7916666666666666,
        "test_target_accuracy": 0.9230769230769231,
        "test_target_auprc": 0.12916666666666665,
        "test_target_auroc": 0.5833333333333334
    },
    "1": {
        "train_accuracy": 0.8823529411764706,
        "train_auprc": 0.05062587825828005,
        "train_auroc": 0.026595744680851074,
        "test_source_accuracy": 0.8,
        "test_source_auprc": 0.06777777777777777,
        "test_source_auroc": 0.13043478260869568,
        "test_target_accuracy": 0.56,
        "test_target_auprc": 0.14545454545454545,
        "test_target_auroc": 0.4782608695652174
    },
    "2": {
        "train_accuracy": 0.9215686274509803,
        "train_auprc": 0.059135029898484216,
        "train_auroc": 0.17021276595744678,
        "test_source_accuracy": 0.92,
        "test_source_auprc": 0.06173913043478261,
        "test_source_auroc": 0.021739130434782594,
        "test_target_accuracy": 0.92,
        "test_target_auprc": 0.13333333333333333,
        "test_target_auroc": 0.5
    }
}