{
    "train_site": "DRIAMS-F",
    "train_years": [
        "2019"
    ],
    "test_site": "DRIAMS-E",
    "test_years": [
        "2019"
    ],
    "seed": 480,
    "model": "svm-linear",
    "antibiotic": "Ciprofloxacin",
    "species": "Staphylococcus aureus",
    "metadata_versions_train": {
        "2019_clean.csv": "c9c4830e6f30ecb54e329451c7ffce195bb0bfc5"
    },
    "metadata_versions_test": {
        "2019_clean.csv": "954305e482e840a815b44f310adbfdc1871bba52"
    },
    "0": {
        "train_accuracy": 0.9365079365079365,
        "train_auprc": 1.0,
        "train_auroc": 1.0,
        "test_source_accuracy": 0.84375,
        "test_source_auprc": 0.21216931216931217,
        "test_source_auroc": 0.7471264367816092,
        "test_target_accuracy": 0.53125,
        "test_target_auprc": 0.08273425499231951,
        "test_target_auroc": 0.264367816091954
    },
    "1": {
        "train_accuracy": 0.9682539682539683,
        "train_auprc": 0.05779100848607452,
        "train_auroc": 0.014619883040935719,
        "test_source_accuracy": 0.8125,
        "test_source_auprc": 0.07962962962962963,
        "test_source_auroc": 0.24137931034482762,
        "test_target_accuracy": 0.75,
        "test_target_auprc": 0.09956575682382135,
        "test_target_auroc": 0.3793103448275862
    },
    "2": {
        "train_accuracy": 1.0,
        "train_auprc": 1.0,
        "train_auroc": 1.0,
        "test_source_accuracy": 0.9032258064516129,
        "test_source_auprc": 0.31746031746031744,
        "test_source_auroc": 0.75,
        "test_target_accuracy": 0.8709677419354839,
        "test_target_auprc": 0.1717948717948718,
        "test_target_auroc": 0.5833333333333333
    }
}