{
    "train_site": "DRIAMS-E",
    "train_years": [
        "2019"
    ],
    "test_site": "DRIAMS-F",
    "test_years": [
        "2019"
    ],
    "seed": 172,
    "model": "lightgbm",
    "antibiotic": "Cefepime",
    "species": "Escherichia coli",
    "metadata_versions_train": {
        "2019_clean.csv": "954305e482e840a815b44f310adbfdc1871bba52"
    },
    "metadata_versions_test": {
        "2019_clean.csv": "c9c4830e6f30ecb54e329451c7ffce195bb0bfc5"
    },
    "0": {
        "train_accuracy": 1.0,
        "train_auprc": 1.0,
        "train_auroc": 1.0,
        "test_source_accuracy": 0.8846153846153846,
        "test_source_auprc": 0.17261904761904762,
        "test_source_auroc": 0.5416666666666667,
        "test_target_accuracy": 0.8846153846153846,
        "test_target_auprc": 0.23333333333333334,
        "test_target_auroc": 0.6875
    },
    "1": {
        "train_accuracy": 0.9803921568627451,
        "train_auprc": 1.0,
        "train_auroc": 1.0,
        "test_source_accuracy": 0.92,
        "test_source_auprc": 0.05,
        "test_source_auroc": 0.22916666666666669,
        "test_target_accuracy": 0.44,
        "test_target_auprc": 0.05,
        "test_target_auroc": 0.20833333333333337
    },
    "2": {
        "train_accuracy": 0.9607843137254902,
        "train_auprc": 1.0,
        "train_auroc": 1.0,
        "test_source_accuracy": 0.68,
        "test_source_auprc": 0.0804093567251462,
        "test_source_auroc": 0.27173913043478265,
        "test_target_accuracy": 0.8,
        "test_target_auprc": 0.1213235294117647,
        "test_target_auroc": 0.5217391304347826
    }
}