{
    "train_site": "DRIAMS-E",
    "train_years": [
        "2019"
    ],
    "test_site": "DRIAMS-F",
    "test_years": [
        "2019"
    ],
    "seed": 35,
    "model": "svm-rbf",
    "antibiotic": "Ciprofloxacin",
    "species": "Escherichia coli",
    "metadata_versions_train": {
        "2019_clean.csv": "954305e482e840a815b44f310adbfdc1871bba52"
    },
    "metadata_versions_test": {
        "2019_clean.csv": "c9c4830e6f30ecb54e329451c7ffce195bb0bfc5"
    },
    "0": {
        "train_accuracy": 0.84,
        "train_auprc": 0.09457170867429723,
        "train_auroc": 0.0,
        "test_source_accuracy": 0.8461538461538461,
        "test_source_auprc": 0.254656862745098,
        "test_source_auroc": 0.6590909090909091,
        "test_target_accuracy": 0.8461538461538461,
        "test_target_auprc": 0.2457875457875458,
        "test_target_auroc": 0.6590909090909091
    },
    "1": {
        "train_accuracy": 1.0,
        "train_auprc": 1.0,
        "train_auroc": 1.0,
        "test_source_accuracy": 0.76,
        "test_source_auprc": 0.14352002164502164,
        "test_source_auroc": 0.3214285714285714,
        "test_target_accuracy": 0.8,
        "test_target_auprc": 0.1682900432900433,
        "test_target_auroc": 0.4285714285714286
    },
    "2": {
        "train_accuracy": 0.8431372549019608,
        "train_auprc": 0.10791876979924539,
        "train_auroc": 0.2005813953488372,
        "test_source_accuracy": 0.84,
        "test_source_auprc": 0.18999236058059588,
        "test_source_auroc": 0.5238095238095238,
        "test_target_accuracy": 0.84,
        "test_target_auprc": 0.4992997198879552,
        "test_target_auroc": 0.75
    }
}