{
    "train_site": "DRIAMS-E",
    "train_years": [
        "2019"
    ],
    "test_site": "DRIAMS-F",
    "test_years": [
        "2019"
    ],
    "seed": 409,
    "model": "lr",
    "antibiotic": "Oxacillin",
    "species": "Staphylococcus aureus",
    "metadata_versions_train": {
        "2019_clean.csv": "954305e482e840a815b44f310adbfdc1871bba52"
    },
    "metadata_versions_test": {
        "2019_clean.csv": "c9c4830e6f30ecb54e329451c7ffce195bb0bfc5"
    },
    "0": {
        "train_accuracy": 0.9354838709677419,
        "train_auprc": 0.06451612903225806,
        "train_auroc": 0.5,
        "test_source_accuracy": 0.90625,
        "test_source_auprc": 0.09375,
        "test_source_auroc": 0.5,
        "test_target_accuracy": 0.90625,
        "test_target_auprc": 0.09375,
        "test_target_auroc": 0.5
    },
    "1": {
        "train_accuracy": 0.9206349206349206,
        "train_auprc": 0.5870588235294119,
        "train_auroc": 0.8758620689655172,
        "test_source_accuracy": 0.9354838709677419,
        "test_source_auprc": 0.09307359307359307,
        "test_source_auroc": 0.5,
        "test_target_accuracy": 0.9354838709677419,
        "test_target_auprc": 0.18253968253968253,
        "test_target_auroc": 0.7758620689655172
    },
    "2": {
        "train_accuracy": 1.0,
        "train_auprc": 1.0,
        "train_auroc": 1.0,
        "test_source_accuracy": 0.7419354838709677,
        "test_source_auprc": 0.13247863247863248,
        "test_source_auroc": 0.6724137931034483,
        "test_target_accuracy": 0.7741935483870968,
        "test_target_auprc": 0.13095238095238093,
        "test_target_auroc": 0.5862068965517242
    }
}