{
    "train_site": "DRIAMS-F",
    "train_years": [
        "2019"
    ],
    "test_site": "DRIAMS-E",
    "test_years": [
        "2019"
    ],
    "seed": 188,
    "model": "lr",
    "antibiotic": "Oxacillin",
    "species": "Staphylococcus aureus",
    "metadata_versions_train": {
        "2019_clean.csv": "c9c4830e6f30ecb54e329451c7ffce195bb0bfc5"
    },
    "metadata_versions_test": {
        "2019_clean.csv": "954305e482e840a815b44f310adbfdc1871bba52"
    },
    "0": {
        "train_accuracy": 1.0,
        "train_auprc": 1.0,
        "train_auroc": 1.0,
        "test_source_accuracy": 0.9375,
        "test_source_auprc": 0.8095238095238095,
        "test_source_auroc": 0.9540229885057471,
        "test_target_accuracy": 0.875,
        "test_target_auprc": 0.07656490015360982,
        "test_target_auroc": 0.1839080459770115
    },
    "1": {
        "train_accuracy": 1.0,
        "train_auprc": 1.0,
        "train_auroc": 1.0,
        "test_source_accuracy": 0.7741935483870968,
        "test_source_auprc": 0.12037037037037036,
        "test_source_auroc": 0.4827586206896552,
        "test_target_accuracy": 0.9032258064516129,
        "test_target_auprc": 0.07294429708222812,
        "test_target_auroc": 0.3275862068965517
    },
    "2": {
        "train_accuracy": 1.0,
        "train_auprc": 1.0,
        "train_auroc": 1.0,
        "test_source_accuracy": 0.9354838709677419,
        "test_source_auprc": 0.8333333333333333,
        "test_source_auroc": 0.9827586206896552,
        "test_target_accuracy": 0.9354838709677419,
        "test_target_auprc": 0.10101010101010101,
        "test_target_auroc": 0.5517241379310345
    }
}