{
    "train_site": "DRIAMS-F",
    "train_years": [
        "2019"
    ],
    "test_site": "DRIAMS-E",
    "test_years": [
        "2019"
    ],
    "seed": 270,
    "model": "lightgbm",
    "antibiotic": "Ceftriaxone",
    "species": "Escherichia coli",
    "metadata_versions_train": {
        "2019_clean.csv": "c9c4830e6f30ecb54e329451c7ffce195bb0bfc5"
    },
    "metadata_versions_test": {
        "2019_clean.csv": "954305e482e840a815b44f310adbfdc1871bba52"
    },
    "0": {
        "train_accuracy": 1.0,
        "train_auprc": 1.0,
        "train_auroc": 1.0,
        "test_source_accuracy": 0.8846153846153846,
        "test_source_auprc": 0.23809523809523808,
        "test_source_auroc": 0.7083333333333334,
        "test_target_accuracy": 0.9230769230769231,
        "test_target_auprc": 0.5588235294117647,
        "test_target_auroc": 0.6875
    },
    "1": {
        "train_accuracy": 0.8823529411764706,
        "train_auprc": 0.4,
        "train_auroc": 0.9361702127659575,
        "test_source_accuracy": 0.8,
        "test_source_auprc": 0.12692307692307692,
        "test_source_auroc": 0.6521739130434783,
        "test_target_accuracy": 0.92,
        "test_target_auprc": 0.06777777777777777,
        "test_target_auroc": 0.23913043478260873
    },
    "2": {
        "train_accuracy": 0.9607843137254902,
        "train_auprc": 1.0,
        "train_auroc": 1.0,
        "test_source_accuracy": 0.8,
        "test_source_auprc": 0.11011904761904762,
        "test_source_auroc": 0.44565217391304346,
        "test_target_accuracy": 0.96,
        "test_target_auprc": 0.5454545454545454,
        "test_target_auroc": 0.6304347826086957
    }
}