{
    "train_site": "DRIAMS-E",
    "train_years": [
        "2019"
    ],
    "test_site": "DRIAMS-F",
    "test_years": [
        "2019"
    ],
    "seed": 480,
    "model": "svm-rbf",
    "antibiotic": "Cefepime",
    "species": "Escherichia coli",
    "metadata_versions_train": {
        "2019_clean.csv": "954305e482e840a815b44f310adbfdc1871bba52"
    },
    "metadata_versions_test": {
        "2019_clean.csv": "c9c4830e6f30ecb54e329451c7ffce195bb0bfc5"
    },
    "0": {
        "train_accuracy": 1.0,
        "train_auprc": 1.0,
        "train_auroc": 1.0,
        "test_source_accuracy": 0.8846153846153846,
        "test_source_auprc": 0.3,
        "test_source_auroc": 0.6041666666666667,
        "test_target_accuracy": 0.9230769230769231,
        "test_target_auprc": 0.15,
        "test_target_auroc": 0.625
    },
    "1": {
        "train_accuracy": 0.9215686274509803,
        "train_auprc": 0.06350873682806456,
        "train_auroc": 0.23936170212765956,
        "test_source_accuracy": 0.96,
        "test_source_auprc": 0.04,
        "test_source_auroc": 0.0,
        "test_target_accuracy": 0.96,
        "test_target_auprc": 0.0625,
        "test_target_auroc": 0.375
    },
    "2": {
        "train_accuracy": 1.0,
        "train_auprc": 0.03974389755902361,
        "train_auroc": 0.0,
        "test_source_accuracy": 0.92,
        "test_source_auprc": 0.1125,
        "test_source_auroc": 0.45652173913043476,
        "test_target_accuracy": 0.6,
        "test_target_auprc": 0.14090909090909093,
        "test_target_auroc": 0.6086956521739131
    }
}