{
    "train_site": "DRIAMS-E",
    "train_years": [
        "2019"
    ],
    "test_site": "DRIAMS-F",
    "test_years": [
        "2019"
    ],
    "seed": 188,
    "model": "lightgbm",
    "antibiotic": "Oxacillin",
    "species": "Staphylococcus aureus",
    "metadata_versions_train": {
        "2019_clean.csv": "954305e482e840a815b44f310adbfdc1871bba52"
    },
    "metadata_versions_test": {
        "2019_clean.csv": "c9c4830e6f30ecb54e329451c7ffce195bb0bfc5"
    },
    "0": {
        "train_accuracy": 0.9354838709677419,
        "train_auprc": 0.6666666666666666,
        "train_auroc": 0.9827586206896551,
        "test_source_accuracy": 0.90625,
        "test_source_auprc": 0.09375,
        "test_source_auroc": 0.3620689655172414,
        "test_target_accuracy": 0.90625,
        "test_target_auprc": 0.22916666666666666,
        "test_target_auroc": 0.5804597701149424
    },
    "1": {
        "train_accuracy": 1.0,
        "train_auprc": 1.0,
        "train_auroc": 1.0,
        "test_source_accuracy": 0.9032258064516129,
        "test_source_auprc": 0.1607142857142857,
        "test_source_auroc": 0.5,
        "test_target_accuracy": 0.9354838709677419,
        "test_target_auprc": 0.12692307692307692,
        "test_target_auroc": 0.6551724137931034
    },
    "2": {
        "train_accuracy": 0.7619047619047619,
        "train_auprc": 0.25,
        "train_auroc": 0.8706896551724138,
        "test_source_accuracy": 0.5483870967741935,
        "test_source_auprc": 0.06451612903225806,
        "test_source_auroc": 0.2931034482758621,
        "test_target_accuracy": 0.2903225806451613,
        "test_target_auprc": 0.05498533724340176,
        "test_target_auroc": 0.3879310344827586
    }
}