{
    "train_site": "DRIAMS-F",
    "train_years": [
        "2019"
    ],
    "test_site": "DRIAMS-E",
    "test_years": [
        "2019"
    ],
    "seed": 344,
    "model": "svm-linear",
    "antibiotic": "Cefepime",
    "species": "Escherichia coli",
    "metadata_versions_train": {
        "2019_clean.csv": "c9c4830e6f30ecb54e329451c7ffce195bb0bfc5"
    },
    "metadata_versions_test": {
        "2019_clean.csv": "954305e482e840a815b44f310adbfdc1871bba52"
    },
    "0": {
        "train_accuracy": 1.0,
        "train_auprc": 1.0,
        "train_auroc": 1.0,
        "test_source_accuracy": 0.9230769230769231,
        "test_source_auprc": 0.10263157894736842,
        "test_source_auroc": 0.4583333333333333,
        "test_target_accuracy": 0.8846153846153846,
        "test_target_auprc": 0.10818713450292397,
        "test_target_auroc": 0.47916666666666663
    },
    "1": {
        "train_accuracy": 1.0,
        "train_auprc": 1.0,
        "train_auroc": 1.0,
        "test_source_accuracy": 0.92,
        "test_source_auprc": 0.19642857142857142,
        "test_source_auroc": 0.7391304347826086,
        "test_target_accuracy": 0.92,
        "test_target_auprc": 0.125,
        "test_target_auroc": 0.5434782608695652
    },
    "2": {
        "train_accuracy": 0.9607843137254902,
        "train_auprc": 0.05013107370607817,
        "train_auroc": 0.0053191489361702204,
        "test_source_accuracy": 0.88,
        "test_source_auprc": 0.08204334365325078,
        "test_source_auroc": 0.28260869565217395,
        "test_target_accuracy": 0.36,
        "test_target_auprc": 0.07177033492822966,
        "test_target_auroc": 0.17391304347826086
    }
}