{
    "train_site": "DRIAMS-E",
    "train_years": [
        "2019"
    ],
    "test_site": "DRIAMS-F",
    "test_years": [
        "2019"
    ],
    "seed": 480,
    "model": "rf",
    "antibiotic": "Ciprofloxacin",
    "species": "Staphylococcus aureus",
    "metadata_versions_train": {
        "2019_clean.csv": "954305e482e840a815b44f310adbfdc1871bba52"
    },
    "metadata_versions_test": {
        "2019_clean.csv": "c9c4830e6f30ecb54e329451c7ffce195bb0bfc5"
    },
    "0": {
        "train_accuracy": 1.0,
        "train_auprc": 1.0,
        "train_auroc": 1.0,
        "test_source_accuracy": 0.90625,
        "test_source_auprc": 0.2513227513227513,
        "test_source_auroc": 0.6091954022988505,
        "test_target_accuracy": 0.90625,
        "test_target_auprc": 0.15873015873015872,
        "test_target_auroc": 0.6436781609195402
    },
    "1": {
        "train_accuracy": 1.0,
        "train_auprc": 1.0,
        "train_auroc": 1.0,
        "test_source_accuracy": 0.90625,
        "test_source_auprc": 0.1638888888888889,
        "test_source_auroc": 0.6206896551724137,
        "test_target_accuracy": 0.90625,
        "test_target_auprc": 0.12053571428571427,
        "test_target_auroc": 0.4597701149425287
    },
    "2": {
        "train_accuracy": 1.0,
        "train_auprc": 1.0,
        "train_auroc": 1.0,
        "test_source_accuracy": 0.9032258064516129,
        "test_source_auprc": 0.437037037037037,
        "test_source_auroc": 0.6785714285714286,
        "test_target_accuracy": 0.9032258064516129,
        "test_target_auprc": 0.11904761904761905,
        "test_target_auroc": 0.5119047619047619
    }
}