{
    "train_site": "DRIAMS-F",
    "train_years": [
        "2019"
    ],
    "test_site": "DRIAMS-E",
    "test_years": [
        "2019"
    ],
    "seed": 35,
    "model": "svm-rbf",
    "antibiotic": "Ceftriaxone",
    "species": "Escherichia coli",
    "metadata_versions_train": {
        "2019_clean.csv": "c9c4830e6f30ecb54e329451c7ffce195bb0bfc5"
    },
    "metadata_versions_test": {
        "2019_clean.csv": "954305e482e840a815b44f310adbfdc1871bba52"
    },
    "0": {
        "train_accuracy": 1.0,
        "train_auprc": 1.0,
        "train_auroc": 1.0,
        "test_source_accuracy": 0.9230769230769231,
        "test_source_auprc": 0.14583333333333331,
        "test_source_auroc": 0.6041666666666666,
        "test_target_accuracy": 0.9230769230769231,
        "test_target_auprc": 0.11688311688311688,
        "test_target_auroc": 0.5416666666666666
    },
    "1": {
        "train_accuracy": 1.0,
        "train_auprc": 0.050020258103241295,
        "train_auroc": 0.0,
        "test_source_accuracy": 0.92,
        "test_source_auprc": 0.06439393939393939,
        "test_source_auroc": 0.06521739130434784,
        "test_target_accuracy": 0.92,
        "test_target_auprc": 0.5666666666666667,
        "test_target_auroc": 0.7173913043478262
    },
    "2": {
        "train_accuracy": 1.0,
        "train_auprc": 1.0,
        "train_auroc": 1.0,
        "test_source_accuracy": 0.92,
        "test_source_auprc": 0.3269230769230769,
        "test_source_auroc": 0.7391304347826086,
        "test_target_accuracy": 0.72,
        "test_target_auprc": 0.6428571428571428,
        "test_target_auroc": 0.891304347826087
    }
}