{
    "train_site": "DRIAMS-E",
    "train_years": [
        "2019"
    ],
    "test_site": "DRIAMS-F",
    "test_years": [
        "2019"
    ],
    "seed": 545,
    "model": "lightgbm",
    "antibiotic": "Oxacillin",
    "species": "Staphylococcus aureus",
    "metadata_versions_train": {
        "2019_clean.csv": "954305e482e840a815b44f310adbfdc1871bba52"
    },
    "metadata_versions_test": {
        "2019_clean.csv": "c9c4830e6f30ecb54e329451c7ffce195bb0bfc5"
    },
    "0": {
        "train_accuracy": 0.3870967741935484,
        "train_auprc": 0.0975609756097561,
        "train_auroc": 0.6810344827586207,
        "test_source_accuracy": 0.40625,
        "test_source_auprc": 0.11212121212121212,
        "test_source_auroc": 0.5804597701149425,
        "test_target_accuracy": 0.125,
        "test_target_auprc": 0.0967741935483871,
        "test_target_auroc": 0.5172413793103448
    },
    "1": {
        "train_accuracy": 0.746031746031746,
        "train_auprc": 0.23809523809523808,
        "train_auroc": 0.8620689655172413,
        "test_source_accuracy": 0.8064516129032258,
        "test_source_auprc": 0.11559139784946236,
        "test_source_auroc": 0.6637931034482759,
        "test_target_accuracy": 0.41935483870967744,
        "test_target_auprc": 0.06003584229390681,
        "test_target_auroc": 0.456896551724138
    },
    "2": {
        "train_accuracy": 1.0,
        "train_auprc": 1.0,
        "train_auroc": 1.0,
        "test_source_accuracy": 0.9354838709677419,
        "test_source_auprc": 0.14347826086956522,
        "test_source_auroc": 0.5689655172413793,
        "test_target_accuracy": 0.9354838709677419,
        "test_target_auprc": 0.09545454545454546,
        "test_target_auroc": 0.5172413793103448
    }
}