{
    "train_site": "DRIAMS-E",
    "train_years": [
        "2019"
    ],
    "test_site": "DRIAMS-F",
    "test_years": [
        "2019"
    ],
    "seed": 270,
    "model": "svm-rbf",
    "antibiotic": "Ciprofloxacin",
    "species": "Staphylococcus aureus",
    "metadata_versions_train": {
        "2019_clean.csv": "954305e482e840a815b44f310adbfdc1871bba52"
    },
    "metadata_versions_test": {
        "2019_clean.csv": "c9c4830e6f30ecb54e329451c7ffce195bb0bfc5"
    },
    "0": {
        "train_accuracy": 0.9047619047619048,
        "train_auprc": 0.0628362019194293,
        "train_auroc": 0.14327485380116958,
        "test_source_accuracy": 0.90625,
        "test_source_auprc": 0.0983923483923484,
        "test_source_auroc": 0.3448275862068966,
        "test_target_accuracy": 0.90625,
        "test_target_auprc": 0.09461462450592885,
        "test_target_auroc": 0.36781609195402293
    },
    "1": {
        "train_accuracy": 1.0,
        "train_auprc": 1.0,
        "train_auroc": 1.0,
        "test_source_accuracy": 0.875,
        "test_source_auprc": 0.14876847290640394,
        "test_source_auroc": 0.5172413793103448,
        "test_target_accuracy": 0.875,
        "test_target_auprc": 0.22564102564102564,
        "test_target_auroc": 0.40229885057471265
    },
    "2": {
        "train_accuracy": 1.0,
        "train_auprc": 0.056182337023649345,
        "train_auroc": 0.0,
        "test_source_accuracy": 0.9032258064516129,
        "test_source_auprc": 0.06730079955886407,
        "test_source_auroc": 0.0357142857142857,
        "test_target_accuracy": 0.9032258064516129,
        "test_target_auprc": 0.09003831417624522,
        "test_target_auroc": 0.29761904761904756
    }
}