{
    "train_site": "DRIAMS-F",
    "train_years": [
        "2019"
    ],
    "test_site": "DRIAMS-E",
    "test_years": [
        "2019"
    ],
    "seed": 89,
    "model": "svm-rbf",
    "antibiotic": "Cefepime",
    "species": "Escherichia coli",
    "metadata_versions_train": {
        "2019_clean.csv": "c9c4830e6f30ecb54e329451c7ffce195bb0bfc5"
    },
    "metadata_versions_test": {
        "2019_clean.csv": "954305e482e840a815b44f310adbfdc1871bba52"
    },
    "0": {
        "train_accuracy": 1.0,
        "train_auprc": 1.0,
        "train_auroc": 1.0,
        "test_source_accuracy": 0.9230769230769231,
        "test_source_auprc": 0.5769230769230769,
        "test_source_auroc": 0.7708333333333334,
        "test_target_accuracy": 0.9230769230769231,
        "test_target_auprc": 0.1625,
        "test_target_auroc": 0.6875
    },
    "1": {
        "train_accuracy": 1.0,
        "train_auprc": 1.0,
        "train_auroc": 1.0,
        "test_source_accuracy": 0.92,
        "test_source_auprc": 0.24285714285714285,
        "test_source_auroc": 0.8043478260869565,
        "test_target_accuracy": 0.8,
        "test_target_auprc": 0.22549019607843135,
        "test_target_auroc": 0.6304347826086957
    },
    "2": {
        "train_accuracy": 1.0,
        "train_auprc": 1.0,
        "train_auroc": 1.0,
        "test_source_accuracy": 0.92,
        "test_source_auprc": 0.325,
        "test_source_auroc": 0.8695652173913043,
        "test_target_accuracy": 0.8,
        "test_target_auprc": 0.1125,
        "test_target_auroc": 0.45652173913043476
    }
}