{
    "train_site": "DRIAMS-E",
    "train_years": [
        "2019"
    ],
    "test_site": "DRIAMS-F",
    "test_years": [
        "2019"
    ],
    "seed": 172,
    "model": "rf",
    "antibiotic": "Ciprofloxacin",
    "species": "Staphylococcus aureus",
    "metadata_versions_train": {
        "2019_clean.csv": "954305e482e840a815b44f310adbfdc1871bba52"
    },
    "metadata_versions_test": {
        "2019_clean.csv": "c9c4830e6f30ecb54e329451c7ffce195bb0bfc5"
    },
    "0": {
        "train_accuracy": 1.0,
        "train_auprc": 1.0,
        "train_auroc": 1.0,
        "test_source_accuracy": 0.90625,
        "test_source_auprc": 0.18333333333333335,
        "test_source_auroc": 0.5689655172413792,
        "test_target_accuracy": 0.90625,
        "test_target_auprc": 0.20317460317460317,
        "test_target_auroc": 0.6551724137931034
    },
    "1": {
        "train_accuracy": 1.0,
        "train_auprc": 1.0,
        "train_auroc": 1.0,
        "test_source_accuracy": 0.90625,
        "test_source_auprc": 0.11213517665130569,
        "test_source_auroc": 0.3505747126436781,
        "test_target_accuracy": 0.90625,
        "test_target_auprc": 0.11309523809523811,
        "test_target_auroc": 0.3563218390804598
    },
    "2": {
        "train_accuracy": 1.0,
        "train_auprc": 1.0,
        "train_auroc": 1.0,
        "test_source_accuracy": 0.9032258064516129,
        "test_source_auprc": 0.22424242424242424,
        "test_source_auroc": 0.7797619047619048,
        "test_target_accuracy": 0.9032258064516129,
        "test_target_auprc": 0.2465437788018433,
        "test_target_auroc": 0.5178571428571428
    }
}