{
    "train_site": "DRIAMS-F",
    "train_years": [
        "2019"
    ],
    "test_site": "DRIAMS-E",
    "test_years": [
        "2019"
    ],
    "seed": 545,
    "model": "rf",
    "antibiotic": "Oxacillin",
    "species": "Staphylococcus aureus",
    "metadata_versions_train": {
        "2019_clean.csv": "c9c4830e6f30ecb54e329451c7ffce195bb0bfc5"
    },
    "metadata_versions_test": {
        "2019_clean.csv": "954305e482e840a815b44f310adbfdc1871bba52"
    },
    "0": {
        "train_accuracy": 1.0,
        "train_auprc": 1.0,
        "train_auroc": 1.0,
        "test_source_accuracy": 0.90625,
        "test_source_auprc": 0.432258064516129,
        "test_source_auroc": 0.5977011494252873,
        "test_target_accuracy": 0.90625,
        "test_target_auprc": 0.3053830227743271,
        "test_target_auroc": 0.7241379310344827
    },
    "1": {
        "train_accuracy": 1.0,
        "train_auprc": 1.0,
        "train_auroc": 1.0,
        "test_source_accuracy": 0.9354838709677419,
        "test_source_auprc": 0.16203703703703703,
        "test_source_auroc": 0.603448275862069,
        "test_target_accuracy": 0.9354838709677419,
        "test_target_auprc": 0.2111111111111111,
        "test_target_auroc": 0.8448275862068966
    },
    "2": {
        "train_accuracy": 1.0,
        "train_auprc": 1.0,
        "train_auroc": 1.0,
        "test_source_accuracy": 0.9354838709677419,
        "test_source_auprc": 0.12037037037037036,
        "test_source_auroc": 0.560344827586207,
        "test_target_accuracy": 0.9354838709677419,
        "test_target_auprc": 0.08571428571428572,
        "test_target_auroc": 0.5
    }
}