{
    "train_site": "DRIAMS-E",
    "train_years": [
        "2019"
    ],
    "test_site": "DRIAMS-F",
    "test_years": [
        "2019"
    ],
    "seed": 89,
    "model": "lr",
    "antibiotic": "Ciprofloxacin",
    "species": "Escherichia coli",
    "metadata_versions_train": {
        "2019_clean.csv": "954305e482e840a815b44f310adbfdc1871bba52"
    },
    "metadata_versions_test": {
        "2019_clean.csv": "c9c4830e6f30ecb54e329451c7ffce195bb0bfc5"
    },
    "0": {
        "train_accuracy": 1.0,
        "train_auprc": 1.0,
        "train_auroc": 1.0,
        "test_source_accuracy": 0.5769230769230769,
        "test_source_auprc": 0.2101923076923077,
        "test_source_auroc": 0.5227272727272727,
        "test_target_accuracy": 0.6923076923076923,
        "test_target_auprc": 0.4867424242424242,
        "test_target_auroc": 0.7840909090909092
    },
    "1": {
        "train_accuracy": 1.0,
        "train_auprc": 1.0,
        "train_auroc": 1.0,
        "test_source_accuracy": 0.44,
        "test_source_auprc": 0.19034090909090906,
        "test_source_auroc": 0.34523809523809523,
        "test_target_accuracy": 0.36,
        "test_target_auprc": 0.2234191247349142,
        "test_target_auroc": 0.5833333333333334
    },
    "2": {
        "train_accuracy": 1.0,
        "train_auprc": 1.0,
        "train_auroc": 1.0,
        "test_source_accuracy": 0.76,
        "test_source_auprc": 0.23300653594771242,
        "test_source_auroc": 0.5357142857142858,
        "test_target_accuracy": 0.88,
        "test_target_auprc": 0.6136363636363636,
        "test_target_auroc": 0.6904761904761905
    }
}