{
    "train_site": "DRIAMS-F",
    "train_years": [
        "2019"
    ],
    "test_site": "DRIAMS-E",
    "test_years": [
        "2019"
    ],
    "seed": 188,
    "model": "lightgbm",
    "antibiotic": "Oxacillin",
    "species": "Staphylococcus aureus",
    "metadata_versions_train": {
        "2019_clean.csv": "c9c4830e6f30ecb54e329451c7ffce195bb0bfc5"
    },
    "metadata_versions_test": {
        "2019_clean.csv": "954305e482e840a815b44f310adbfdc1871bba52"
    },
    "0": {
        "train_accuracy": 1.0,
        "train_auprc": 1.0,
        "train_auroc": 1.0,
        "test_source_accuracy": 0.90625,
        "test_source_auprc": 0.25,
        "test_source_auroc": 0.7816091954022988,
        "test_target_accuracy": 0.90625,
        "test_target_auprc": 0.07555715889049222,
        "test_target_auroc": 0.18390804597701152
    },
    "1": {
        "train_accuracy": 1.0,
        "train_auprc": 1.0,
        "train_auroc": 1.0,
        "test_source_accuracy": 0.9354838709677419,
        "test_source_auprc": 0.10250000000000001,
        "test_source_auroc": 0.48275862068965514,
        "test_target_accuracy": 0.9354838709677419,
        "test_target_auprc": 0.15000000000000002,
        "test_target_auroc": 0.6206896551724138
    },
    "2": {
        "train_accuracy": 0.9206349206349206,
        "train_auprc": 0.20833333333333334,
        "train_auroc": 0.6810344827586207,
        "test_source_accuracy": 0.9354838709677419,
        "test_source_auprc": 0.08225806451612903,
        "test_source_auroc": 0.5689655172413793,
        "test_target_accuracy": 0.9354838709677419,
        "test_target_auprc": 0.06797235023041474,
        "test_target_auroc": 0.5172413793103448
    }
}