{
    "train_site": "DRIAMS-E",
    "train_years": [
        "2019"
    ],
    "test_site": "DRIAMS-F",
    "test_years": [
        "2019"
    ],
    "seed": 545,
    "model": "svm-rbf",
    "antibiotic": "Ciprofloxacin",
    "species": "Staphylococcus aureus",
    "metadata_versions_train": {
        "2019_clean.csv": "954305e482e840a815b44f310adbfdc1871bba52"
    },
    "metadata_versions_test": {
        "2019_clean.csv": "c9c4830e6f30ecb54e329451c7ffce195bb0bfc5"
    },
    "0": {
        "train_accuracy": 0.9047619047619048,
        "train_auprc": 0.06528124029446082,
        "train_auroc": 0.1695906432748538,
        "test_source_accuracy": 0.90625,
        "test_source_auprc": 0.08364672364672365,
        "test_source_auroc": 0.27586206896551724,
        "test_target_accuracy": 0.90625,
        "test_target_auprc": 0.07361608920748706,
        "test_target_auroc": 0.1724137931034483
    },
    "1": {
        "train_accuracy": 0.9047619047619048,
        "train_auprc": 0.05932675880741694,
        "train_auroc": 0.07017543859649124,
        "test_source_accuracy": 0.90625,
        "test_source_auprc": 0.10671550671550672,
        "test_source_auroc": 0.43678160919540227,
        "test_target_accuracy": 0.90625,
        "test_target_auprc": 0.4100877192982456,
        "test_target_auroc": 0.5632183908045977
    },
    "2": {
        "train_accuracy": 1.0,
        "train_auprc": 0.056182337023649345,
        "train_auroc": 0.0,
        "test_source_accuracy": 0.9032258064516129,
        "test_source_auprc": 0.10132703553756187,
        "test_source_auroc": 0.39285714285714285,
        "test_target_accuracy": 0.9032258064516129,
        "test_target_auprc": 0.4608294930875576,
        "test_target_auroc": 0.6071428571428571
    }
}