{
    "train_site": "DRIAMS-E",
    "train_years": [
        "2019"
    ],
    "test_site": "DRIAMS-F",
    "test_years": [
        "2019"
    ],
    "seed": 270,
    "model": "lr",
    "antibiotic": "Ceftriaxone",
    "species": "Escherichia coli",
    "metadata_versions_train": {
        "2019_clean.csv": "954305e482e840a815b44f310adbfdc1871bba52"
    },
    "metadata_versions_test": {
        "2019_clean.csv": "c9c4830e6f30ecb54e329451c7ffce195bb0bfc5"
    },
    "0": {
        "train_accuracy": 1.0,
        "train_auprc": 1.0,
        "train_auroc": 1.0,
        "test_source_accuracy": 0.6538461538461539,
        "test_source_auprc": 0.5434782608695652,
        "test_source_auroc": 0.5625,
        "test_target_accuracy": 0.34615384615384615,
        "test_target_auprc": 0.5454545454545454,
        "test_target_auroc": 0.5833333333333333
    },
    "1": {
        "train_accuracy": 0.9215686274509803,
        "train_auprc": 0.5711446740858506,
        "train_auroc": 0.75,
        "test_source_accuracy": 0.92,
        "test_source_auprc": 0.41666666666666663,
        "test_source_auroc": 0.9130434782608696,
        "test_target_accuracy": 0.92,
        "test_target_auprc": 0.34090909090909094,
        "test_target_auroc": 0.782608695652174
    },
    "2": {
        "train_accuracy": 0.9215686274509803,
        "train_auprc": 0.8088235294117647,
        "train_auroc": 0.9308510638297871,
        "test_source_accuracy": 0.92,
        "test_source_auprc": 0.5588235294117647,
        "test_source_auroc": 0.6739130434782609,
        "test_target_accuracy": 0.92,
        "test_target_auprc": 0.08712121212121213,
        "test_target_auroc": 0.32608695652173914
    }
}