{
    "train_site": "DRIAMS-F",
    "train_years": [
        "2019"
    ],
    "test_site": "DRIAMS-E",
    "test_years": [
        "2019"
    ],
    "seed": 545,
    "model": "lr",
    "antibiotic": "Ciprofloxacin",
    "species": "Staphylococcus aureus",
    "metadata_versions_train": {
        "2019_clean.csv": "c9c4830e6f30ecb54e329451c7ffce195bb0bfc5"
    },
    "metadata_versions_test": {
        "2019_clean.csv": "954305e482e840a815b44f310adbfdc1871bba52"
    },
    "0": {
        "train_accuracy": 0.9047619047619048,
        "train_auprc": 0.34734299516908207,
        "train_auroc": 0.8333333333333334,
        "test_source_accuracy": 0.90625,
        "test_source_auprc": 0.08186837953572235,
        "test_source_auroc": 0.26436781609195403,
        "test_target_accuracy": 0.90625,
        "test_target_auprc": 0.14575098814229248,
        "test_target_auroc": 0.5862068965517241
    },
    "1": {
        "train_accuracy": 0.9047619047619048,
        "train_auprc": 0.46920623236412706,
        "train_auroc": 0.8333333333333334,
        "test_source_accuracy": 0.90625,
        "test_source_auprc": 0.1658653846153846,
        "test_source_auroc": 0.5057471264367817,
        "test_target_accuracy": 0.90625,
        "test_target_auprc": 0.400679117147708,
        "test_target_auroc": 0.48275862068965514
    },
    "2": {
        "train_accuracy": 0.90625,
        "train_auprc": 0.6174242424242424,
        "train_auroc": 0.9080459770114944,
        "test_source_accuracy": 0.9032258064516129,
        "test_source_auprc": 0.23333333333333334,
        "test_source_auroc": 0.7738095238095238,
        "test_target_accuracy": 0.9032258064516129,
        "test_target_auprc": 0.28619528619528617,
        "test_target_auroc": 0.6785714285714285
    }
}