{
    "train_site": "DRIAMS-F",
    "train_years": [
        "2019"
    ],
    "test_site": "DRIAMS-E",
    "test_years": [
        "2019"
    ],
    "seed": 480,
    "model": "svm-rbf",
    "antibiotic": "Ciprofloxacin",
    "species": "Staphylococcus aureus",
    "metadata_versions_train": {
        "2019_clean.csv": "c9c4830e6f30ecb54e329451c7ffce195bb0bfc5"
    },
    "metadata_versions_test": {
        "2019_clean.csv": "954305e482e840a815b44f310adbfdc1871bba52"
    },
    "0": {
        "train_accuracy": 0.9047619047619048,
        "train_auprc": 0.06099928913009604,
        "train_auroc": 0.10233918128654972,
        "test_source_accuracy": 0.90625,
        "test_source_auprc": 0.09123242349048802,
        "test_source_auroc": 0.29885057471264365,
        "test_target_accuracy": 0.90625,
        "test_target_auprc": 0.12632275132275134,
        "test_target_auroc": 0.5287356321839081
    },
    "1": {
        "train_accuracy": 1.0,
        "train_auprc": 1.0,
        "train_auroc": 1.0,
        "test_source_accuracy": 0.875,
        "test_source_auprc": 0.2897727272727273,
        "test_source_auroc": 0.735632183908046,
        "test_target_accuracy": 0.90625,
        "test_target_auprc": 0.1588235294117647,
        "test_target_auroc": 0.6321839080459769
    },
    "2": {
        "train_accuracy": 1.0,
        "train_auprc": 1.0,
        "train_auroc": 1.0,
        "test_source_accuracy": 0.967741935483871,
        "test_source_auprc": 0.9166666666666665,
        "test_source_auroc": 0.9880952380952381,
        "test_target_accuracy": 0.9032258064516129,
        "test_target_auprc": 0.3121693121693122,
        "test_target_auroc": 0.7738095238095238
    }
}