{
    "train_site": "DRIAMS-F",
    "train_years": [
        "2019"
    ],
    "test_site": "DRIAMS-E",
    "test_years": [
        "2019"
    ],
    "seed": 270,
    "model": "rf",
    "antibiotic": "Oxacillin",
    "species": "Staphylococcus aureus",
    "metadata_versions_train": {
        "2019_clean.csv": "c9c4830e6f30ecb54e329451c7ffce195bb0bfc5"
    },
    "metadata_versions_test": {
        "2019_clean.csv": "954305e482e840a815b44f310adbfdc1871bba52"
    },
    "0": {
        "train_accuracy": 1.0,
        "train_auprc": 1.0,
        "train_auroc": 1.0,
        "test_source_accuracy": 0.90625,
        "test_source_auprc": 0.46249999999999997,
        "test_source_auroc": 0.8045977011494253,
        "test_target_accuracy": 0.90625,
        "test_target_auprc": 0.2941628264208909,
        "test_target_auroc": 0.6551724137931033
    },
    "1": {
        "train_accuracy": 1.0,
        "train_auprc": 1.0,
        "train_auroc": 1.0,
        "test_source_accuracy": 0.9354838709677419,
        "test_source_auprc": 0.532258064516129,
        "test_source_auroc": 0.5258620689655172,
        "test_target_accuracy": 0.9354838709677419,
        "test_target_auprc": 0.10368663594470046,
        "test_target_auroc": 0.4568965517241379
    },
    "2": {
        "train_accuracy": 1.0,
        "train_auprc": 1.0,
        "train_auroc": 1.0,
        "test_source_accuracy": 0.9354838709677419,
        "test_source_auprc": 0.5416666666666666,
        "test_source_auroc": 0.6206896551724138,
        "test_target_accuracy": 0.9354838709677419,
        "test_target_auprc": 0.2361111111111111,
        "test_target_auroc": 0.8706896551724138
    }
}