{
    "train_site": "DRIAMS-E",
    "train_years": [
        "2019"
    ],
    "test_site": "DRIAMS-F",
    "test_years": [
        "2019"
    ],
    "seed": 409,
    "model": "svm-linear",
    "antibiotic": "Oxacillin",
    "species": "Staphylococcus aureus",
    "metadata_versions_train": {
        "2019_clean.csv": "954305e482e840a815b44f310adbfdc1871bba52"
    },
    "metadata_versions_test": {
        "2019_clean.csv": "c9c4830e6f30ecb54e329451c7ffce195bb0bfc5"
    },
    "0": {
        "train_accuracy": 0.8709677419354839,
        "train_auprc": 0.04175744755861096,
        "train_auroc": 0.038793103448275856,
        "test_source_accuracy": 0.8125,
        "test_source_auprc": 0.4583333333333333,
        "test_source_auroc": 0.9080459770114943,
        "test_target_accuracy": 0.84375,
        "test_target_auprc": 0.09124604364484425,
        "test_target_auroc": 0.3333333333333333
    },
    "1": {
        "train_accuracy": 0.9206349206349206,
        "train_auprc": 0.05369907438076389,
        "train_auroc": 0.14482758620689656,
        "test_source_accuracy": 0.9354838709677419,
        "test_source_auprc": 0.08712121212121213,
        "test_source_auroc": 0.46551724137931033,
        "test_target_accuracy": 0.9354838709677419,
        "test_target_auprc": 0.06620553359683795,
        "test_target_auroc": 0.27586206896551724
    },
    "2": {
        "train_accuracy": 0.9206349206349206,
        "train_auprc": 0.05344747208840281,
        "train_auroc": 0.12758620689655176,
        "test_source_accuracy": 0.9354838709677419,
        "test_source_auprc": 0.11490683229813664,
        "test_source_auroc": 0.5344827586206897,
        "test_target_accuracy": 0.9354838709677419,
        "test_target_auprc": 0.09,
        "test_target_auroc": 0.4482758620689655
    }
}