{
    "train_site": "DRIAMS-E",
    "train_years": [
        "2019"
    ],
    "test_site": "DRIAMS-F",
    "test_years": [
        "2019"
    ],
    "seed": 344,
    "model": "svm-rbf",
    "antibiotic": "Ciprofloxacin",
    "species": "Escherichia coli",
    "metadata_versions_train": {
        "2019_clean.csv": "954305e482e840a815b44f310adbfdc1871bba52"
    },
    "metadata_versions_test": {
        "2019_clean.csv": "c9c4830e6f30ecb54e329451c7ffce195bb0bfc5"
    },
    "0": {
        "train_accuracy": 0.84,
        "train_auprc": 0.09457170867429723,
        "train_auroc": 0.0,
        "test_source_accuracy": 0.8461538461538461,
        "test_source_auprc": 0.19133986928104574,
        "test_source_auroc": 0.5340909090909091,
        "test_target_accuracy": 0.8461538461538461,
        "test_target_auprc": 0.5144230769230769,
        "test_target_auroc": 0.7727272727272727
    },
    "1": {
        "train_accuracy": 0.9215686274509803,
        "train_auprc": 0.09262173535141638,
        "train_auroc": 0.0,
        "test_source_accuracy": 0.64,
        "test_source_auprc": 0.2540204678362573,
        "test_source_auroc": 0.6071428571428572,
        "test_target_accuracy": 0.36,
        "test_target_auprc": 0.12858082706766916,
        "test_target_auroc": 0.2380952380952381
    },
    "2": {
        "train_accuracy": 0.8431372549019608,
        "train_auprc": 0.09262173535141638,
        "train_auroc": 0.0,
        "test_source_accuracy": 0.84,
        "test_source_auprc": 0.4492424242424243,
        "test_source_auroc": 0.8452380952380953,
        "test_target_accuracy": 0.84,
        "test_target_auprc": 0.21513157894736842,
        "test_target_auroc": 0.5595238095238095
    }
}