{
    "train_site": "DRIAMS-E",
    "train_years": [
        "2019"
    ],
    "test_site": "DRIAMS-F",
    "test_years": [
        "2019"
    ],
    "seed": 480,
    "model": "rf",
    "antibiotic": "Oxacillin",
    "species": "Staphylococcus aureus",
    "metadata_versions_train": {
        "2019_clean.csv": "954305e482e840a815b44f310adbfdc1871bba52"
    },
    "metadata_versions_test": {
        "2019_clean.csv": "c9c4830e6f30ecb54e329451c7ffce195bb0bfc5"
    },
    "0": {
        "train_accuracy": 1.0,
        "train_auprc": 1.0,
        "train_auroc": 1.0,
        "test_source_accuracy": 0.90625,
        "test_source_auprc": 0.0928030303030303,
        "test_source_auroc": 0.3045977011494253,
        "test_target_accuracy": 0.90625,
        "test_target_auprc": 0.16944444444444445,
        "test_target_auroc": 0.5919540229885057
    },
    "1": {
        "train_accuracy": 1.0,
        "train_auprc": 1.0,
        "train_auroc": 1.0,
        "test_source_accuracy": 0.9354838709677419,
        "test_source_auprc": 0.1875,
        "test_source_auroc": 0.7327586206896551,
        "test_target_accuracy": 0.9354838709677419,
        "test_target_auprc": 0.06666666666666667,
        "test_target_auroc": 0.051724137931034475
    },
    "2": {
        "train_accuracy": 1.0,
        "train_auprc": 1.0,
        "train_auroc": 1.0,
        "test_source_accuracy": 0.9354838709677419,
        "test_source_auprc": 0.05844155844155844,
        "test_source_auroc": 0.2586206896551724,
        "test_target_accuracy": 0.9354838709677419,
        "test_target_auprc": 0.13095238095238093,
        "test_target_auroc": 0.6637931034482758
    }
}