{
    "train_site": "DRIAMS-E",
    "train_years": [
        "2019"
    ],
    "test_site": "DRIAMS-F",
    "test_years": [
        "2019"
    ],
    "seed": 545,
    "model": "lr",
    "antibiotic": "Ciprofloxacin",
    "species": "Escherichia coli",
    "metadata_versions_train": {
        "2019_clean.csv": "954305e482e840a815b44f310adbfdc1871bba52"
    },
    "metadata_versions_test": {
        "2019_clean.csv": "c9c4830e6f30ecb54e329451c7ffce195bb0bfc5"
    },
    "0": {
        "train_accuracy": 1.0,
        "train_auprc": 1.0,
        "train_auroc": 1.0,
        "test_source_accuracy": 0.7307692307692307,
        "test_source_auprc": 0.2184065934065934,
        "test_source_auroc": 0.5795454545454546,
        "test_target_accuracy": 0.38461538461538464,
        "test_target_auprc": 0.3800825593395253,
        "test_target_auroc": 0.5227272727272727
    },
    "1": {
        "train_accuracy": 0.8431372549019608,
        "train_auprc": 0.4590356691919192,
        "train_auroc": 0.7267441860465116,
        "test_source_accuracy": 0.84,
        "test_source_auprc": 0.144893648018648,
        "test_source_auroc": 0.3333333333333333,
        "test_target_accuracy": 0.84,
        "test_target_auprc": 0.124381038647343,
        "test_target_auroc": 0.20238095238095238
    },
    "2": {
        "train_accuracy": 0.8431372549019608,
        "train_auprc": 0.1568627450980392,
        "train_auroc": 0.5,
        "test_source_accuracy": 0.84,
        "test_source_auprc": 0.16,
        "test_source_auroc": 0.5,
        "test_target_accuracy": 0.84,
        "test_target_auprc": 0.16,
        "test_target_auroc": 0.5
    }
}