{
    "train_site": "DRIAMS-F",
    "train_years": [
        "2019"
    ],
    "test_site": "DRIAMS-E",
    "test_years": [
        "2019"
    ],
    "seed": 545,
    "model": "lr",
    "antibiotic": "Oxacillin",
    "species": "Staphylococcus aureus",
    "metadata_versions_train": {
        "2019_clean.csv": "c9c4830e6f30ecb54e329451c7ffce195bb0bfc5"
    },
    "metadata_versions_test": {
        "2019_clean.csv": "954305e482e840a815b44f310adbfdc1871bba52"
    },
    "0": {
        "train_accuracy": 1.0,
        "train_auprc": 1.0,
        "train_auroc": 1.0,
        "test_source_accuracy": 0.84375,
        "test_source_auprc": 0.48148148148148145,
        "test_source_auroc": 0.67816091954023,
        "test_target_accuracy": 0.90625,
        "test_target_auprc": 0.08001348687623197,
        "test_target_auroc": 0.24137931034482762
    },
    "1": {
        "train_accuracy": 1.0,
        "train_auprc": 1.0,
        "train_auroc": 1.0,
        "test_source_accuracy": 0.7096774193548387,
        "test_source_auprc": 0.8333333333333333,
        "test_source_auroc": 0.9827586206896552,
        "test_target_accuracy": 0.7741935483870968,
        "test_target_auprc": 0.375,
        "test_target_auroc": 0.8793103448275863
    },
    "2": {
        "train_accuracy": 1.0,
        "train_auprc": 1.0,
        "train_auroc": 1.0,
        "test_source_accuracy": 0.8709677419354839,
        "test_source_auprc": 0.8333333333333333,
        "test_source_auroc": 0.9827586206896552,
        "test_target_accuracy": 0.9354838709677419,
        "test_target_auprc": 0.06340579710144928,
        "test_target_auroc": 0.24137931034482762
    }
}