{
    "train_site": "DRIAMS-F",
    "train_years": [
        "2019"
    ],
    "test_site": "DRIAMS-E",
    "test_years": [
        "2019"
    ],
    "seed": 89,
    "model": "svm-rbf",
    "antibiotic": "Ceftriaxone",
    "species": "Escherichia coli",
    "metadata_versions_train": {
        "2019_clean.csv": "c9c4830e6f30ecb54e329451c7ffce195bb0bfc5"
    },
    "metadata_versions_test": {
        "2019_clean.csv": "954305e482e840a815b44f310adbfdc1871bba52"
    },
    "0": {
        "train_accuracy": 1.0,
        "train_auprc": 0.05104193805181647,
        "train_auroc": 0.0,
        "test_source_accuracy": 0.9230769230769231,
        "test_source_auprc": 0.07417582417582418,
        "test_source_auroc": 0.22916666666666669,
        "test_target_accuracy": 0.9230769230769231,
        "test_target_auprc": 0.08204334365325078,
        "test_target_auroc": 0.3125
    },
    "1": {
        "train_accuracy": 1.0,
        "train_auprc": 0.050020258103241295,
        "train_auroc": 0.0,
        "test_source_accuracy": 0.92,
        "test_source_auprc": 0.07393483709273183,
        "test_source_auroc": 0.19565217391304346,
        "test_target_accuracy": 0.8,
        "test_target_auprc": 0.09903381642512077,
        "test_target_auroc": 0.3695652173913044
    },
    "2": {
        "train_accuracy": 1.0,
        "train_auprc": 0.050020258103241295,
        "train_auroc": 0.0,
        "test_source_accuracy": 0.92,
        "test_source_auprc": 0.06926406926406926,
        "test_source_auroc": 0.13043478260869568,
        "test_target_accuracy": 0.8,
        "test_target_auprc": 0.1388888888888889,
        "test_target_auroc": 0.5434782608695652
    }
}