{
    "train_site": "DRIAMS-E",
    "train_years": [
        "2019"
    ],
    "test_site": "DRIAMS-F",
    "test_years": [
        "2019"
    ],
    "seed": 188,
    "model": "rf",
    "antibiotic": "Cefepime",
    "species": "Escherichia coli",
    "metadata_versions_train": {
        "2019_clean.csv": "954305e482e840a815b44f310adbfdc1871bba52"
    },
    "metadata_versions_test": {
        "2019_clean.csv": "c9c4830e6f30ecb54e329451c7ffce195bb0bfc5"
    },
    "0": {
        "train_accuracy": 1.0,
        "train_auprc": 1.0,
        "train_auroc": 1.0,
        "test_source_accuracy": 0.9230769230769231,
        "test_source_auprc": 0.21666666666666667,
        "test_source_auroc": 0.625,
        "test_target_accuracy": 0.9230769230769231,
        "test_target_auprc": 0.08095238095238094,
        "test_target_auroc": 0.4270833333333333
    },
    "1": {
        "train_accuracy": 1.0,
        "train_auprc": 1.0,
        "train_auroc": 1.0,
        "test_source_accuracy": 0.96,
        "test_source_auprc": 0.05,
        "test_source_auroc": 0.3541666666666667,
        "test_target_accuracy": 0.96,
        "test_target_auprc": 0.05263157894736842,
        "test_target_auroc": 0.375
    },
    "2": {
        "train_accuracy": 1.0,
        "train_auprc": 1.0,
        "train_auroc": 1.0,
        "test_source_accuracy": 0.92,
        "test_source_auprc": 0.10526315789473684,
        "test_source_auroc": 0.26086956521739135,
        "test_target_accuracy": 0.92,
        "test_target_auprc": 0.07261904761904761,
        "test_target_auroc": 0.20652173913043478
    }
}