{
    "train_site": "DRIAMS-E",
    "train_years": [
        "2019"
    ],
    "test_site": "DRIAMS-F",
    "test_years": [
        "2019"
    ],
    "seed": 89,
    "model": "lightgbm",
    "antibiotic": "Cefepime",
    "species": "Escherichia coli",
    "metadata_versions_train": {
        "2019_clean.csv": "954305e482e840a815b44f310adbfdc1871bba52"
    },
    "metadata_versions_test": {
        "2019_clean.csv": "c9c4830e6f30ecb54e329451c7ffce195bb0bfc5"
    },
    "0": {
        "train_accuracy": 1.0,
        "train_auprc": 1.0,
        "train_auroc": 1.0,
        "test_source_accuracy": 0.9615384615384616,
        "test_source_auprc": 0.5909090909090909,
        "test_source_auroc": 0.8125,
        "test_target_accuracy": 0.9230769230769231,
        "test_target_auprc": 0.06020066889632107,
        "test_target_auroc": 0.041666666666666685
    },
    "1": {
        "train_accuracy": 0.9607843137254902,
        "train_auprc": 1.0,
        "train_auroc": 1.0,
        "test_source_accuracy": 0.88,
        "test_source_auprc": 0.08333333333333333,
        "test_source_auroc": 0.5416666666666667,
        "test_target_accuracy": 0.36,
        "test_target_auprc": 0.047619047619047616,
        "test_target_auroc": 0.16666666666666663
    },
    "2": {
        "train_accuracy": 1.0,
        "train_auprc": 1.0,
        "train_auroc": 1.0,
        "test_source_accuracy": 0.76,
        "test_source_auprc": 0.13095238095238093,
        "test_source_auroc": 0.4782608695652174,
        "test_target_accuracy": 0.44,
        "test_target_auprc": 0.22549019607843135,
        "test_target_auroc": 0.6413043478260869
    }
}