{
    "train_site": "DRIAMS-F",
    "train_years": [
        "2019"
    ],
    "test_site": "DRIAMS-E",
    "test_years": [
        "2019"
    ],
    "seed": 188,
    "model": "lr",
    "antibiotic": "Cefepime",
    "species": "Escherichia coli",
    "metadata_versions_train": {
        "2019_clean.csv": "c9c4830e6f30ecb54e329451c7ffce195bb0bfc5"
    },
    "metadata_versions_test": {
        "2019_clean.csv": "954305e482e840a815b44f310adbfdc1871bba52"
    },
    "0": {
        "train_accuracy": 0.92,
        "train_auprc": 0.6101449275362318,
        "train_auroc": 0.8804347826086956,
        "test_source_accuracy": 0.9230769230769231,
        "test_source_auprc": 0.20666666666666667,
        "test_source_auroc": 0.47916666666666663,
        "test_target_accuracy": 0.9230769230769231,
        "test_target_auprc": 0.08571428571428572,
        "test_target_auroc": 0.3541666666666667
    },
    "1": {
        "train_accuracy": 1.0,
        "train_auprc": 1.0,
        "train_auroc": 1.0,
        "test_source_accuracy": 0.56,
        "test_source_auprc": 0.26666666666666666,
        "test_source_auroc": 0.8260869565217391,
        "test_target_accuracy": 0.12,
        "test_target_auprc": 0.12878787878787878,
        "test_target_auroc": 0.5652173913043479
    },
    "2": {
        "train_accuracy": 1.0,
        "train_auprc": 1.0,
        "train_auroc": 1.0,
        "test_source_accuracy": 0.76,
        "test_source_auprc": 0.18333333333333335,
        "test_source_auroc": 0.717391304347826,
        "test_target_accuracy": 0.44,
        "test_target_auprc": 0.09401709401709402,
        "test_target_auroc": 0.391304347826087
    }
}