{
    "train_site": "DRIAMS-E",
    "train_years": [
        "2019"
    ],
    "test_site": "DRIAMS-F",
    "test_years": [
        "2019"
    ],
    "seed": 270,
    "model": "svm-linear",
    "antibiotic": "Ciprofloxacin",
    "species": "Escherichia coli",
    "metadata_versions_train": {
        "2019_clean.csv": "954305e482e840a815b44f310adbfdc1871bba52"
    },
    "metadata_versions_test": {
        "2019_clean.csv": "c9c4830e6f30ecb54e329451c7ffce195bb0bfc5"
    },
    "0": {
        "train_accuracy": 1.0,
        "train_auprc": 0.09457170867429723,
        "train_auroc": 0.0,
        "test_source_accuracy": 0.8846153846153846,
        "test_source_auprc": 0.18782051282051282,
        "test_source_auroc": 0.47727272727272724,
        "test_target_accuracy": 0.6538461538461539,
        "test_target_auprc": 0.439572192513369,
        "test_target_auroc": 0.6022727272727273
    },
    "1": {
        "train_accuracy": 0.8431372549019608,
        "train_auprc": 0.11502738603734414,
        "train_auroc": 0.25872093023255816,
        "test_source_accuracy": 0.84,
        "test_source_auprc": 0.5558712121212122,
        "test_source_auroc": 0.7142857142857143,
        "test_target_accuracy": 0.84,
        "test_target_auprc": 0.23990683229813664,
        "test_target_auroc": 0.5833333333333334
    },
    "2": {
        "train_accuracy": 1.0,
        "train_auprc": 0.09262173535141638,
        "train_auroc": 0.0,
        "test_source_accuracy": 0.8,
        "test_source_auprc": 0.24499341238471672,
        "test_source_auroc": 0.5833333333333334,
        "test_target_accuracy": 0.88,
        "test_target_auprc": 0.16596153846153847,
        "test_target_auroc": 0.36904761904761907
    }
}