{
    "train_site": "DRIAMS-F",
    "train_years": [
        "2019"
    ],
    "test_site": "DRIAMS-E",
    "test_years": [
        "2019"
    ],
    "seed": 344,
    "model": "svm-rbf",
    "antibiotic": "Ceftriaxone",
    "species": "Escherichia coli",
    "metadata_versions_train": {
        "2019_clean.csv": "c9c4830e6f30ecb54e329451c7ffce195bb0bfc5"
    },
    "metadata_versions_test": {
        "2019_clean.csv": "954305e482e840a815b44f310adbfdc1871bba52"
    },
    "0": {
        "train_accuracy": 1.0,
        "train_auprc": 0.05104193805181647,
        "train_auroc": 0.0,
        "test_source_accuracy": 0.9230769230769231,
        "test_source_auprc": 0.08012820512820512,
        "test_source_auroc": 0.27083333333333337,
        "test_target_accuracy": 0.9230769230769231,
        "test_target_auprc": 0.08204334365325078,
        "test_target_auroc": 0.3125
    },
    "1": {
        "train_accuracy": 1.0,
        "train_auprc": 0.050020258103241295,
        "train_auroc": 0.0,
        "test_source_accuracy": 0.92,
        "test_source_auprc": 0.10049019607843138,
        "test_source_auroc": 0.43478260869565216,
        "test_target_accuracy": 0.84,
        "test_target_auprc": 0.18333333333333335,
        "test_target_auroc": 0.6956521739130436
    },
    "2": {
        "train_accuracy": 1.0,
        "train_auprc": 1.0,
        "train_auroc": 1.0,
        "test_source_accuracy": 0.88,
        "test_source_auprc": 0.41666666666666663,
        "test_source_auroc": 0.8913043478260869,
        "test_target_accuracy": 0.76,
        "test_target_auprc": 0.15476190476190477,
        "test_target_auroc": 0.6304347826086957
    }
}