{
    "train_site": "DRIAMS-E",
    "train_years": [
        "2019"
    ],
    "test_site": "DRIAMS-F",
    "test_years": [
        "2019"
    ],
    "seed": 35,
    "model": "lr",
    "antibiotic": "Cefepime",
    "species": "Escherichia coli",
    "metadata_versions_train": {
        "2019_clean.csv": "954305e482e840a815b44f310adbfdc1871bba52"
    },
    "metadata_versions_test": {
        "2019_clean.csv": "c9c4830e6f30ecb54e329451c7ffce195bb0bfc5"
    },
    "0": {
        "train_accuracy": 1.0,
        "train_auprc": 1.0,
        "train_auroc": 1.0,
        "test_source_accuracy": 0.9615384615384616,
        "test_source_auprc": 0.5476190476190477,
        "test_source_auroc": 0.6041666666666667,
        "test_target_accuracy": 0.8461538461538461,
        "test_target_auprc": 0.2916666666666667,
        "test_target_auroc": 0.5208333333333334
    },
    "1": {
        "train_accuracy": 1.0,
        "train_auprc": 1.0,
        "train_auroc": 1.0,
        "test_source_accuracy": 0.68,
        "test_source_auprc": 0.5,
        "test_source_auroc": 0.9583333333333334,
        "test_target_accuracy": 0.72,
        "test_target_auprc": 1.0,
        "test_target_auroc": 1.0
    },
    "2": {
        "train_accuracy": 0.9411764705882353,
        "train_auprc": 0.7166666666666666,
        "train_auroc": 0.8819444444444444,
        "test_source_accuracy": 0.92,
        "test_source_auprc": 0.55,
        "test_source_auroc": 0.6086956521739131,
        "test_target_accuracy": 0.92,
        "test_target_auprc": 0.5416666666666666,
        "test_target_auroc": 0.5217391304347826
    }
}