{
    "train_site": "DRIAMS-E",
    "train_years": [
        "2019"
    ],
    "test_site": "DRIAMS-F",
    "test_years": [
        "2019"
    ],
    "seed": 172,
    "model": "lightgbm",
    "antibiotic": "Ciprofloxacin",
    "species": "Staphylococcus aureus",
    "metadata_versions_train": {
        "2019_clean.csv": "954305e482e840a815b44f310adbfdc1871bba52"
    },
    "metadata_versions_test": {
        "2019_clean.csv": "c9c4830e6f30ecb54e329451c7ffce195bb0bfc5"
    },
    "0": {
        "train_accuracy": 1.0,
        "train_auprc": 1.0,
        "train_auroc": 1.0,
        "test_source_accuracy": 0.90625,
        "test_source_auprc": 0.17733990147783252,
        "test_source_auroc": 0.45977011494252873,
        "test_target_accuracy": 0.90625,
        "test_target_auprc": 0.3555555555555555,
        "test_target_auroc": 0.7816091954022988
    },
    "1": {
        "train_accuracy": 0.9047619047619048,
        "train_auprc": 0.09523809523809523,
        "train_auroc": 0.5,
        "test_source_accuracy": 0.90625,
        "test_source_auprc": 0.09375,
        "test_source_auroc": 0.5,
        "test_target_accuracy": 0.90625,
        "test_target_auprc": 0.09375,
        "test_target_auroc": 0.5
    },
    "2": {
        "train_accuracy": 1.0,
        "train_auprc": 1.0,
        "train_auroc": 1.0,
        "test_source_accuracy": 0.9032258064516129,
        "test_source_auprc": 0.28095238095238095,
        "test_source_auroc": 0.7023809523809523,
        "test_target_accuracy": 0.9032258064516129,
        "test_target_auprc": 0.09310462536268987,
        "test_target_auroc": 0.2619047619047619
    }
}