{
    "train_site": "DRIAMS-F",
    "train_years": [
        "2019"
    ],
    "test_site": "DRIAMS-E",
    "test_years": [
        "2019"
    ],
    "seed": 89,
    "model": "lightgbm",
    "antibiotic": "Ciprofloxacin",
    "species": "Escherichia coli",
    "metadata_versions_train": {
        "2019_clean.csv": "c9c4830e6f30ecb54e329451c7ffce195bb0bfc5"
    },
    "metadata_versions_test": {
        "2019_clean.csv": "954305e482e840a815b44f310adbfdc1871bba52"
    },
    "0": {
        "train_accuracy": 0.92,
        "train_auprc": 0.8,
        "train_auroc": 0.9761904761904762,
        "test_source_accuracy": 0.7692307692307693,
        "test_source_auprc": 0.3655555555555556,
        "test_source_auroc": 0.719047619047619,
        "test_target_accuracy": 0.7307692307692307,
        "test_target_auprc": 0.2417948717948718,
        "test_target_auroc": 0.5761904761904761
    },
    "1": {
        "train_accuracy": 0.7647058823529411,
        "train_auprc": 0.42857142857142855,
        "train_auroc": 0.8571428571428572,
        "test_source_accuracy": 0.36,
        "test_source_auprc": 0.13785714285714284,
        "test_source_auroc": 0.31547619047619047,
        "test_target_accuracy": 0.52,
        "test_target_auprc": 0.16,
        "test_target_auroc": 0.30952380952380953
    },
    "2": {
        "train_accuracy": 0.9607843137254902,
        "train_auprc": 0.9,
        "train_auroc": 0.988095238095238,
        "test_source_accuracy": 0.76,
        "test_source_auprc": 0.2708333333333333,
        "test_source_auroc": 0.5952380952380952,
        "test_target_accuracy": 0.68,
        "test_target_auprc": 0.20250582750582752,
        "test_target_auroc": 0.5178571428571429
    }
}