{
    "train_site": "DRIAMS-E",
    "train_years": [
        "2019"
    ],
    "test_site": "DRIAMS-F",
    "test_years": [
        "2019"
    ],
    "seed": 35,
    "model": "rf",
    "antibiotic": "Ceftriaxone",
    "species": "Escherichia coli",
    "metadata_versions_train": {
        "2019_clean.csv": "954305e482e840a815b44f310adbfdc1871bba52"
    },
    "metadata_versions_test": {
        "2019_clean.csv": "c9c4830e6f30ecb54e329451c7ffce195bb0bfc5"
    },
    "0": {
        "train_accuracy": 1.0,
        "train_auprc": 1.0,
        "train_auroc": 1.0,
        "test_source_accuracy": 0.9230769230769231,
        "test_source_auprc": 0.07738095238095238,
        "test_source_auroc": 0.45833333333333337,
        "test_target_accuracy": 0.9230769230769231,
        "test_target_auprc": 0.12698412698412698,
        "test_target_auroc": 0.6770833333333334
    },
    "1": {
        "train_accuracy": 1.0,
        "train_auprc": 1.0,
        "train_auroc": 1.0,
        "test_source_accuracy": 0.92,
        "test_source_auprc": 0.11805555555555555,
        "test_source_auroc": 0.6195652173913043,
        "test_target_accuracy": 0.92,
        "test_target_auprc": 0.10250000000000001,
        "test_target_auroc": 0.40217391304347827
    },
    "2": {
        "train_accuracy": 1.0,
        "train_auprc": 1.0,
        "train_auroc": 1.0,
        "test_source_accuracy": 0.92,
        "test_source_auprc": 0.12333333333333332,
        "test_source_auroc": 0.4130434782608696,
        "test_target_accuracy": 0.92,
        "test_target_auprc": 0.12878787878787878,
        "test_target_auroc": 0.5869565217391304
    }
}