{
    "train_site": "DRIAMS-F",
    "train_years": [
        "2019"
    ],
    "test_site": "DRIAMS-E",
    "test_years": [
        "2019"
    ],
    "seed": 164,
    "model": "svm-linear",
    "antibiotic": "Ciprofloxacin",
    "species": "Escherichia coli",
    "metadata_versions_train": {
        "2019_clean.csv": "c9c4830e6f30ecb54e329451c7ffce195bb0bfc5"
    },
    "metadata_versions_test": {
        "2019_clean.csv": "954305e482e840a815b44f310adbfdc1871bba52"
    },
    "0": {
        "train_accuracy": 0.76,
        "train_auprc": 0.1012865739659056,
        "train_auroc": 0.09226190476190474,
        "test_source_accuracy": 0.5769230769230769,
        "test_source_auprc": 0.2737301587301587,
        "test_source_auroc": 0.5904761904761905,
        "test_target_accuracy": 0.3076923076923077,
        "test_target_auprc": 0.23131868131868133,
        "test_target_auroc": 0.49523809523809526
    },
    "1": {
        "train_accuracy": 0.7647058823529411,
        "train_auprc": 0.7251914751914752,
        "train_auroc": 0.9576719576719577,
        "test_source_accuracy": 0.48,
        "test_source_auprc": 0.1355160476441941,
        "test_source_auroc": 0.2857142857142857,
        "test_target_accuracy": 0.48,
        "test_target_auprc": 0.12602348631760396,
        "test_target_auroc": 0.22619047619047622
    },
    "2": {
        "train_accuracy": 1.0,
        "train_auprc": 0.10367158418107468,
        "train_auroc": 0.0,
        "test_source_accuracy": 0.84,
        "test_source_auprc": 0.16382575757575757,
        "test_source_auroc": 0.4166666666666667,
        "test_target_accuracy": 0.76,
        "test_target_auprc": 0.1523989898989899,
        "test_target_auroc": 0.36904761904761907
    }
}