{
    "train_site": "DRIAMS-E",
    "train_years": [
        "2019"
    ],
    "test_site": "DRIAMS-F",
    "test_years": [
        "2019"
    ],
    "seed": 545,
    "model": "lr",
    "antibiotic": "Ciprofloxacin",
    "species": "Staphylococcus aureus",
    "metadata_versions_train": {
        "2019_clean.csv": "954305e482e840a815b44f310adbfdc1871bba52"
    },
    "metadata_versions_test": {
        "2019_clean.csv": "c9c4830e6f30ecb54e329451c7ffce195bb0bfc5"
    },
    "0": {
        "train_accuracy": 0.9047619047619048,
        "train_auprc": 0.7196969696969696,
        "train_auroc": 0.8304093567251463,
        "test_source_accuracy": 0.90625,
        "test_source_auprc": 0.19761904761904764,
        "test_source_auroc": 0.7241379310344829,
        "test_target_accuracy": 0.90625,
        "test_target_auprc": 0.35470085470085466,
        "test_target_auroc": 0.8275862068965517
    },
    "1": {
        "train_accuracy": 0.9047619047619048,
        "train_auprc": 0.8026315789473684,
        "train_auroc": 0.9473684210526315,
        "test_source_accuracy": 0.90625,
        "test_source_auprc": 0.4037037037037037,
        "test_source_auroc": 0.5172413793103448,
        "test_target_accuracy": 0.90625,
        "test_target_auprc": 0.15740740740740738,
        "test_target_auroc": 0.5057471264367817
    },
    "2": {
        "train_accuracy": 1.0,
        "train_auprc": 1.0,
        "train_auroc": 1.0,
        "test_source_accuracy": 0.5161290322580645,
        "test_source_auprc": 0.25595238095238093,
        "test_source_auroc": 0.6071428571428571,
        "test_target_accuracy": 0.3870967741935484,
        "test_target_auprc": 0.14935064935064934,
        "test_target_auroc": 0.42857142857142855
    }
}