{
    "train_site": "DRIAMS-E",
    "train_years": [
        "2019"
    ],
    "test_site": "DRIAMS-F",
    "test_years": [
        "2019"
    ],
    "seed": 480,
    "model": "svm-linear",
    "antibiotic": "Ciprofloxacin",
    "species": "Staphylococcus aureus",
    "metadata_versions_train": {
        "2019_clean.csv": "954305e482e840a815b44f310adbfdc1871bba52"
    },
    "metadata_versions_test": {
        "2019_clean.csv": "c9c4830e6f30ecb54e329451c7ffce195bb0bfc5"
    },
    "0": {
        "train_accuracy": 0.9047619047619048,
        "train_auprc": 0.0611592670864661,
        "train_auroc": 0.11111111111111112,
        "test_source_accuracy": 0.90625,
        "test_source_auprc": 0.12013888888888888,
        "test_source_auroc": 0.4022988505747126,
        "test_target_accuracy": 0.90625,
        "test_target_auprc": 0.07750693329440958,
        "test_target_auroc": 0.21839080459770113
    },
    "1": {
        "train_accuracy": 0.9047619047619048,
        "train_auprc": 0.06248245209201149,
        "train_auroc": 0.13157894736842107,
        "test_source_accuracy": 0.90625,
        "test_source_auprc": 0.11710858585858586,
        "test_source_auroc": 0.3793103448275862,
        "test_target_accuracy": 0.90625,
        "test_target_auprc": 0.44155844155844154,
        "test_target_auroc": 0.6896551724137931
    },
    "2": {
        "train_accuracy": 0.90625,
        "train_auprc": 0.06823743386243386,
        "train_auroc": 0.22988505747126436,
        "test_source_accuracy": 0.9032258064516129,
        "test_source_auprc": 0.07084520417853751,
        "test_source_auroc": 0.08333333333333329,
        "test_target_accuracy": 0.9032258064516129,
        "test_target_auprc": 0.08315217391304348,
        "test_target_auroc": 0.24999999999999997
    }
}