{
    "train_site": "DRIAMS-F",
    "train_years": [
        "2019"
    ],
    "test_site": "DRIAMS-E",
    "test_years": [
        "2019"
    ],
    "seed": 164,
    "model": "rf",
    "antibiotic": "Ciprofloxacin",
    "species": "Staphylococcus aureus",
    "metadata_versions_train": {
        "2019_clean.csv": "c9c4830e6f30ecb54e329451c7ffce195bb0bfc5"
    },
    "metadata_versions_test": {
        "2019_clean.csv": "954305e482e840a815b44f310adbfdc1871bba52"
    },
    "0": {
        "train_accuracy": 1.0,
        "train_auprc": 1.0,
        "train_auroc": 1.0,
        "test_source_accuracy": 0.90625,
        "test_source_auprc": 0.08063271604938271,
        "test_source_auroc": 0.21839080459770116,
        "test_target_accuracy": 0.90625,
        "test_target_auprc": 0.4111111111111111,
        "test_target_auroc": 0.6206896551724138
    },
    "1": {
        "train_accuracy": 1.0,
        "train_auprc": 1.0,
        "train_auroc": 1.0,
        "test_source_accuracy": 0.90625,
        "test_source_auprc": 0.39356884057971014,
        "test_source_auroc": 0.5172413793103449,
        "test_target_accuracy": 0.90625,
        "test_target_auprc": 0.24537037037037035,
        "test_target_auroc": 0.660919540229885
    },
    "2": {
        "train_accuracy": 1.0,
        "train_auprc": 1.0,
        "train_auroc": 1.0,
        "test_source_accuracy": 0.9032258064516129,
        "test_source_auprc": 0.08218864468864469,
        "test_source_auroc": 0.25595238095238093,
        "test_target_accuracy": 0.9032258064516129,
        "test_target_auprc": 0.1925925925925926,
        "test_target_auroc": 0.5773809523809523
    }
}