{
    "train_site": "DRIAMS-F",
    "train_years": [
        "2019"
    ],
    "test_site": "DRIAMS-E",
    "test_years": [
        "2019"
    ],
    "seed": 188,
    "model": "lightgbm",
    "antibiotic": "Ceftriaxone",
    "species": "Escherichia coli",
    "metadata_versions_train": {
        "2019_clean.csv": "c9c4830e6f30ecb54e329451c7ffce195bb0bfc5"
    },
    "metadata_versions_test": {
        "2019_clean.csv": "954305e482e840a815b44f310adbfdc1871bba52"
    },
    "0": {
        "train_accuracy": 1.0,
        "train_auprc": 1.0,
        "train_auroc": 1.0,
        "test_source_accuracy": 0.8461538461538461,
        "test_source_auprc": 0.06439393939393939,
        "test_source_auroc": 0.10416666666666669,
        "test_target_accuracy": 0.9230769230769231,
        "test_target_auprc": 0.09109311740890688,
        "test_target_auroc": 0.3958333333333333
    },
    "1": {
        "train_accuracy": 0.8823529411764706,
        "train_auprc": 0.5,
        "train_auroc": 0.9574468085106382,
        "test_source_accuracy": 0.88,
        "test_source_auprc": 0.17692307692307693,
        "test_source_auroc": 0.7717391304347827,
        "test_target_accuracy": 0.92,
        "test_target_auprc": 0.08,
        "test_target_auroc": 0.08695652173913043
    },
    "2": {
        "train_accuracy": 0.9019607843137255,
        "train_auprc": 1.0,
        "train_auroc": 1.0,
        "test_source_accuracy": 0.84,
        "test_source_auprc": 0.22549019607843135,
        "test_source_auroc": 0.6521739130434783,
        "test_target_accuracy": 0.92,
        "test_target_auprc": 0.12692307692307692,
        "test_target_auroc": 0.5760869565217391
    }
}