{
    "train_site": "DRIAMS-E",
    "train_years": [
        "2019"
    ],
    "test_site": "DRIAMS-F",
    "test_years": [
        "2019"
    ],
    "seed": 172,
    "model": "svm-rbf",
    "antibiotic": "Ceftriaxone",
    "species": "Escherichia coli",
    "metadata_versions_train": {
        "2019_clean.csv": "954305e482e840a815b44f310adbfdc1871bba52"
    },
    "metadata_versions_test": {
        "2019_clean.csv": "c9c4830e6f30ecb54e329451c7ffce195bb0bfc5"
    },
    "0": {
        "train_accuracy": 0.92,
        "train_auprc": 0.05667996453900709,
        "train_auroc": 0.1358695652173913,
        "test_source_accuracy": 0.9230769230769231,
        "test_source_auprc": 0.20512820512820512,
        "test_source_auroc": 0.4583333333333333,
        "test_target_accuracy": 0.9230769230769231,
        "test_target_auprc": 0.14835164835164835,
        "test_target_auroc": 0.6458333333333334
    },
    "1": {
        "train_accuracy": 0.9215686274509803,
        "train_auprc": 0.05818240454076367,
        "train_auroc": 0.1595744680851064,
        "test_source_accuracy": 0.92,
        "test_source_auprc": 0.09903381642512077,
        "test_source_auroc": 0.3695652173913044,
        "test_target_accuracy": 0.92,
        "test_target_auprc": 0.0757142857142857,
        "test_target_auroc": 0.2173913043478261
    },
    "2": {
        "train_accuracy": 0.9215686274509803,
        "train_auprc": 0.06735212588153765,
        "train_auroc": 0.25,
        "test_source_accuracy": 0.92,
        "test_source_auprc": 0.06380952380952382,
        "test_source_auroc": 0.06521739130434784,
        "test_target_accuracy": 0.92,
        "test_target_auprc": 0.09453781512605042,
        "test_target_auroc": 0.391304347826087
    }
}