{
    "train_site": "DRIAMS-F",
    "train_years": [
        "2019"
    ],
    "test_site": "DRIAMS-E",
    "test_years": [
        "2019"
    ],
    "seed": 172,
    "model": "svm-linear",
    "antibiotic": "Ciprofloxacin",
    "species": "Escherichia coli",
    "metadata_versions_train": {
        "2019_clean.csv": "c9c4830e6f30ecb54e329451c7ffce195bb0bfc5"
    },
    "metadata_versions_test": {
        "2019_clean.csv": "954305e482e840a815b44f310adbfdc1871bba52"
    },
    "0": {
        "train_accuracy": 0.66,
        "train_auprc": 0.09845628908066435,
        "train_auroc": 0.07142857142857145,
        "test_source_accuracy": 0.2692307692307692,
        "test_source_auprc": 0.3788095238095238,
        "test_source_auroc": 0.6571428571428573,
        "test_target_accuracy": 0.6538461538461539,
        "test_target_auprc": 0.1712254901960784,
        "test_target_auroc": 0.3523809523809524
    },
    "1": {
        "train_accuracy": 0.17647058823529413,
        "train_auprc": 0.11090062975544829,
        "train_auroc": 0.12169312169312169,
        "test_source_accuracy": 0.16,
        "test_source_auprc": 0.5492424242424243,
        "test_source_auroc": 0.8214285714285715,
        "test_target_accuracy": 0.16,
        "test_target_auprc": 0.45707070707070707,
        "test_target_auroc": 0.7261904761904762
    },
    "2": {
        "train_accuracy": 1.0,
        "train_auprc": 1.0,
        "train_auroc": 1.0,
        "test_source_accuracy": 0.72,
        "test_source_auprc": 0.13200757575757574,
        "test_source_auroc": 0.2380952380952381,
        "test_target_accuracy": 0.84,
        "test_target_auprc": 0.23590250329380763,
        "test_target_auroc": 0.38095238095238093
    }
}