{
    "train_site": "DRIAMS-F",
    "train_years": [
        "2019"
    ],
    "test_site": "DRIAMS-E",
    "test_years": [
        "2019"
    ],
    "seed": 172,
    "model": "lightgbm",
    "antibiotic": "Ciprofloxacin",
    "species": "Escherichia coli",
    "metadata_versions_train": {
        "2019_clean.csv": "c9c4830e6f30ecb54e329451c7ffce195bb0bfc5"
    },
    "metadata_versions_test": {
        "2019_clean.csv": "954305e482e840a815b44f310adbfdc1871bba52"
    },
    "0": {
        "train_accuracy": 0.76,
        "train_auprc": 0.4,
        "train_auroc": 0.8571428571428572,
        "test_source_accuracy": 0.5769230769230769,
        "test_source_auprc": 0.22692307692307692,
        "test_source_auroc": 0.5857142857142856,
        "test_target_accuracy": 0.46153846153846156,
        "test_target_auprc": 0.19692307692307692,
        "test_target_auroc": 0.5142857142857143
    },
    "1": {
        "train_accuracy": 0.9803921568627451,
        "train_auprc": 1.0,
        "train_auroc": 1.0,
        "test_source_accuracy": 0.76,
        "test_source_auprc": 0.16702741702741702,
        "test_source_auroc": 0.3928571428571429,
        "test_target_accuracy": 0.52,
        "test_target_auprc": 0.13415584415584414,
        "test_target_auroc": 0.30952380952380953
    },
    "2": {
        "train_accuracy": 0.9411764705882353,
        "train_auprc": 0.8181818181818182,
        "train_auroc": 0.9761904761904762,
        "test_source_accuracy": 0.72,
        "test_source_auprc": 0.1302450980392157,
        "test_source_auroc": 0.2857142857142857,
        "test_target_accuracy": 0.6,
        "test_target_auprc": 0.1229004329004329,
        "test_target_auroc": 0.2380952380952381
    }
}