{
    "train_site": "DRIAMS-F",
    "train_years": [
        "2019"
    ],
    "test_site": "DRIAMS-E",
    "test_years": [
        "2019"
    ],
    "seed": 172,
    "model": "lightgbm",
    "antibiotic": "Oxacillin",
    "species": "Staphylococcus aureus",
    "metadata_versions_train": {
        "2019_clean.csv": "c9c4830e6f30ecb54e329451c7ffce195bb0bfc5"
    },
    "metadata_versions_test": {
        "2019_clean.csv": "954305e482e840a815b44f310adbfdc1871bba52"
    },
    "0": {
        "train_accuracy": 1.0,
        "train_auprc": 1.0,
        "train_auroc": 1.0,
        "test_source_accuracy": 0.875,
        "test_source_auprc": 0.21226053639846743,
        "test_source_auroc": 0.6091954022988505,
        "test_target_accuracy": 0.90625,
        "test_target_auprc": 0.09512356159215243,
        "test_target_auroc": 0.3563218390804597
    },
    "1": {
        "train_accuracy": 1.0,
        "train_auprc": 1.0,
        "train_auroc": 1.0,
        "test_source_accuracy": 0.967741935483871,
        "test_source_auprc": 0.5357142857142857,
        "test_source_auroc": 0.5517241379310345,
        "test_target_accuracy": 0.9354838709677419,
        "test_target_auprc": 0.11781609195402298,
        "test_target_auroc": 0.4482758620689655
    },
    "2": {
        "train_accuracy": 1.0,
        "train_auprc": 1.0,
        "train_auroc": 1.0,
        "test_source_accuracy": 0.9354838709677419,
        "test_source_auprc": 0.07692307692307693,
        "test_source_auroc": 0.3793103448275862,
        "test_target_accuracy": 0.9354838709677419,
        "test_target_auprc": 0.06631578947368422,
        "test_target_auroc": 0.29310344827586204
    }
}