{
    "train_site": "DRIAMS-E",
    "train_years": [
        "2019"
    ],
    "test_site": "DRIAMS-F",
    "test_years": [
        "2019"
    ],
    "seed": 172,
    "model": "lr",
    "antibiotic": "Ciprofloxacin",
    "species": "Staphylococcus aureus",
    "metadata_versions_train": {
        "2019_clean.csv": "954305e482e840a815b44f310adbfdc1871bba52"
    },
    "metadata_versions_test": {
        "2019_clean.csv": "c9c4830e6f30ecb54e329451c7ffce195bb0bfc5"
    },
    "0": {
        "train_accuracy": 1.0,
        "train_auprc": 1.0,
        "train_auroc": 1.0,
        "test_source_accuracy": 0.90625,
        "test_source_auprc": 0.40379901960784315,
        "test_source_auroc": 0.49425287356321834,
        "test_target_accuracy": 0.90625,
        "test_target_auprc": 0.1026284348864994,
        "test_target_auroc": 0.3793103448275862
    },
    "1": {
        "train_accuracy": 0.9047619047619048,
        "train_auprc": 0.8645833333333334,
        "train_auroc": 0.9239766081871346,
        "test_source_accuracy": 0.90625,
        "test_source_auprc": 0.17809364548494983,
        "test_source_auroc": 0.6091954022988505,
        "test_target_accuracy": 0.90625,
        "test_target_auprc": 0.28846153846153844,
        "test_target_auroc": 0.6551724137931034
    },
    "2": {
        "train_accuracy": 0.90625,
        "train_auprc": 0.5011204481792717,
        "train_auroc": 0.7902298850574713,
        "test_source_accuracy": 0.9032258064516129,
        "test_source_auprc": 0.5277777777777778,
        "test_source_auroc": 0.8571428571428571,
        "test_target_accuracy": 0.9032258064516129,
        "test_target_auprc": 0.3888888888888889,
        "test_target_auroc": 0.8809523809523809
    }
}