{
    "train_site": "DRIAMS-F",
    "train_years": [
        "2019"
    ],
    "test_site": "DRIAMS-E",
    "test_years": [
        "2019"
    ],
    "seed": 172,
    "model": "svm-rbf",
    "antibiotic": "Ciprofloxacin",
    "species": "Escherichia coli",
    "metadata_versions_train": {
        "2019_clean.csv": "c9c4830e6f30ecb54e329451c7ffce195bb0bfc5"
    },
    "metadata_versions_test": {
        "2019_clean.csv": "954305e482e840a815b44f310adbfdc1871bba52"
    },
    "0": {
        "train_accuracy": 0.72,
        "train_auprc": 0.0966961116459229,
        "train_auroc": 0.053571428571428575,
        "test_source_accuracy": 0.46153846153846156,
        "test_source_auprc": 0.3372710622710623,
        "test_source_auroc": 0.6095238095238096,
        "test_target_accuracy": 0.6923076923076923,
        "test_target_auprc": 0.1712254901960784,
        "test_target_auroc": 0.3523809523809524
    },
    "1": {
        "train_accuracy": 0.17647058823529413,
        "train_auprc": 0.11092741780473214,
        "train_auroc": 0.11904761904761904,
        "test_source_accuracy": 0.16,
        "test_source_auprc": 0.48525641025641025,
        "test_source_auroc": 0.7619047619047619,
        "test_target_accuracy": 0.16,
        "test_target_auprc": 0.4416208791208791,
        "test_target_auroc": 0.6785714285714286
    },
    "2": {
        "train_accuracy": 0.17647058823529413,
        "train_auprc": 0.10367158418107468,
        "train_auroc": 0.0,
        "test_source_accuracy": 0.16,
        "test_source_auprc": 0.4882478632478633,
        "test_source_auroc": 0.6904761904761905,
        "test_target_accuracy": 0.16,
        "test_target_auprc": 0.5026315789473684,
        "test_target_auroc": 0.7142857142857142
    }
}