{
    "train_site": "DRIAMS-E",
    "train_years": [
        "2019"
    ],
    "test_site": "DRIAMS-F",
    "test_years": [
        "2019"
    ],
    "seed": 172,
    "model": "lr",
    "antibiotic": "Cefepime",
    "species": "Escherichia coli",
    "metadata_versions_train": {
        "2019_clean.csv": "954305e482e840a815b44f310adbfdc1871bba52"
    },
    "metadata_versions_test": {
        "2019_clean.csv": "c9c4830e6f30ecb54e329451c7ffce195bb0bfc5"
    },
    "0": {
        "train_accuracy": 0.94,
        "train_auprc": 0.06,
        "train_auroc": 0.5,
        "test_source_accuracy": 0.9230769230769231,
        "test_source_auprc": 0.07692307692307693,
        "test_source_auroc": 0.5,
        "test_target_accuracy": 0.9230769230769231,
        "test_target_auprc": 0.07692307692307693,
        "test_target_auroc": 0.5
    },
    "1": {
        "train_accuracy": 0.9215686274509803,
        "train_auprc": 0.7329545454545454,
        "train_auroc": 0.8989361702127661,
        "test_source_accuracy": 0.96,
        "test_source_auprc": 0.041666666666666664,
        "test_source_auroc": 0.04166666666666663,
        "test_target_accuracy": 0.96,
        "test_target_auprc": 0.04,
        "test_target_auroc": 0.0
    },
    "2": {
        "train_accuracy": 1.0,
        "train_auprc": 1.0,
        "train_auroc": 1.0,
        "test_source_accuracy": 0.92,
        "test_source_auprc": 0.2121212121212121,
        "test_source_auroc": 0.5217391304347826,
        "test_target_accuracy": 0.88,
        "test_target_auprc": 0.2976190476190476,
        "test_target_auroc": 0.5652173913043479
    }
}