{
    "train_site": "DRIAMS-F",
    "train_years": [
        "2019"
    ],
    "test_site": "DRIAMS-E",
    "test_years": [
        "2019"
    ],
    "seed": 344,
    "model": "svm-linear",
    "antibiotic": "Ciprofloxacin",
    "species": "Staphylococcus aureus",
    "metadata_versions_train": {
        "2019_clean.csv": "c9c4830e6f30ecb54e329451c7ffce195bb0bfc5"
    },
    "metadata_versions_test": {
        "2019_clean.csv": "954305e482e840a815b44f310adbfdc1871bba52"
    },
    "0": {
        "train_accuracy": 0.9047619047619048,
        "train_auprc": 0.060220276091946794,
        "train_auroc": 0.07894736842105265,
        "test_source_accuracy": 0.90625,
        "test_source_auprc": 0.08419117647058824,
        "test_source_auroc": 0.27586206896551724,
        "test_target_accuracy": 0.90625,
        "test_target_auprc": 0.11314041745730549,
        "test_target_auroc": 0.425287356321839
    },
    "1": {
        "train_accuracy": 0.9047619047619048,
        "train_auprc": 1.0,
        "train_auroc": 1.0,
        "test_source_accuracy": 0.8125,
        "test_source_auprc": 0.6324786324786325,
        "test_source_auroc": 0.8735632183908046,
        "test_target_accuracy": 0.40625,
        "test_target_auprc": 0.09483213575285186,
        "test_target_auroc": 0.367816091954023
    },
    "2": {
        "train_accuracy": 0.984375,
        "train_auprc": 1.0,
        "train_auroc": 1.0,
        "test_source_accuracy": 0.8064516129032258,
        "test_source_auprc": 0.2216931216931217,
        "test_source_auroc": 0.7619047619047619,
        "test_target_accuracy": 0.7419354838709677,
        "test_target_auprc": 0.437037037037037,
        "test_target_auroc": 0.6190476190476191
    }
}