{
    "train_site": "DRIAMS-F",
    "train_years": [
        "2019"
    ],
    "test_site": "DRIAMS-E",
    "test_years": [
        "2019"
    ],
    "seed": 409,
    "model": "lr",
    "antibiotic": "Ciprofloxacin",
    "species": "Escherichia coli",
    "metadata_versions_train": {
        "2019_clean.csv": "c9c4830e6f30ecb54e329451c7ffce195bb0bfc5"
    },
    "metadata_versions_test": {
        "2019_clean.csv": "954305e482e840a815b44f310adbfdc1871bba52"
    },
    "0": {
        "train_accuracy": 1.0,
        "train_auprc": 1.0,
        "train_auroc": 1.0,
        "test_source_accuracy": 0.4230769230769231,
        "test_source_auprc": 0.29549291288421725,
        "test_source_auroc": 0.6190476190476191,
        "test_target_accuracy": 0.4230769230769231,
        "test_target_auprc": 0.28428571428571425,
        "test_target_auroc": 0.6095238095238096
    },
    "1": {
        "train_accuracy": 0.8235294117647058,
        "train_auprc": 0.17647058823529413,
        "train_auroc": 0.5,
        "test_source_accuracy": 0.84,
        "test_source_auprc": 0.16,
        "test_source_auroc": 0.5,
        "test_target_accuracy": 0.84,
        "test_target_auprc": 0.16,
        "test_target_auroc": 0.5
    },
    "2": {
        "train_accuracy": 1.0,
        "train_auprc": 1.0,
        "train_auroc": 1.0,
        "test_source_accuracy": 0.52,
        "test_source_auprc": 0.1757305194805195,
        "test_source_auroc": 0.4642857142857143,
        "test_target_accuracy": 0.56,
        "test_target_auprc": 0.15992822966507178,
        "test_target_auroc": 0.40476190476190477
    }
}