{
    "train_site": "DRIAMS-E",
    "train_years": [
        "2019"
    ],
    "test_site": "DRIAMS-F",
    "test_years": [
        "2019"
    ],
    "seed": 35,
    "model": "svm-linear",
    "antibiotic": "Ceftriaxone",
    "species": "Escherichia coli",
    "metadata_versions_train": {
        "2019_clean.csv": "954305e482e840a815b44f310adbfdc1871bba52"
    },
    "metadata_versions_test": {
        "2019_clean.csv": "c9c4830e6f30ecb54e329451c7ffce195bb0bfc5"
    },
    "0": {
        "train_accuracy": 0.82,
        "train_auprc": 0.051157571724341905,
        "train_auroc": 0.0054347826086956486,
        "test_source_accuracy": 0.6923076923076923,
        "test_source_auprc": 0.08571428571428572,
        "test_source_auroc": 0.3541666666666667,
        "test_target_accuracy": 0.34615384615384615,
        "test_target_auprc": 0.10597826086956522,
        "test_target_auroc": 0.41666666666666663
    },
    "1": {
        "train_accuracy": 0.9215686274509803,
        "train_auprc": 1.0,
        "train_auroc": 1.0,
        "test_source_accuracy": 0.88,
        "test_source_auprc": 0.22916666666666666,
        "test_source_auroc": 0.6521739130434783,
        "test_target_accuracy": 0.88,
        "test_target_auprc": 0.3055555555555556,
        "test_target_auroc": 0.6304347826086957
    },
    "2": {
        "train_accuracy": 0.9215686274509803,
        "train_auprc": 0.056388146167557926,
        "train_auroc": 0.14361702127659576,
        "test_source_accuracy": 0.92,
        "test_source_auprc": 0.11688311688311688,
        "test_source_auroc": 0.4347826086956522,
        "test_target_accuracy": 0.92,
        "test_target_auprc": 0.07738095238095238,
        "test_target_auroc": 0.2391304347826087
    }
}