{
    "train_site": "DRIAMS-F",
    "train_years": [
        "2019"
    ],
    "test_site": "DRIAMS-E",
    "test_years": [
        "2019"
    ],
    "seed": 545,
    "model": "lightgbm",
    "antibiotic": "Ceftriaxone",
    "species": "Escherichia coli",
    "metadata_versions_train": {
        "2019_clean.csv": "c9c4830e6f30ecb54e329451c7ffce195bb0bfc5"
    },
    "metadata_versions_test": {
        "2019_clean.csv": "954305e482e840a815b44f310adbfdc1871bba52"
    },
    "0": {
        "train_accuracy": 1.0,
        "train_auprc": 1.0,
        "train_auroc": 1.0,
        "test_source_accuracy": 0.8846153846153846,
        "test_source_auprc": 0.05846153846153847,
        "test_source_auroc": 0.0,
        "test_target_accuracy": 0.9230769230769231,
        "test_target_auprc": 0.07738095238095238,
        "test_target_auroc": 0.27083333333333337
    },
    "1": {
        "train_accuracy": 0.9803921568627451,
        "train_auprc": 1.0,
        "train_auroc": 1.0,
        "test_source_accuracy": 0.88,
        "test_source_auprc": 0.10101010101010101,
        "test_source_auroc": 0.42391304347826086,
        "test_target_accuracy": 0.84,
        "test_target_auprc": 0.08095238095238094,
        "test_target_auroc": 0.3369565217391304
    },
    "2": {
        "train_accuracy": 0.9215686274509803,
        "train_auprc": 0.8,
        "train_auroc": 0.9893617021276596,
        "test_source_accuracy": 0.88,
        "test_source_auprc": 0.3088235294117647,
        "test_source_auroc": 0.7065217391304347,
        "test_target_accuracy": 0.88,
        "test_target_auprc": 0.10416666666666666,
        "test_target_auroc": 0.5
    }
}