{
    "train_site": "DRIAMS-F",
    "train_years": [
        "2019"
    ],
    "test_site": "DRIAMS-E",
    "test_years": [
        "2019"
    ],
    "seed": 270,
    "model": "svm-rbf",
    "antibiotic": "Cefepime",
    "species": "Escherichia coli",
    "metadata_versions_train": {
        "2019_clean.csv": "c9c4830e6f30ecb54e329451c7ffce195bb0bfc5"
    },
    "metadata_versions_test": {
        "2019_clean.csv": "954305e482e840a815b44f310adbfdc1871bba52"
    },
    "0": {
        "train_accuracy": 0.92,
        "train_auprc": 0.05511525487256372,
        "train_auroc": 0.11413043478260868,
        "test_source_accuracy": 0.9230769230769231,
        "test_source_auprc": 0.5454545454545454,
        "test_source_auroc": 0.5833333333333333,
        "test_target_accuracy": 0.9230769230769231,
        "test_target_auprc": 0.17142857142857143,
        "test_target_auroc": 0.7083333333333334
    },
    "1": {
        "train_accuracy": 1.0,
        "train_auprc": 0.0784313725490196,
        "train_auroc": 0.0,
        "test_source_accuracy": 0.92,
        "test_source_auprc": 0.06380952380952382,
        "test_source_auroc": 0.06521739130434784,
        "test_target_accuracy": 0.92,
        "test_target_auprc": 0.25,
        "test_target_auroc": 0.8043478260869564
    },
    "2": {
        "train_accuracy": 1.0,
        "train_auprc": 1.0,
        "train_auroc": 1.0,
        "test_source_accuracy": 0.92,
        "test_source_auprc": 0.3125,
        "test_source_auroc": 0.6739130434782609,
        "test_target_accuracy": 0.92,
        "test_target_auprc": 0.13392857142857142,
        "test_target_auroc": 0.5869565217391304
    }
}