{
    "train_site": "DRIAMS-F",
    "train_years": [
        "2019"
    ],
    "test_site": "DRIAMS-E",
    "test_years": [
        "2019"
    ],
    "seed": 172,
    "model": "svm-linear",
    "antibiotic": "Cefepime",
    "species": "Escherichia coli",
    "metadata_versions_train": {
        "2019_clean.csv": "c9c4830e6f30ecb54e329451c7ffce195bb0bfc5"
    },
    "metadata_versions_test": {
        "2019_clean.csv": "954305e482e840a815b44f310adbfdc1871bba52"
    },
    "0": {
        "train_accuracy": 1.0,
        "train_auprc": 0.05104193805181647,
        "train_auroc": 0.0,
        "test_source_accuracy": 0.9230769230769231,
        "test_source_auprc": 0.06728778467908902,
        "test_source_auroc": 0.14583333333333331,
        "test_target_accuracy": 0.8846153846153846,
        "test_target_auprc": 0.08166666666666667,
        "test_target_auroc": 0.29166666666666663
    },
    "1": {
        "train_accuracy": 1.0,
        "train_auprc": 1.0,
        "train_auroc": 1.0,
        "test_source_accuracy": 0.92,
        "test_source_auprc": 0.21428571428571427,
        "test_source_auroc": 0.5434782608695652,
        "test_target_accuracy": 0.92,
        "test_target_auprc": 0.10238095238095238,
        "test_target_auroc": 0.4347826086956522
    },
    "2": {
        "train_accuracy": 0.9607843137254902,
        "train_auprc": 0.95,
        "train_auroc": 0.9946808510638298,
        "test_source_accuracy": 0.88,
        "test_source_auprc": 0.24285714285714285,
        "test_source_auroc": 0.8043478260869565,
        "test_target_accuracy": 0.24,
        "test_target_auprc": 0.19090909090909092,
        "test_target_auroc": 0.7173913043478262
    }
}