{
    "train_site": "DRIAMS-E",
    "train_years": [
        "2019"
    ],
    "test_site": "DRIAMS-F",
    "test_years": [
        "2019"
    ],
    "seed": 89,
    "model": "svm-rbf",
    "antibiotic": "Oxacillin",
    "species": "Staphylococcus aureus",
    "metadata_versions_train": {
        "2019_clean.csv": "954305e482e840a815b44f310adbfdc1871bba52"
    },
    "metadata_versions_test": {
        "2019_clean.csv": "c9c4830e6f30ecb54e329451c7ffce195bb0bfc5"
    },
    "0": {
        "train_accuracy": 0.9838709677419355,
        "train_auprc": 0.040994735694204185,
        "train_auroc": 0.0,
        "test_source_accuracy": 0.90625,
        "test_source_auprc": 0.17037037037037037,
        "test_source_auroc": 0.5862068965517242,
        "test_target_accuracy": 0.90625,
        "test_target_auprc": 0.10608465608465609,
        "test_target_auroc": 0.4252873563218391
    },
    "1": {
        "train_accuracy": 0.9206349206349206,
        "train_auprc": 0.05153814644137225,
        "train_auroc": 0.09655172413793105,
        "test_source_accuracy": 0.9354838709677419,
        "test_source_auprc": 0.15263157894736842,
        "test_source_auroc": 0.6379310344827587,
        "test_target_accuracy": 0.9354838709677419,
        "test_target_auprc": 0.06777777777777777,
        "test_target_auroc": 0.3103448275862069
    },
    "2": {
        "train_accuracy": 1.0,
        "train_auprc": 0.04866880442837922,
        "train_auroc": 0.0,
        "test_source_accuracy": 0.9354838709677419,
        "test_source_auprc": 0.12037037037037036,
        "test_source_auroc": 0.4827586206896552,
        "test_target_accuracy": 0.9354838709677419,
        "test_target_auprc": 0.05333333333333333,
        "test_target_auroc": 0.10344827586206895
    }
}