{
    "train_site": "DRIAMS-F",
    "train_years": [
        "2019"
    ],
    "test_site": "DRIAMS-E",
    "test_years": [
        "2019"
    ],
    "seed": 188,
    "model": "svm-linear",
    "antibiotic": "Ciprofloxacin",
    "species": "Escherichia coli",
    "metadata_versions_train": {
        "2019_clean.csv": "c9c4830e6f30ecb54e329451c7ffce195bb0bfc5"
    },
    "metadata_versions_test": {
        "2019_clean.csv": "954305e482e840a815b44f310adbfdc1871bba52"
    },
    "0": {
        "train_accuracy": 1.0,
        "train_auprc": 0.09457170867429723,
        "train_auroc": 0.0,
        "test_source_accuracy": 0.7692307692307693,
        "test_source_auprc": 0.17710526315789474,
        "test_source_auroc": 0.380952380952381,
        "test_target_accuracy": 0.46153846153846156,
        "test_target_auprc": 0.3259740259740259,
        "test_target_auroc": 0.7047619047619047
    },
    "1": {
        "train_accuracy": 1.0,
        "train_auprc": 1.0,
        "train_auroc": 1.0,
        "test_source_accuracy": 0.8,
        "test_source_auprc": 0.21334586466165412,
        "test_source_auroc": 0.5714285714285714,
        "test_target_accuracy": 0.84,
        "test_target_auprc": 0.5059523809523809,
        "test_target_auroc": 0.6071428571428572
    },
    "2": {
        "train_accuracy": 0.8823529411764706,
        "train_auprc": 0.10567683096906516,
        "train_auroc": 0.044973544973544985,
        "test_source_accuracy": 0.64,
        "test_source_auprc": 0.25297619047619047,
        "test_source_auroc": 0.6666666666666667,
        "test_target_accuracy": 0.8,
        "test_target_auprc": 0.21929824561403508,
        "test_target_auroc": 0.5714285714285714
    }
}