{
    "train_site": "DRIAMS-E",
    "train_years": [
        "2019"
    ],
    "test_site": "DRIAMS-F",
    "test_years": [
        "2019"
    ],
    "seed": 188,
    "model": "svm-linear",
    "antibiotic": "Oxacillin",
    "species": "Staphylococcus aureus",
    "metadata_versions_train": {
        "2019_clean.csv": "954305e482e840a815b44f310adbfdc1871bba52"
    },
    "metadata_versions_test": {
        "2019_clean.csv": "c9c4830e6f30ecb54e329451c7ffce195bb0bfc5"
    },
    "0": {
        "train_accuracy": 0.967741935483871,
        "train_auprc": 1.0,
        "train_auroc": 1.0,
        "test_source_accuracy": 0.875,
        "test_source_auprc": 0.2563352826510721,
        "test_source_auroc": 0.6206896551724138,
        "test_target_accuracy": 0.90625,
        "test_target_auprc": 0.44999999999999996,
        "test_target_auroc": 0.7126436781609196
    },
    "1": {
        "train_accuracy": 0.7777777777777778,
        "train_auprc": 0.05324048336301898,
        "train_auroc": 0.13448275862068965,
        "test_source_accuracy": 0.6774193548387096,
        "test_source_auprc": 0.10368663594470046,
        "test_source_auroc": 0.39655172413793105,
        "test_target_accuracy": 0.7741935483870968,
        "test_target_auprc": 0.10416666666666666,
        "test_target_auroc": 0.5689655172413792
    },
    "2": {
        "train_accuracy": 0.8412698412698413,
        "train_auprc": 0.04885040249133321,
        "train_auroc": 0.010344827586206896,
        "test_source_accuracy": 0.6774193548387096,
        "test_source_auprc": 0.1388888888888889,
        "test_source_auroc": 0.6896551724137931,
        "test_target_accuracy": 0.8709677419354839,
        "test_target_auprc": 0.14835164835164835,
        "test_target_auroc": 0.7068965517241379
    }
}