{
    "train_site": "DRIAMS-E",
    "train_years": [
        "2019"
    ],
    "test_site": "DRIAMS-F",
    "test_years": [
        "2019"
    ],
    "seed": 480,
    "model": "lr",
    "antibiotic": "Ceftriaxone",
    "species": "Escherichia coli",
    "metadata_versions_train": {
        "2019_clean.csv": "954305e482e840a815b44f310adbfdc1871bba52"
    },
    "metadata_versions_test": {
        "2019_clean.csv": "c9c4830e6f30ecb54e329451c7ffce195bb0bfc5"
    },
    "0": {
        "train_accuracy": 0.92,
        "train_auprc": 0.08,
        "train_auroc": 0.5,
        "test_source_accuracy": 0.9230769230769231,
        "test_source_auprc": 0.07692307692307693,
        "test_source_auroc": 0.5,
        "test_target_accuracy": 0.9230769230769231,
        "test_target_auprc": 0.07692307692307693,
        "test_target_auroc": 0.5
    },
    "1": {
        "train_accuracy": 1.0,
        "train_auprc": 1.0,
        "train_auroc": 1.0,
        "test_source_accuracy": 0.72,
        "test_source_auprc": 0.07846153846153847,
        "test_source_auroc": 0.2391304347826087,
        "test_target_accuracy": 0.6,
        "test_target_auprc": 0.6111111111111112,
        "test_target_auroc": 0.8478260869565217
    },
    "2": {
        "train_accuracy": 0.9215686274509803,
        "train_auprc": 0.6857142857142857,
        "train_auroc": 0.8617021276595744,
        "test_source_accuracy": 0.92,
        "test_source_auprc": 0.5555555555555556,
        "test_source_auroc": 0.6521739130434783,
        "test_target_accuracy": 0.92,
        "test_target_auprc": 0.29545454545454547,
        "test_target_auroc": 0.5434782608695652
    }
}