{
    "train_site": "DRIAMS-F",
    "train_years": [
        "2019"
    ],
    "test_site": "DRIAMS-E",
    "test_years": [
        "2019"
    ],
    "seed": 344,
    "model": "rf",
    "antibiotic": "Ciprofloxacin",
    "species": "Escherichia coli",
    "metadata_versions_train": {
        "2019_clean.csv": "c9c4830e6f30ecb54e329451c7ffce195bb0bfc5"
    },
    "metadata_versions_test": {
        "2019_clean.csv": "954305e482e840a815b44f310adbfdc1871bba52"
    },
    "0": {
        "train_accuracy": 1.0,
        "train_auprc": 1.0,
        "train_auroc": 1.0,
        "test_source_accuracy": 0.8076923076923077,
        "test_source_auprc": 0.2578787878787879,
        "test_source_auroc": 0.6333333333333334,
        "test_target_accuracy": 0.8076923076923077,
        "test_target_auprc": 0.21063492063492062,
        "test_target_auroc": 0.461904761904762
    },
    "1": {
        "train_accuracy": 1.0,
        "train_auprc": 1.0,
        "train_auroc": 1.0,
        "test_source_accuracy": 0.84,
        "test_source_auprc": 0.3392045454545455,
        "test_source_auroc": 0.6726190476190476,
        "test_target_accuracy": 0.84,
        "test_target_auprc": 0.453525641025641,
        "test_target_auroc": 0.7261904761904762
    },
    "2": {
        "train_accuracy": 1.0,
        "train_auprc": 1.0,
        "train_auroc": 0.9999999999999999,
        "test_source_accuracy": 0.84,
        "test_source_auprc": 0.2757177033492823,
        "test_source_auroc": 0.625,
        "test_target_accuracy": 0.84,
        "test_target_auprc": 0.1489285714285714,
        "test_target_auroc": 0.31547619047619047
    }
}