{
    "train_site": "DRIAMS-F",
    "train_years": [
        "2019"
    ],
    "test_site": "DRIAMS-E",
    "test_years": [
        "2019"
    ],
    "seed": 480,
    "model": "lr",
    "antibiotic": "Cefepime",
    "species": "Escherichia coli",
    "metadata_versions_train": {
        "2019_clean.csv": "c9c4830e6f30ecb54e329451c7ffce195bb0bfc5"
    },
    "metadata_versions_test": {
        "2019_clean.csv": "954305e482e840a815b44f310adbfdc1871bba52"
    },
    "0": {
        "train_accuracy": 1.0,
        "train_auprc": 1.0,
        "train_auroc": 1.0,
        "test_source_accuracy": 0.7692307692307693,
        "test_source_auprc": 0.18333333333333335,
        "test_source_auroc": 0.7083333333333333,
        "test_target_accuracy": 0.34615384615384615,
        "test_target_auprc": 1.0,
        "test_target_auroc": 1.0
    },
    "1": {
        "train_accuracy": 1.0,
        "train_auprc": 1.0,
        "train_auroc": 1.0,
        "test_source_accuracy": 0.64,
        "test_source_auprc": 0.1588235294117647,
        "test_source_auroc": 0.5869565217391304,
        "test_target_accuracy": 0.12,
        "test_target_auprc": 0.2361111111111111,
        "test_target_auroc": 0.782608695652174
    },
    "2": {
        "train_accuracy": 1.0,
        "train_auprc": 1.0,
        "train_auroc": 1.0,
        "test_source_accuracy": 0.76,
        "test_source_auprc": 0.2111111111111111,
        "test_source_auroc": 0.7608695652173914,
        "test_target_accuracy": 0.4,
        "test_target_auprc": 0.0787878787878788,
        "test_target_auroc": 0.2608695652173913
    }
}