{
    "train_site": "DRIAMS-F",
    "train_years": [
        "2019"
    ],
    "test_site": "DRIAMS-E",
    "test_years": [
        "2019"
    ],
    "seed": 545,
    "model": "lightgbm",
    "antibiotic": "Ciprofloxacin",
    "species": "Escherichia coli",
    "metadata_versions_train": {
        "2019_clean.csv": "c9c4830e6f30ecb54e329451c7ffce195bb0bfc5"
    },
    "metadata_versions_test": {
        "2019_clean.csv": "954305e482e840a815b44f310adbfdc1871bba52"
    },
    "0": {
        "train_accuracy": 0.82,
        "train_auprc": 0.5714285714285714,
        "train_auroc": 0.9285714285714286,
        "test_source_accuracy": 0.34615384615384615,
        "test_source_auprc": 0.16138191873485994,
        "test_source_auroc": 0.37142857142857144,
        "test_target_accuracy": 0.6153846153846154,
        "test_target_auprc": 0.22957264957264956,
        "test_target_auroc": 0.5523809523809524
    },
    "1": {
        "train_accuracy": 0.9803921568627451,
        "train_auprc": 0.9,
        "train_auroc": 0.988095238095238,
        "test_source_accuracy": 0.6,
        "test_source_auprc": 0.13785714285714284,
        "test_source_auroc": 0.25,
        "test_target_accuracy": 0.8,
        "test_target_auprc": 0.18,
        "test_target_auroc": 0.44047619047619047
    },
    "2": {
        "train_accuracy": 0.7647058823529411,
        "train_auprc": 0.42857142857142855,
        "train_auroc": 0.8571428571428572,
        "test_source_accuracy": 0.44,
        "test_source_auprc": 0.16,
        "test_source_auroc": 0.2619047619047619,
        "test_target_accuracy": 0.84,
        "test_target_auprc": 0.245,
        "test_target_auroc": 0.6011904761904762
    }
}