{
    "train_site": "DRIAMS-F",
    "train_years": [
        "2019"
    ],
    "test_site": "DRIAMS-E",
    "test_years": [
        "2019"
    ],
    "seed": 35,
    "model": "lightgbm",
    "antibiotic": "Ciprofloxacin",
    "species": "Escherichia coli",
    "metadata_versions_train": {
        "2019_clean.csv": "c9c4830e6f30ecb54e329451c7ffce195bb0bfc5"
    },
    "metadata_versions_test": {
        "2019_clean.csv": "954305e482e840a815b44f310adbfdc1871bba52"
    },
    "0": {
        "train_accuracy": 0.96,
        "train_auprc": 0.8,
        "train_auroc": 0.9761904761904762,
        "test_source_accuracy": 0.8076923076923077,
        "test_source_auprc": 0.24395604395604398,
        "test_source_auroc": 0.4380952380952381,
        "test_target_accuracy": 0.7692307692307693,
        "test_target_auprc": 0.23692307692307693,
        "test_target_auroc": 0.4571428571428572
    },
    "1": {
        "train_accuracy": 0.9411764705882353,
        "train_auprc": 0.9,
        "train_auroc": 0.9880952380952381,
        "test_source_accuracy": 0.68,
        "test_source_auprc": 0.18411764705882355,
        "test_source_auroc": 0.5119047619047619,
        "test_target_accuracy": 0.88,
        "test_target_auprc": 0.38555555555555554,
        "test_target_auroc": 0.5892857142857143
    },
    "2": {
        "train_accuracy": 0.9411764705882353,
        "train_auprc": 0.75,
        "train_auroc": 0.9642857142857143,
        "test_source_accuracy": 0.6,
        "test_source_auprc": 0.15458333333333332,
        "test_source_auroc": 0.49404761904761907,
        "test_target_accuracy": 0.84,
        "test_target_auprc": 0.19111111111111112,
        "test_target_auroc": 0.5595238095238095
    }
}