{
    "train_site": "DRIAMS-E",
    "train_years": [
        "2019"
    ],
    "test_site": "DRIAMS-F",
    "test_years": [
        "2019"
    ],
    "seed": 409,
    "model": "lr",
    "antibiotic": "Ciprofloxacin",
    "species": "Staphylococcus aureus",
    "metadata_versions_train": {
        "2019_clean.csv": "954305e482e840a815b44f310adbfdc1871bba52"
    },
    "metadata_versions_test": {
        "2019_clean.csv": "c9c4830e6f30ecb54e329451c7ffce195bb0bfc5"
    },
    "0": {
        "train_accuracy": 0.9047619047619048,
        "train_auprc": 0.5686262974873846,
        "train_auroc": 0.6900584795321637,
        "test_source_accuracy": 0.90625,
        "test_source_auprc": 0.8333333333333333,
        "test_source_auroc": 0.9655172413793104,
        "test_target_accuracy": 0.90625,
        "test_target_auprc": 0.3206349206349206,
        "test_target_auroc": 0.8620689655172413
    },
    "1": {
        "train_accuracy": 0.9047619047619048,
        "train_auprc": 0.7815656565656566,
        "train_auroc": 0.9327485380116959,
        "test_source_accuracy": 0.90625,
        "test_source_auprc": 0.3923611111111111,
        "test_source_auroc": 0.41379310344827586,
        "test_target_accuracy": 0.90625,
        "test_target_auprc": 0.17857142857142858,
        "test_target_auroc": 0.47126436781609193
    },
    "2": {
        "train_accuracy": 0.90625,
        "train_auprc": 0.6879464285714285,
        "train_auroc": 0.8362068965517242,
        "test_source_accuracy": 0.9032258064516129,
        "test_source_auprc": 0.38596491228070173,
        "test_source_auroc": 0.7738095238095238,
        "test_target_accuracy": 0.9032258064516129,
        "test_target_auprc": 0.41025641025641024,
        "test_target_auroc": 0.8452380952380951
    }
}