{
    "train_site": "DRIAMS-F",
    "train_years": [
        "2019"
    ],
    "test_site": "DRIAMS-E",
    "test_years": [
        "2019"
    ],
    "seed": 545,
    "model": "lr",
    "antibiotic": "Ciprofloxacin",
    "species": "Escherichia coli",
    "metadata_versions_train": {
        "2019_clean.csv": "c9c4830e6f30ecb54e329451c7ffce195bb0bfc5"
    },
    "metadata_versions_test": {
        "2019_clean.csv": "954305e482e840a815b44f310adbfdc1871bba52"
    },
    "0": {
        "train_accuracy": 0.84,
        "train_auprc": 0.16,
        "train_auroc": 0.5,
        "test_source_accuracy": 0.8076923076923077,
        "test_source_auprc": 0.19230769230769232,
        "test_source_auroc": 0.5,
        "test_target_accuracy": 0.8076923076923077,
        "test_target_auprc": 0.19230769230769232,
        "test_target_auroc": 0.5
    },
    "1": {
        "train_accuracy": 1.0,
        "train_auprc": 1.0,
        "train_auroc": 1.0,
        "test_source_accuracy": 0.72,
        "test_source_auprc": 0.16420558608058608,
        "test_source_auroc": 0.42857142857142855,
        "test_target_accuracy": 0.36,
        "test_target_auprc": 0.14466089466089466,
        "test_target_auroc": 0.33333333333333337
    },
    "2": {
        "train_accuracy": 1.0,
        "train_auprc": 1.0,
        "train_auroc": 1.0,
        "test_source_accuracy": 0.72,
        "test_source_auprc": 0.1694397993311037,
        "test_source_auroc": 0.39285714285714285,
        "test_target_accuracy": 0.64,
        "test_target_auprc": 0.2646103896103896,
        "test_target_auroc": 0.6904761904761905
    }
}