{
    "train_site": "DRIAMS-E",
    "train_years": [
        "2019"
    ],
    "test_site": "DRIAMS-F",
    "test_years": [
        "2019"
    ],
    "seed": 89,
    "model": "rf",
    "antibiotic": "Oxacillin",
    "species": "Staphylococcus aureus",
    "metadata_versions_train": {
        "2019_clean.csv": "954305e482e840a815b44f310adbfdc1871bba52"
    },
    "metadata_versions_test": {
        "2019_clean.csv": "c9c4830e6f30ecb54e329451c7ffce195bb0bfc5"
    },
    "0": {
        "train_accuracy": 1.0,
        "train_auprc": 1.0,
        "train_auroc": 1.0,
        "test_source_accuracy": 0.90625,
        "test_source_auprc": 0.18680555555555556,
        "test_source_auroc": 0.5804597701149425,
        "test_target_accuracy": 0.90625,
        "test_target_auprc": 0.0769927536231884,
        "test_target_auroc": 0.21839080459770116
    },
    "1": {
        "train_accuracy": 1.0,
        "train_auprc": 1.0,
        "train_auroc": 1.0,
        "test_source_accuracy": 0.9354838709677419,
        "test_source_auprc": 0.05011520737327189,
        "test_source_auroc": 0.10344827586206898,
        "test_target_accuracy": 0.9354838709677419,
        "test_target_auprc": 0.06512605042016806,
        "test_target_auroc": 0.3448275862068965
    },
    "2": {
        "train_accuracy": 1.0,
        "train_auprc": 1.0,
        "train_auroc": 1.0,
        "test_source_accuracy": 0.9354838709677419,
        "test_source_auprc": 0.09722222222222221,
        "test_source_auroc": 0.5775862068965517,
        "test_target_accuracy": 0.9354838709677419,
        "test_target_auprc": 0.18181818181818182,
        "test_target_auroc": 0.7586206896551724
    }
}