{
    "train_site": "DRIAMS-E",
    "train_years": [
        "2019"
    ],
    "test_site": "DRIAMS-F",
    "test_years": [
        "2019"
    ],
    "seed": 89,
    "model": "rf",
    "antibiotic": "Ciprofloxacin",
    "species": "Staphylococcus aureus",
    "metadata_versions_train": {
        "2019_clean.csv": "954305e482e840a815b44f310adbfdc1871bba52"
    },
    "metadata_versions_test": {
        "2019_clean.csv": "c9c4830e6f30ecb54e329451c7ffce195bb0bfc5"
    },
    "0": {
        "train_accuracy": 1.0,
        "train_auprc": 1.0,
        "train_auroc": 1.0,
        "test_source_accuracy": 0.90625,
        "test_source_auprc": 0.22916666666666666,
        "test_source_auroc": 0.7586206896551725,
        "test_target_accuracy": 0.90625,
        "test_target_auprc": 0.19155844155844154,
        "test_target_auroc": 0.7011494252873562
    },
    "1": {
        "train_accuracy": 1.0,
        "train_auprc": 1.0,
        "train_auroc": 1.0,
        "test_source_accuracy": 0.90625,
        "test_source_auprc": 0.14583333333333331,
        "test_source_auroc": 0.39655172413793105,
        "test_target_accuracy": 0.90625,
        "test_target_auprc": 0.23737373737373738,
        "test_target_auroc": 0.8045977011494253
    },
    "2": {
        "train_accuracy": 1.0,
        "train_auprc": 1.0,
        "train_auroc": 1.0,
        "test_source_accuracy": 0.9032258064516129,
        "test_source_auprc": 0.4357142857142857,
        "test_source_auroc": 0.6666666666666666,
        "test_target_accuracy": 0.9032258064516129,
        "test_target_auprc": 0.11203703703703705,
        "test_target_auroc": 0.488095238095238
    }
}