{
    "train_site": "DRIAMS-E",
    "train_years": [
        "2019"
    ],
    "test_site": "DRIAMS-F",
    "test_years": [
        "2019"
    ],
    "seed": 344,
    "model": "svm-linear",
    "antibiotic": "Ciprofloxacin",
    "species": "Staphylococcus aureus",
    "metadata_versions_train": {
        "2019_clean.csv": "954305e482e840a815b44f310adbfdc1871bba52"
    },
    "metadata_versions_test": {
        "2019_clean.csv": "c9c4830e6f30ecb54e329451c7ffce195bb0bfc5"
    },
    "0": {
        "train_accuracy": 0.9047619047619048,
        "train_auprc": 0.06452729072221597,
        "train_auroc": 0.16959064327485382,
        "test_source_accuracy": 0.90625,
        "test_source_auprc": 0.08283730158730158,
        "test_source_auroc": 0.26436781609195403,
        "test_target_accuracy": 0.90625,
        "test_target_auprc": 0.1385799035965888,
        "test_target_auroc": 0.3333333333333333
    },
    "1": {
        "train_accuracy": 1.0,
        "train_auprc": 1.0,
        "train_auroc": 1.0,
        "test_source_accuracy": 0.90625,
        "test_source_auprc": 0.13293650793650794,
        "test_source_auroc": 0.5172413793103448,
        "test_target_accuracy": 0.90625,
        "test_target_auprc": 0.2587301587301587,
        "test_target_auroc": 0.632183908045977
    },
    "2": {
        "train_accuracy": 0.953125,
        "train_auprc": 0.9102564102564102,
        "train_auroc": 0.9798850574712643,
        "test_source_accuracy": 0.9032258064516129,
        "test_source_auprc": 0.5416666666666666,
        "test_source_auroc": 0.7261904761904762,
        "test_target_accuracy": 0.9032258064516129,
        "test_target_auprc": 0.081174059434929,
        "test_target_auroc": 0.2142857142857143
    }
}