{
    "train_site": "DRIAMS-E",
    "train_years": [
        "2019"
    ],
    "test_site": "DRIAMS-F",
    "test_years": [
        "2019"
    ],
    "seed": 270,
    "model": "rf",
    "antibiotic": "Ciprofloxacin",
    "species": "Staphylococcus aureus",
    "metadata_versions_train": {
        "2019_clean.csv": "954305e482e840a815b44f310adbfdc1871bba52"
    },
    "metadata_versions_test": {
        "2019_clean.csv": "c9c4830e6f30ecb54e329451c7ffce195bb0bfc5"
    },
    "0": {
        "train_accuracy": 1.0,
        "train_auprc": 1.0,
        "train_auroc": 1.0,
        "test_source_accuracy": 0.90625,
        "test_source_auprc": 0.22916666666666666,
        "test_source_auroc": 0.7586206896551724,
        "test_target_accuracy": 0.90625,
        "test_target_auprc": 0.07772435897435898,
        "test_target_auroc": 0.3448275862068965
    },
    "1": {
        "train_accuracy": 1.0,
        "train_auprc": 1.0,
        "train_auroc": 1.0,
        "test_source_accuracy": 0.90625,
        "test_source_auprc": 0.14387464387464388,
        "test_source_auroc": 0.6494252873563218,
        "test_target_accuracy": 0.90625,
        "test_target_auprc": 0.11781609195402298,
        "test_target_auroc": 0.45977011494252873
    },
    "2": {
        "train_accuracy": 1.0,
        "train_auprc": 1.0,
        "train_auroc": 1.0,
        "test_source_accuracy": 0.9032258064516129,
        "test_source_auprc": 0.24523264683447749,
        "test_source_auroc": 0.625,
        "test_target_accuracy": 0.9032258064516129,
        "test_target_auprc": 0.1406926406926407,
        "test_target_auroc": 0.6011904761904762
    }
}