{
    "train_site": "DRIAMS-F",
    "train_years": [
        "2019"
    ],
    "test_site": "DRIAMS-E",
    "test_years": [
        "2019"
    ],
    "seed": 344,
    "model": "svm-linear",
    "antibiotic": "Oxacillin",
    "species": "Staphylococcus aureus",
    "metadata_versions_train": {
        "2019_clean.csv": "c9c4830e6f30ecb54e329451c7ffce195bb0bfc5"
    },
    "metadata_versions_test": {
        "2019_clean.csv": "954305e482e840a815b44f310adbfdc1871bba52"
    },
    "0": {
        "train_accuracy": 0.9354838709677419,
        "train_auprc": 0.04167836372172347,
        "train_auroc": 0.017241379310344862,
        "test_source_accuracy": 0.90625,
        "test_source_auprc": 0.0711127952507263,
        "test_source_auroc": 0.1149425287356322,
        "test_target_accuracy": 0.90625,
        "test_target_auprc": 0.2207282913165266,
        "test_target_auroc": 0.7356321839080459
    },
    "1": {
        "train_accuracy": 1.0,
        "train_auprc": 1.0,
        "train_auroc": 1.0,
        "test_source_accuracy": 0.9354838709677419,
        "test_source_auprc": 0.2916666666666667,
        "test_source_auroc": 0.603448275862069,
        "test_target_accuracy": 0.9354838709677419,
        "test_target_auprc": 0.19999999999999998,
        "test_target_auroc": 0.48275862068965514
    },
    "2": {
        "train_accuracy": 1.0,
        "train_auprc": 1.0,
        "train_auroc": 1.0,
        "test_source_accuracy": 0.9354838709677419,
        "test_source_auprc": 0.225,
        "test_source_auroc": 0.8275862068965517,
        "test_target_accuracy": 0.9354838709677419,
        "test_target_auprc": 0.11437908496732026,
        "test_target_auroc": 0.603448275862069
    }
}