{
    "train_site": "DRIAMS-E",
    "train_years": [
        "2019"
    ],
    "test_site": "DRIAMS-F",
    "test_years": [
        "2019"
    ],
    "seed": 270,
    "model": "rf",
    "antibiotic": "Ceftriaxone",
    "species": "Escherichia coli",
    "metadata_versions_train": {
        "2019_clean.csv": "954305e482e840a815b44f310adbfdc1871bba52"
    },
    "metadata_versions_test": {
        "2019_clean.csv": "c9c4830e6f30ecb54e329451c7ffce195bb0bfc5"
    },
    "0": {
        "train_accuracy": 1.0,
        "train_auprc": 1.0,
        "train_auroc": 1.0,
        "test_source_accuracy": 0.9230769230769231,
        "test_source_auprc": 0.5454545454545454,
        "test_source_auroc": 0.59375,
        "test_target_accuracy": 0.9230769230769231,
        "test_target_auprc": 0.19642857142857142,
        "test_target_auroc": 0.71875
    },
    "1": {
        "train_accuracy": 1.0,
        "train_auprc": 1.0,
        "train_auroc": 1.0,
        "test_source_accuracy": 0.92,
        "test_source_auprc": 0.25,
        "test_source_auroc": 0.7934782608695652,
        "test_target_accuracy": 0.92,
        "test_target_auprc": 0.23809523809523808,
        "test_target_auroc": 0.7608695652173912
    },
    "2": {
        "train_accuracy": 1.0,
        "train_auprc": 1.0,
        "train_auroc": 1.0,
        "test_source_accuracy": 0.92,
        "test_source_auprc": 0.5714285714285714,
        "test_source_auroc": 0.7391304347826088,
        "test_target_accuracy": 0.92,
        "test_target_auprc": 0.11490683229813664,
        "test_target_auroc": 0.42391304347826086
    }
}