{
    "train_site": "DRIAMS-E",
    "train_years": [
        "2019"
    ],
    "test_site": "DRIAMS-F",
    "test_years": [
        "2019"
    ],
    "seed": 188,
    "model": "lr",
    "antibiotic": "Ciprofloxacin",
    "species": "Escherichia coli",
    "metadata_versions_train": {
        "2019_clean.csv": "954305e482e840a815b44f310adbfdc1871bba52"
    },
    "metadata_versions_test": {
        "2019_clean.csv": "c9c4830e6f30ecb54e329451c7ffce195bb0bfc5"
    },
    "0": {
        "train_accuracy": 1.0,
        "train_auprc": 1.0,
        "train_auroc": 1.0,
        "test_source_accuracy": 0.6923076923076923,
        "test_source_auprc": 0.23055555555555557,
        "test_source_auroc": 0.5681818181818182,
        "test_target_accuracy": 0.5384615384615384,
        "test_target_auprc": 0.31799242424242424,
        "test_target_auroc": 0.7727272727272727
    },
    "1": {
        "train_accuracy": 0.8431372549019608,
        "train_auprc": 0.1568627450980392,
        "train_auroc": 0.5,
        "test_source_accuracy": 0.84,
        "test_source_auprc": 0.16,
        "test_source_auroc": 0.5,
        "test_target_accuracy": 0.84,
        "test_target_auprc": 0.16,
        "test_target_auroc": 0.5
    },
    "2": {
        "train_accuracy": 1.0,
        "train_auprc": 1.0,
        "train_auroc": 1.0,
        "test_source_accuracy": 0.64,
        "test_source_auprc": 0.2173611111111111,
        "test_source_auroc": 0.5833333333333334,
        "test_target_accuracy": 0.6,
        "test_target_auprc": 0.15210921325051757,
        "test_target_auroc": 0.36904761904761907
    }
}