{
    "train_site": "DRIAMS-F",
    "train_years": [
        "2019"
    ],
    "test_site": "DRIAMS-E",
    "test_years": [
        "2019"
    ],
    "seed": 188,
    "model": "lr",
    "antibiotic": "Ciprofloxacin",
    "species": "Escherichia coli",
    "metadata_versions_train": {
        "2019_clean.csv": "c9c4830e6f30ecb54e329451c7ffce195bb0bfc5"
    },
    "metadata_versions_test": {
        "2019_clean.csv": "954305e482e840a815b44f310adbfdc1871bba52"
    },
    "0": {
        "train_accuracy": 1.0,
        "train_auprc": 1.0,
        "train_auroc": 1.0,
        "test_source_accuracy": 0.5769230769230769,
        "test_source_auprc": 0.21017316017316018,
        "test_source_auroc": 0.48571428571428577,
        "test_target_accuracy": 0.34615384615384615,
        "test_target_auprc": 0.17224747474747476,
        "test_target_auroc": 0.3619047619047619
    },
    "1": {
        "train_accuracy": 1.0,
        "train_auprc": 1.0,
        "train_auroc": 1.0,
        "test_source_accuracy": 0.56,
        "test_source_auprc": 0.2067982456140351,
        "test_source_auroc": 0.5595238095238095,
        "test_target_accuracy": 0.48,
        "test_target_auprc": 0.5062388591800356,
        "test_target_auroc": 0.6071428571428572
    },
    "2": {
        "train_accuracy": 1.0,
        "train_auprc": 1.0,
        "train_auroc": 1.0,
        "test_source_accuracy": 0.76,
        "test_source_auprc": 0.30508255933952527,
        "test_source_auroc": 0.6071428571428572,
        "test_target_accuracy": 0.64,
        "test_target_auprc": 0.22174922600619196,
        "test_target_auroc": 0.5119047619047619
    }
}