{
    "train_site": "DRIAMS-E",
    "train_years": [
        "2019"
    ],
    "test_site": "DRIAMS-F",
    "test_years": [
        "2019"
    ],
    "seed": 35,
    "model": "rf",
    "antibiotic": "Ciprofloxacin",
    "species": "Staphylococcus aureus",
    "metadata_versions_train": {
        "2019_clean.csv": "954305e482e840a815b44f310adbfdc1871bba52"
    },
    "metadata_versions_test": {
        "2019_clean.csv": "c9c4830e6f30ecb54e329451c7ffce195bb0bfc5"
    },
    "0": {
        "train_accuracy": 1.0,
        "train_auprc": 1.0,
        "train_auroc": 1.0,
        "test_source_accuracy": 0.90625,
        "test_source_auprc": 0.11196969696969697,
        "test_source_auroc": 0.4885057471264368,
        "test_target_accuracy": 0.90625,
        "test_target_auprc": 0.10902777777777778,
        "test_target_auroc": 0.48275862068965514
    },
    "1": {
        "train_accuracy": 1.0,
        "train_auprc": 1.0,
        "train_auroc": 1.0,
        "test_source_accuracy": 0.90625,
        "test_source_auprc": 0.23759920634920634,
        "test_source_auroc": 0.6379310344827586,
        "test_target_accuracy": 0.90625,
        "test_target_auprc": 0.415,
        "test_target_auroc": 0.6839080459770115
    },
    "2": {
        "train_accuracy": 1.0,
        "train_auprc": 1.0,
        "train_auroc": 1.0,
        "test_source_accuracy": 0.9032258064516129,
        "test_source_auprc": 0.11321044546850997,
        "test_source_auroc": 0.5119047619047619,
        "test_target_accuracy": 0.9032258064516129,
        "test_target_auprc": 0.07964368543116171,
        "test_target_auroc": 0.31547619047619047
    }
}