{
    "train_site": "DRIAMS-E",
    "train_years": [
        "2019"
    ],
    "test_site": "DRIAMS-F",
    "test_years": [
        "2019"
    ],
    "seed": 164,
    "model": "svm-rbf",
    "antibiotic": "Ciprofloxacin",
    "species": "Staphylococcus aureus",
    "metadata_versions_train": {
        "2019_clean.csv": "954305e482e840a815b44f310adbfdc1871bba52"
    },
    "metadata_versions_test": {
        "2019_clean.csv": "c9c4830e6f30ecb54e329451c7ffce195bb0bfc5"
    },
    "0": {
        "train_accuracy": 0.9047619047619048,
        "train_auprc": 0.06483868760704133,
        "train_auroc": 0.16666666666666666,
        "test_source_accuracy": 0.90625,
        "test_source_auprc": 0.07445987654320987,
        "test_source_auroc": 0.18390804597701152,
        "test_target_accuracy": 0.90625,
        "test_target_auprc": 0.06759224927560115,
        "test_target_auroc": 0.0689655172413793
    },
    "1": {
        "train_accuracy": 0.9047619047619048,
        "train_auprc": 0.0702456670434455,
        "train_auroc": 0.22514619883040937,
        "test_source_accuracy": 0.90625,
        "test_source_auprc": 0.0693452380952381,
        "test_source_auroc": 0.11494252873563215,
        "test_target_accuracy": 0.90625,
        "test_target_auprc": 0.10371572871572872,
        "test_target_auroc": 0.42528735632183906
    },
    "2": {
        "train_accuracy": 0.90625,
        "train_auprc": 0.056182337023649345,
        "train_auroc": 0.0,
        "test_source_accuracy": 0.9032258064516129,
        "test_source_auprc": 0.09601139601139602,
        "test_source_auroc": 0.35714285714285715,
        "test_target_accuracy": 0.9032258064516129,
        "test_target_auprc": 0.5333333333333333,
        "test_target_auroc": 0.6547619047619048
    }
}