{
    "train_site": "DRIAMS-E",
    "train_years": [
        "2019"
    ],
    "test_site": "DRIAMS-F",
    "test_years": [
        "2019"
    ],
    "seed": 164,
    "model": "svm-rbf",
    "antibiotic": "Ceftriaxone",
    "species": "Escherichia coli",
    "metadata_versions_train": {
        "2019_clean.csv": "954305e482e840a815b44f310adbfdc1871bba52"
    },
    "metadata_versions_test": {
        "2019_clean.csv": "c9c4830e6f30ecb54e329451c7ffce195bb0bfc5"
    },
    "0": {
        "train_accuracy": 0.92,
        "train_auprc": 0.060694413966303366,
        "train_auroc": 0.20108695652173914,
        "test_source_accuracy": 0.9230769230769231,
        "test_source_auprc": 0.07107843137254902,
        "test_source_auroc": 0.20833333333333337,
        "test_target_accuracy": 0.9230769230769231,
        "test_target_auprc": 0.08116883116883117,
        "test_target_auroc": 0.3125
    },
    "1": {
        "train_accuracy": 0.9215686274509803,
        "train_auprc": 0.050838463292293655,
        "train_auroc": 0.031914893617021295,
        "test_source_accuracy": 0.92,
        "test_source_auprc": 0.19642857142857142,
        "test_source_auroc": 0.6739130434782609,
        "test_target_accuracy": 0.92,
        "test_target_auprc": 0.11490683229813664,
        "test_target_auroc": 0.4130434782608696
    },
    "2": {
        "train_accuracy": 1.0,
        "train_auprc": 1.0,
        "train_auroc": 1.0,
        "test_source_accuracy": 0.8,
        "test_source_auprc": 0.19166666666666665,
        "test_source_auroc": 0.6521739130434783,
        "test_target_accuracy": 0.92,
        "test_target_auprc": 0.55,
        "test_target_auroc": 0.6086956521739131
    }
}