{
    "train_site": "DRIAMS-F",
    "train_years": [
        "2019"
    ],
    "test_site": "DRIAMS-E",
    "test_years": [
        "2019"
    ],
    "seed": 344,
    "model": "svm-rbf",
    "antibiotic": "Oxacillin",
    "species": "Staphylococcus aureus",
    "metadata_versions_train": {
        "2019_clean.csv": "c9c4830e6f30ecb54e329451c7ffce195bb0bfc5"
    },
    "metadata_versions_test": {
        "2019_clean.csv": "954305e482e840a815b44f310adbfdc1871bba52"
    },
    "0": {
        "train_accuracy": 1.0,
        "train_auprc": 1.0,
        "train_auroc": 1.0,
        "test_source_accuracy": 0.90625,
        "test_source_auprc": 0.4777777777777778,
        "test_source_auroc": 0.9310344827586207,
        "test_target_accuracy": 0.90625,
        "test_target_auprc": 0.10480708412397216,
        "test_target_auroc": 0.4022988505747126
    },
    "1": {
        "train_accuracy": 1.0,
        "train_auprc": 1.0,
        "train_auroc": 1.0,
        "test_source_accuracy": 0.9354838709677419,
        "test_source_auprc": 0.5357142857142857,
        "test_source_auroc": 0.5517241379310345,
        "test_target_accuracy": 0.9354838709677419,
        "test_target_auprc": 0.11904761904761904,
        "test_target_auroc": 0.46551724137931033
    },
    "2": {
        "train_accuracy": 0.9206349206349206,
        "train_auprc": 0.05338098476247144,
        "train_auroc": 0.13448275862068965,
        "test_source_accuracy": 0.9354838709677419,
        "test_source_auprc": 0.10597826086956522,
        "test_source_auroc": 0.5172413793103448,
        "test_target_accuracy": 0.9354838709677419,
        "test_target_auprc": 0.13247863247863248,
        "test_target_auroc": 0.6724137931034483
    }
}