{
    "train_site": "DRIAMS-E",
    "train_years": [
        "2019"
    ],
    "test_site": "DRIAMS-F",
    "test_years": [
        "2019"
    ],
    "seed": 35,
    "model": "rf",
    "antibiotic": "Ciprofloxacin",
    "species": "Escherichia coli",
    "metadata_versions_train": {
        "2019_clean.csv": "954305e482e840a815b44f310adbfdc1871bba52"
    },
    "metadata_versions_test": {
        "2019_clean.csv": "c9c4830e6f30ecb54e329451c7ffce195bb0bfc5"
    },
    "0": {
        "train_accuracy": 1.0,
        "train_auprc": 1.0,
        "train_auroc": 1.0,
        "test_source_accuracy": 0.8461538461538461,
        "test_source_auprc": 0.11410714285714285,
        "test_source_auroc": 0.1818181818181818,
        "test_target_accuracy": 0.8461538461538461,
        "test_target_auprc": 0.12000915750915751,
        "test_target_auroc": 0.2443181818181818
    },
    "1": {
        "train_accuracy": 1.0,
        "train_auprc": 1.0,
        "train_auroc": 1.0,
        "test_source_accuracy": 0.84,
        "test_source_auprc": 0.18375000000000002,
        "test_source_auroc": 0.4107142857142857,
        "test_target_accuracy": 0.84,
        "test_target_auprc": 0.26190476190476186,
        "test_target_auroc": 0.5714285714285714
    },
    "2": {
        "train_accuracy": 1.0,
        "train_auprc": 1.0,
        "train_auroc": 1.0,
        "test_source_accuracy": 0.84,
        "test_source_auprc": 0.18116883116883117,
        "test_source_auroc": 0.4523809523809524,
        "test_target_accuracy": 0.84,
        "test_target_auprc": 0.2754901960784314,
        "test_target_auroc": 0.6666666666666666
    }
}