{
    "train_site": "DRIAMS-E",
    "train_years": [
        "2019"
    ],
    "test_site": "DRIAMS-F",
    "test_years": [
        "2019"
    ],
    "seed": 270,
    "model": "lightgbm",
    "antibiotic": "Cefepime",
    "species": "Escherichia coli",
    "metadata_versions_train": {
        "2019_clean.csv": "954305e482e840a815b44f310adbfdc1871bba52"
    },
    "metadata_versions_test": {
        "2019_clean.csv": "c9c4830e6f30ecb54e329451c7ffce195bb0bfc5"
    },
    "0": {
        "train_accuracy": 1.0,
        "train_auprc": 1.0,
        "train_auroc": 1.0,
        "test_source_accuracy": 0.9615384615384616,
        "test_source_auprc": 0.5476190476190477,
        "test_source_auroc": 0.6041666666666667,
        "test_target_accuracy": 0.8461538461538461,
        "test_target_auprc": 0.125,
        "test_target_auroc": 0.4375
    },
    "1": {
        "train_accuracy": 0.9607843137254902,
        "train_auprc": 1.0,
        "train_auroc": 1.0,
        "test_source_accuracy": 0.8,
        "test_source_auprc": 0.058823529411764705,
        "test_source_auroc": 0.33333333333333337,
        "test_target_accuracy": 0.32,
        "test_target_auprc": 0.043478260869565216,
        "test_target_auroc": 0.08333333333333337
    },
    "2": {
        "train_accuracy": 0.8823529411764706,
        "train_auprc": 1.0,
        "train_auroc": 1.0,
        "test_source_accuracy": 0.8,
        "test_source_auprc": 0.26666666666666666,
        "test_source_auroc": 0.7826086956521738,
        "test_target_accuracy": 0.64,
        "test_target_auprc": 0.41666666666666663,
        "test_target_auroc": 0.9130434782608696
    }
}