{
    "train_site": "DRIAMS-E",
    "train_years": [
        "2019"
    ],
    "test_site": "DRIAMS-F",
    "test_years": [
        "2019"
    ],
    "seed": 164,
    "model": "rf",
    "antibiotic": "Ciprofloxacin",
    "species": "Staphylococcus aureus",
    "metadata_versions_train": {
        "2019_clean.csv": "954305e482e840a815b44f310adbfdc1871bba52"
    },
    "metadata_versions_test": {
        "2019_clean.csv": "c9c4830e6f30ecb54e329451c7ffce195bb0bfc5"
    },
    "0": {
        "train_accuracy": 1.0,
        "train_auprc": 1.0,
        "train_auroc": 1.0,
        "test_source_accuracy": 0.90625,
        "test_source_auprc": 0.28888888888888886,
        "test_source_auroc": 0.7931034482758621,
        "test_target_accuracy": 0.90625,
        "test_target_auprc": 0.2569444444444444,
        "test_target_auroc": 0.793103448275862
    },
    "1": {
        "train_accuracy": 1.0,
        "train_auprc": 1.0,
        "train_auroc": 1.0,
        "test_source_accuracy": 0.90625,
        "test_source_auprc": 0.3269230769230769,
        "test_source_auroc": 0.8390804597701149,
        "test_target_accuracy": 0.90625,
        "test_target_auprc": 0.23958333333333331,
        "test_target_auroc": 0.5632183908045977
    },
    "2": {
        "train_accuracy": 1.0,
        "train_auprc": 1.0,
        "train_auroc": 1.0,
        "test_source_accuracy": 0.9032258064516129,
        "test_source_auprc": 0.39811912225705326,
        "test_source_auroc": 0.5238095238095237,
        "test_target_accuracy": 0.9032258064516129,
        "test_target_auprc": 0.13675213675213677,
        "test_target_auroc": 0.5714285714285714
    }
}