{
    "train_site": "DRIAMS-E",
    "train_years": [
        "2019"
    ],
    "test_site": "DRIAMS-F",
    "test_years": [
        "2019"
    ],
    "seed": 89,
    "model": "svm-rbf",
    "antibiotic": "Cefepime",
    "species": "Escherichia coli",
    "metadata_versions_train": {
        "2019_clean.csv": "954305e482e840a815b44f310adbfdc1871bba52"
    },
    "metadata_versions_test": {
        "2019_clean.csv": "c9c4830e6f30ecb54e329451c7ffce195bb0bfc5"
    },
    "0": {
        "train_accuracy": 1.0,
        "train_auprc": 1.0,
        "train_auroc": 1.0,
        "test_source_accuracy": 0.8461538461538461,
        "test_source_auprc": 0.21428571428571427,
        "test_source_auroc": 0.5625,
        "test_target_accuracy": 0.9230769230769231,
        "test_target_auprc": 0.09903381642512077,
        "test_target_auroc": 0.39583333333333337
    },
    "1": {
        "train_accuracy": 0.9215686274509803,
        "train_auprc": 0.058913398692810454,
        "train_auroc": 0.16489361702127658,
        "test_source_accuracy": 0.96,
        "test_source_auprc": 0.07692307692307693,
        "test_source_auroc": 0.5,
        "test_target_accuracy": 0.96,
        "test_target_auprc": 0.058823529411764705,
        "test_target_auroc": 0.33333333333333337
    },
    "2": {
        "train_accuracy": 0.9411764705882353,
        "train_auprc": 0.04603379813463847,
        "train_auroc": 0.16666666666666666,
        "test_source_accuracy": 0.92,
        "test_source_auprc": 0.07333333333333333,
        "test_source_auroc": 0.19565217391304346,
        "test_target_accuracy": 0.92,
        "test_target_auprc": 0.08333333333333333,
        "test_target_auroc": 0.2826086956521739
    }
}