{
    "train_site": "DRIAMS-E",
    "train_years": [
        "2019"
    ],
    "test_site": "DRIAMS-F",
    "test_years": [
        "2019"
    ],
    "seed": 89,
    "model": "svm-linear",
    "antibiotic": "Ceftriaxone",
    "species": "Escherichia coli",
    "metadata_versions_train": {
        "2019_clean.csv": "954305e482e840a815b44f310adbfdc1871bba52"
    },
    "metadata_versions_test": {
        "2019_clean.csv": "c9c4830e6f30ecb54e329451c7ffce195bb0bfc5"
    },
    "0": {
        "train_accuracy": 0.9,
        "train_auprc": 1.0,
        "train_auroc": 1.0,
        "test_source_accuracy": 0.9230769230769231,
        "test_source_auprc": 0.5666666666666667,
        "test_source_auroc": 0.7291666666666667,
        "test_target_accuracy": 0.8846153846153846,
        "test_target_auprc": 0.2976190476190476,
        "test_target_auroc": 0.5833333333333334
    },
    "1": {
        "train_accuracy": 1.0,
        "train_auprc": 1.0,
        "train_auroc": 1.0,
        "test_source_accuracy": 0.92,
        "test_source_auprc": 0.21929824561403508,
        "test_source_auroc": 0.5869565217391305,
        "test_target_accuracy": 0.88,
        "test_target_auprc": 0.3,
        "test_target_auroc": 0.5869565217391304
    },
    "2": {
        "train_accuracy": 0.9215686274509803,
        "train_auprc": 0.06717086834733893,
        "train_auroc": 0.26063829787234044,
        "test_source_accuracy": 0.92,
        "test_source_auprc": 0.06979405034324943,
        "test_source_auroc": 0.15217391304347827,
        "test_target_accuracy": 0.92,
        "test_target_auprc": 0.08391608391608392,
        "test_target_auroc": 0.30434782608695654
    }
}