{
    "train_site": "DRIAMS-E",
    "train_years": [
        "2019"
    ],
    "test_site": "DRIAMS-F",
    "test_years": [
        "2019"
    ],
    "seed": 172,
    "model": "svm-linear",
    "antibiotic": "Cefepime",
    "species": "Escherichia coli",
    "metadata_versions_train": {
        "2019_clean.csv": "954305e482e840a815b44f310adbfdc1871bba52"
    },
    "metadata_versions_test": {
        "2019_clean.csv": "c9c4830e6f30ecb54e329451c7ffce195bb0bfc5"
    },
    "0": {
        "train_accuracy": 0.86,
        "train_auprc": 0.04118119975262832,
        "train_auroc": 0.028368794326241138,
        "test_source_accuracy": 0.6923076923076923,
        "test_source_auprc": 0.08712121212121213,
        "test_source_auroc": 0.35416666666666663,
        "test_target_accuracy": 0.38461538461538464,
        "test_target_auprc": 0.09347826086956522,
        "test_target_auroc": 0.375
    },
    "1": {
        "train_accuracy": 0.9215686274509803,
        "train_auprc": 0.05589407502131287,
        "train_auroc": 0.13829787234042554,
        "test_source_accuracy": 0.96,
        "test_source_auprc": 0.3333333333333333,
        "test_source_auroc": 0.9166666666666666,
        "test_target_accuracy": 0.96,
        "test_target_auprc": 0.5,
        "test_target_auroc": 0.9583333333333334
    },
    "2": {
        "train_accuracy": 0.9411764705882353,
        "train_auprc": 0.050485036119711044,
        "train_auroc": 0.20833333333333331,
        "test_source_accuracy": 0.92,
        "test_source_auprc": 0.09,
        "test_source_auroc": 0.30434782608695654,
        "test_target_accuracy": 0.92,
        "test_target_auprc": 0.08193979933110368,
        "test_target_auroc": 0.28260869565217395
    }
}