{
    "train_site": "DRIAMS-F",
    "train_years": [
        "2019"
    ],
    "test_site": "DRIAMS-E",
    "test_years": [
        "2019"
    ],
    "seed": 164,
    "model": "lr",
    "antibiotic": "Ciprofloxacin",
    "species": "Staphylococcus aureus",
    "metadata_versions_train": {
        "2019_clean.csv": "c9c4830e6f30ecb54e329451c7ffce195bb0bfc5"
    },
    "metadata_versions_test": {
        "2019_clean.csv": "954305e482e840a815b44f310adbfdc1871bba52"
    },
    "0": {
        "train_accuracy": 1.0,
        "train_auprc": 1.0,
        "train_auroc": 1.0,
        "test_source_accuracy": 0.5,
        "test_source_auprc": 0.24074074074074076,
        "test_source_auroc": 0.7816091954022988,
        "test_target_accuracy": 0.625,
        "test_target_auprc": 0.10305435305435307,
        "test_target_auroc": 0.41379310344827586
    },
    "1": {
        "train_accuracy": 0.9047619047619048,
        "train_auprc": 0.09523809523809523,
        "train_auroc": 0.5,
        "test_source_accuracy": 0.90625,
        "test_source_auprc": 0.09375,
        "test_source_auroc": 0.5,
        "test_target_accuracy": 0.90625,
        "test_target_auprc": 0.09375,
        "test_target_auroc": 0.5
    },
    "2": {
        "train_accuracy": 0.90625,
        "train_auprc": 0.5292568542568542,
        "train_auroc": 0.9137931034482758,
        "test_source_accuracy": 0.9032258064516129,
        "test_source_auprc": 0.09298680945540029,
        "test_source_auroc": 0.32142857142857145,
        "test_target_accuracy": 0.9032258064516129,
        "test_target_auprc": 0.17953216374269004,
        "test_target_auroc": 0.4523809523809524
    }
}