{
    "train_site": "DRIAMS-E",
    "train_years": [
        "2019"
    ],
    "test_site": "DRIAMS-F",
    "test_years": [
        "2019"
    ],
    "seed": 188,
    "model": "rf",
    "antibiotic": "Oxacillin",
    "species": "Staphylococcus aureus",
    "metadata_versions_train": {
        "2019_clean.csv": "954305e482e840a815b44f310adbfdc1871bba52"
    },
    "metadata_versions_test": {
        "2019_clean.csv": "c9c4830e6f30ecb54e329451c7ffce195bb0bfc5"
    },
    "0": {
        "train_accuracy": 1.0,
        "train_auprc": 1.0,
        "train_auroc": 1.0,
        "test_source_accuracy": 0.90625,
        "test_source_auprc": 0.26068376068376065,
        "test_source_auroc": 0.6896551724137929,
        "test_target_accuracy": 0.90625,
        "test_target_auprc": 0.11625272331154685,
        "test_target_auroc": 0.5919540229885057
    },
    "1": {
        "train_accuracy": 1.0,
        "train_auprc": 1.0,
        "train_auroc": 1.0,
        "test_source_accuracy": 0.9354838709677419,
        "test_source_auprc": 0.09126984126984126,
        "test_source_auroc": 0.4482758620689655,
        "test_target_accuracy": 0.9354838709677419,
        "test_target_auprc": 0.1625,
        "test_target_auroc": 0.6982758620689655
    },
    "2": {
        "train_accuracy": 1.0,
        "train_auprc": 1.0,
        "train_auroc": 1.0,
        "test_source_accuracy": 0.9354838709677419,
        "test_source_auprc": 0.08712121212121213,
        "test_source_auroc": 0.5086206896551724,
        "test_target_accuracy": 0.9354838709677419,
        "test_target_auprc": 0.05498533724340176,
        "test_target_auroc": 0.14655172413793102
    }
}