{
    "train_site": "DRIAMS-E",
    "train_years": [
        "2019"
    ],
    "test_site": "DRIAMS-F",
    "test_years": [
        "2019"
    ],
    "seed": 344,
    "model": "svm-linear",
    "antibiotic": "Ciprofloxacin",
    "species": "Escherichia coli",
    "metadata_versions_train": {
        "2019_clean.csv": "954305e482e840a815b44f310adbfdc1871bba52"
    },
    "metadata_versions_test": {
        "2019_clean.csv": "c9c4830e6f30ecb54e329451c7ffce195bb0bfc5"
    },
    "0": {
        "train_accuracy": 1.0,
        "train_auprc": 0.09457170867429723,
        "train_auroc": 0.0,
        "test_source_accuracy": 0.8461538461538461,
        "test_source_auprc": 0.23088578088578088,
        "test_source_auroc": 0.375,
        "test_target_accuracy": 0.8461538461538461,
        "test_target_auprc": 0.1417625745950554,
        "test_target_auroc": 0.3522727272727273
    },
    "1": {
        "train_accuracy": 1.0,
        "train_auprc": 0.09262173535141638,
        "train_auroc": 0.0,
        "test_source_accuracy": 0.84,
        "test_source_auprc": 0.1680735930735931,
        "test_source_auroc": 0.44047619047619047,
        "test_target_accuracy": 0.84,
        "test_target_auprc": 0.14522875816993464,
        "test_target_auroc": 0.3333333333333333
    },
    "2": {
        "train_accuracy": 0.8431372549019608,
        "train_auprc": 0.12122960666986973,
        "train_auroc": 0.2994186046511628,
        "test_source_accuracy": 0.84,
        "test_source_auprc": 0.44047619047619047,
        "test_source_auroc": 0.8214285714285714,
        "test_target_accuracy": 0.84,
        "test_target_auprc": 0.2019736842105263,
        "test_target_auroc": 0.5
    }
}