{
    "train_site": "DRIAMS-E",
    "train_years": [
        "2019"
    ],
    "test_site": "DRIAMS-F",
    "test_years": [
        "2019"
    ],
    "seed": 89,
    "model": "svm-rbf",
    "antibiotic": "Ceftriaxone",
    "species": "Escherichia coli",
    "metadata_versions_train": {
        "2019_clean.csv": "954305e482e840a815b44f310adbfdc1871bba52"
    },
    "metadata_versions_test": {
        "2019_clean.csv": "c9c4830e6f30ecb54e329451c7ffce195bb0bfc5"
    },
    "0": {
        "train_accuracy": 0.98,
        "train_auprc": 1.0,
        "train_auroc": 1.0,
        "test_source_accuracy": 0.9230769230769231,
        "test_source_auprc": 0.55,
        "test_source_auroc": 0.625,
        "test_target_accuracy": 0.9230769230769231,
        "test_target_auprc": 0.12142857142857143,
        "test_target_auroc": 0.5
    },
    "1": {
        "train_accuracy": 1.0,
        "train_auprc": 0.050020258103241295,
        "train_auroc": 0.0,
        "test_source_accuracy": 0.92,
        "test_source_auprc": 0.2934782608695652,
        "test_source_auroc": 0.5217391304347827,
        "test_target_accuracy": 0.92,
        "test_target_auprc": 0.13333333333333333,
        "test_target_auroc": 0.5869565217391305
    },
    "2": {
        "train_accuracy": 0.9215686274509803,
        "train_auprc": 0.06094163246694026,
        "train_auroc": 0.19680851063829785,
        "test_source_accuracy": 0.92,
        "test_source_auprc": 0.06979405034324943,
        "test_source_auroc": 0.15217391304347827,
        "test_target_accuracy": 0.92,
        "test_target_auprc": 0.12698412698412698,
        "test_target_auroc": 0.5652173913043479
    }
}