{
    "train_site": "DRIAMS-F",
    "train_years": [
        "2019"
    ],
    "test_site": "DRIAMS-E",
    "test_years": [
        "2019"
    ],
    "seed": 35,
    "model": "lr",
    "antibiotic": "Oxacillin",
    "species": "Staphylococcus aureus",
    "metadata_versions_train": {
        "2019_clean.csv": "c9c4830e6f30ecb54e329451c7ffce195bb0bfc5"
    },
    "metadata_versions_test": {
        "2019_clean.csv": "954305e482e840a815b44f310adbfdc1871bba52"
    },
    "0": {
        "train_accuracy": 1.0,
        "train_auprc": 1.0,
        "train_auroc": 1.0,
        "test_source_accuracy": 0.90625,
        "test_source_auprc": 0.594017094017094,
        "test_source_auroc": 0.7241379310344828,
        "test_target_accuracy": 0.875,
        "test_target_auprc": 0.07305060530866983,
        "test_target_auroc": 0.16091954022988503
    },
    "1": {
        "train_accuracy": 1.0,
        "train_auprc": 1.0,
        "train_auroc": 1.0,
        "test_source_accuracy": 0.8387096774193549,
        "test_source_auprc": 1.0,
        "test_source_auroc": 1.0,
        "test_target_accuracy": 0.9354838709677419,
        "test_target_auprc": 0.17261904761904762,
        "test_target_auroc": 0.6206896551724138
    },
    "2": {
        "train_accuracy": 1.0,
        "train_auprc": 1.0,
        "train_auroc": 1.0,
        "test_source_accuracy": 0.967741935483871,
        "test_source_auprc": 1.0,
        "test_source_auroc": 1.0,
        "test_target_accuracy": 0.9354838709677419,
        "test_target_auprc": 0.05233990147783251,
        "test_target_auroc": 0.06896551724137934
    }
}