{
    "train_site": "DRIAMS-F",
    "train_years": [
        "2019"
    ],
    "test_site": "DRIAMS-E",
    "test_years": [
        "2019"
    ],
    "seed": 164,
    "model": "lightgbm",
    "antibiotic": "Cefepime",
    "species": "Escherichia coli",
    "metadata_versions_train": {
        "2019_clean.csv": "c9c4830e6f30ecb54e329451c7ffce195bb0bfc5"
    },
    "metadata_versions_test": {
        "2019_clean.csv": "954305e482e840a815b44f310adbfdc1871bba52"
    },
    "0": {
        "train_accuracy": 1.0,
        "train_auprc": 1.0,
        "train_auroc": 1.0,
        "test_source_accuracy": 0.8846153846153846,
        "test_source_auprc": 0.325,
        "test_source_auroc": 0.875,
        "test_target_accuracy": 0.8846153846153846,
        "test_target_auprc": 0.23333333333333334,
        "test_target_auroc": 0.6875
    },
    "1": {
        "train_accuracy": 0.9803921568627451,
        "train_auprc": 1.0,
        "train_auroc": 1.0,
        "test_source_accuracy": 0.8,
        "test_source_auprc": 0.29,
        "test_source_auroc": 0.4891304347826087,
        "test_target_accuracy": 0.8,
        "test_target_auprc": 0.25,
        "test_target_auroc": 0.8152173913043478
    },
    "2": {
        "train_accuracy": 0.9019607843137255,
        "train_auprc": 0.8,
        "train_auroc": 0.9893617021276595,
        "test_source_accuracy": 0.72,
        "test_source_auprc": 0.0757142857142857,
        "test_source_auroc": 0.26086956521739135,
        "test_target_accuracy": 0.88,
        "test_target_auprc": 0.3666666666666667,
        "test_target_auroc": 0.8913043478260869
    }
}