{
    "train_site": "DRIAMS-F",
    "train_years": [
        "2019"
    ],
    "test_site": "DRIAMS-E",
    "test_years": [
        "2019"
    ],
    "seed": 480,
    "model": "lightgbm",
    "antibiotic": "Ciprofloxacin",
    "species": "Staphylococcus aureus",
    "metadata_versions_train": {
        "2019_clean.csv": "c9c4830e6f30ecb54e329451c7ffce195bb0bfc5"
    },
    "metadata_versions_test": {
        "2019_clean.csv": "954305e482e840a815b44f310adbfdc1871bba52"
    },
    "0": {
        "train_accuracy": 1.0,
        "train_auprc": 1.0,
        "train_auroc": 1.0,
        "test_source_accuracy": 0.90625,
        "test_source_auprc": 0.12965367965367966,
        "test_source_auroc": 0.5057471264367817,
        "test_target_accuracy": 0.90625,
        "test_target_auprc": 0.091005291005291,
        "test_target_auroc": 0.3448275862068965
    },
    "1": {
        "train_accuracy": 0.7619047619047619,
        "train_auprc": 0.2857142857142857,
        "train_auroc": 0.868421052631579,
        "test_source_accuracy": 0.6875,
        "test_source_auprc": 0.15246212121212122,
        "test_source_auroc": 0.6781609195402298,
        "test_target_accuracy": 0.34375,
        "test_target_auprc": 0.09185606060606061,
        "test_target_auroc": 0.48850574712643674
    },
    "2": {
        "train_accuracy": 1.0,
        "train_auprc": 1.0,
        "train_auroc": 1.0,
        "test_source_accuracy": 0.9032258064516129,
        "test_source_auprc": 0.11792207792207793,
        "test_source_auroc": 0.4285714285714286,
        "test_target_accuracy": 0.9354838709677419,
        "test_target_auprc": 0.3878136200716846,
        "test_target_auroc": 0.3333333333333333
    }
}