{
    "train_site": "DRIAMS-E",
    "train_years": [
        "2019"
    ],
    "test_site": "DRIAMS-F",
    "test_years": [
        "2019"
    ],
    "seed": 480,
    "model": "svm-rbf",
    "antibiotic": "Ciprofloxacin",
    "species": "Escherichia coli",
    "metadata_versions_train": {
        "2019_clean.csv": "954305e482e840a815b44f310adbfdc1871bba52"
    },
    "metadata_versions_test": {
        "2019_clean.csv": "c9c4830e6f30ecb54e329451c7ffce195bb0bfc5"
    },
    "0": {
        "train_accuracy": 0.96,
        "train_auprc": 0.09457170867429723,
        "train_auroc": 0.0,
        "test_source_accuracy": 0.8076923076923077,
        "test_source_auprc": 0.2934782608695652,
        "test_source_auroc": 0.6477272727272727,
        "test_target_accuracy": 0.7692307692307693,
        "test_target_auprc": 0.13410547785547786,
        "test_target_auroc": 0.22727272727272727
    },
    "1": {
        "train_accuracy": 0.8431372549019608,
        "train_auprc": 0.09262173535141638,
        "train_auroc": 0.0,
        "test_source_accuracy": 0.84,
        "test_source_auprc": 0.25187908496732025,
        "test_source_auroc": 0.6428571428571428,
        "test_target_accuracy": 0.84,
        "test_target_auprc": 0.29642857142857143,
        "test_target_auroc": 0.7023809523809523
    },
    "2": {
        "train_accuracy": 1.0,
        "train_auprc": 0.09262173535141638,
        "train_auroc": 0.0,
        "test_source_accuracy": 0.72,
        "test_source_auprc": 0.22045454545454546,
        "test_source_auroc": 0.5476190476190477,
        "test_target_accuracy": 0.24,
        "test_target_auprc": 0.20972222222222223,
        "test_target_auroc": 0.5595238095238095
    }
}