{
    "train_site": "DRIAMS-F",
    "train_years": [
        "2019"
    ],
    "test_site": "DRIAMS-E",
    "test_years": [
        "2019"
    ],
    "seed": 188,
    "model": "lr",
    "antibiotic": "Ciprofloxacin",
    "species": "Staphylococcus aureus",
    "metadata_versions_train": {
        "2019_clean.csv": "c9c4830e6f30ecb54e329451c7ffce195bb0bfc5"
    },
    "metadata_versions_test": {
        "2019_clean.csv": "954305e482e840a815b44f310adbfdc1871bba52"
    },
    "0": {
        "train_accuracy": 0.9047619047619048,
        "train_auprc": 0.3204525089605735,
        "train_auroc": 0.8333333333333333,
        "test_source_accuracy": 0.90625,
        "test_source_auprc": 0.4094827586206896,
        "test_source_auroc": 0.5402298850574713,
        "test_target_accuracy": 0.90625,
        "test_target_auprc": 0.3995621237000547,
        "test_target_auroc": 0.48275862068965514
    },
    "1": {
        "train_accuracy": 1.0,
        "train_auprc": 1.0,
        "train_auroc": 1.0,
        "test_source_accuracy": 0.84375,
        "test_source_auprc": 0.12387177093059445,
        "test_source_auroc": 0.5287356321839081,
        "test_target_accuracy": 0.90625,
        "test_target_auprc": 0.1327639751552795,
        "test_target_auroc": 0.5517241379310345
    },
    "2": {
        "train_accuracy": 0.90625,
        "train_auprc": 0.8734126984126983,
        "train_auroc": 0.9885057471264368,
        "test_source_accuracy": 0.9032258064516129,
        "test_source_auprc": 0.42063492063492064,
        "test_source_auroc": 0.9047619047619049,
        "test_target_accuracy": 0.9032258064516129,
        "test_target_auprc": 0.10618329039381671,
        "test_target_auroc": 0.4285714285714286
    }
}