{
    "train_site": "DRIAMS-F",
    "train_years": [
        "2019"
    ],
    "test_site": "DRIAMS-E",
    "test_years": [
        "2019"
    ],
    "seed": 270,
    "model": "lightgbm",
    "antibiotic": "Ciprofloxacin",
    "species": "Escherichia coli",
    "metadata_versions_train": {
        "2019_clean.csv": "c9c4830e6f30ecb54e329451c7ffce195bb0bfc5"
    },
    "metadata_versions_test": {
        "2019_clean.csv": "954305e482e840a815b44f310adbfdc1871bba52"
    },
    "0": {
        "train_accuracy": 0.94,
        "train_auprc": 1.0,
        "train_auroc": 1.0,
        "test_source_accuracy": 0.7307692307692307,
        "test_source_auprc": 0.18121516164994422,
        "test_source_auroc": 0.3285714285714287,
        "test_target_accuracy": 0.7692307692307693,
        "test_target_auprc": 0.43000000000000005,
        "test_target_auroc": 0.7761904761904761
    },
    "1": {
        "train_accuracy": 0.9607843137254902,
        "train_auprc": 0.8181818181818182,
        "train_auroc": 0.9761904761904762,
        "test_source_accuracy": 0.76,
        "test_source_auprc": 0.16,
        "test_source_auroc": 0.16666666666666669,
        "test_target_accuracy": 0.4,
        "test_target_auprc": 0.165,
        "test_target_auroc": 0.2678571428571429
    },
    "2": {
        "train_accuracy": 0.7647058823529411,
        "train_auprc": 0.42857142857142855,
        "train_auroc": 0.8571428571428572,
        "test_source_accuracy": 0.44,
        "test_source_auprc": 0.1514285714285714,
        "test_source_auroc": 0.4642857142857143,
        "test_target_accuracy": 0.56,
        "test_target_auprc": 0.16,
        "test_target_auroc": 0.33333333333333337
    }
}