{
    "train_site": "DRIAMS-F",
    "train_years": [
        "2019"
    ],
    "test_site": "DRIAMS-E",
    "test_years": [
        "2019"
    ],
    "seed": 270,
    "model": "lr",
    "antibiotic": "Ciprofloxacin",
    "species": "Escherichia coli",
    "metadata_versions_train": {
        "2019_clean.csv": "c9c4830e6f30ecb54e329451c7ffce195bb0bfc5"
    },
    "metadata_versions_test": {
        "2019_clean.csv": "954305e482e840a815b44f310adbfdc1871bba52"
    },
    "0": {
        "train_accuracy": 1.0,
        "train_auprc": 1.0,
        "train_auroc": 1.0,
        "test_source_accuracy": 0.5769230769230769,
        "test_source_auprc": 0.23091575091575092,
        "test_source_auroc": 0.5428571428571429,
        "test_target_accuracy": 0.5,
        "test_target_auprc": 0.31163003663003663,
        "test_target_auroc": 0.580952380952381
    },
    "1": {
        "train_accuracy": 0.8235294117647058,
        "train_auprc": 0.8409977703455964,
        "train_auroc": 0.9126984126984128,
        "test_source_accuracy": 0.84,
        "test_source_auprc": 0.12310962064251538,
        "test_source_auroc": 0.1904761904761905,
        "test_target_accuracy": 0.84,
        "test_target_auprc": 0.1732017982017982,
        "test_target_auroc": 0.4523809523809524
    },
    "2": {
        "train_accuracy": 1.0,
        "train_auprc": 1.0,
        "train_auroc": 1.0,
        "test_source_accuracy": 0.72,
        "test_source_auprc": 0.19550653594771242,
        "test_source_auroc": 0.4761904761904762,
        "test_target_accuracy": 0.6,
        "test_target_auprc": 0.19283723522853957,
        "test_target_auroc": 0.48809523809523814
    }
}