{
    "train_site": "DRIAMS-E",
    "train_years": [
        "2019"
    ],
    "test_site": "DRIAMS-F",
    "test_years": [
        "2019"
    ],
    "seed": 164,
    "model": "lr",
    "antibiotic": "Ciprofloxacin",
    "species": "Escherichia coli",
    "metadata_versions_train": {
        "2019_clean.csv": "954305e482e840a815b44f310adbfdc1871bba52"
    },
    "metadata_versions_test": {
        "2019_clean.csv": "c9c4830e6f30ecb54e329451c7ffce195bb0bfc5"
    },
    "0": {
        "train_accuracy": 0.84,
        "train_auprc": 0.5153578305752219,
        "train_auroc": 0.7559523809523809,
        "test_source_accuracy": 0.8461538461538461,
        "test_source_auprc": 0.1366758241758242,
        "test_source_auroc": 0.29545454545454547,
        "test_target_accuracy": 0.8461538461538461,
        "test_target_auprc": 0.24366883116883117,
        "test_target_auroc": 0.45454545454545453
    },
    "1": {
        "train_accuracy": 1.0,
        "train_auprc": 1.0,
        "train_auroc": 1.0,
        "test_source_accuracy": 0.6,
        "test_source_auprc": 0.1582934712346477,
        "test_source_auroc": 0.38095238095238093,
        "test_target_accuracy": 0.44,
        "test_target_auprc": 0.44166666666666665,
        "test_target_auroc": 0.7023809523809523
    },
    "2": {
        "train_accuracy": 1.0,
        "train_auprc": 1.0,
        "train_auroc": 1.0,
        "test_source_accuracy": 0.52,
        "test_source_auprc": 0.14008998248128682,
        "test_source_auroc": 0.30952380952380953,
        "test_target_accuracy": 0.44,
        "test_target_auprc": 0.3871212121212121,
        "test_target_auroc": 0.6190476190476191
    }
}