{
    "train_site": "DRIAMS-E",
    "train_years": [
        "2019"
    ],
    "test_site": "DRIAMS-F",
    "test_years": [
        "2019"
    ],
    "seed": 545,
    "model": "lightgbm",
    "antibiotic": "Ceftriaxone",
    "species": "Escherichia coli",
    "metadata_versions_train": {
        "2019_clean.csv": "954305e482e840a815b44f310adbfdc1871bba52"
    },
    "metadata_versions_test": {
        "2019_clean.csv": "c9c4830e6f30ecb54e329451c7ffce195bb0bfc5"
    },
    "0": {
        "train_accuracy": 1.0,
        "train_auprc": 1.0,
        "train_auroc": 1.0,
        "test_source_accuracy": 0.9230769230769231,
        "test_source_auprc": 0.3333333333333333,
        "test_source_auroc": 0.875,
        "test_target_accuracy": 0.9230769230769231,
        "test_target_auprc": 0.1111111111111111,
        "test_target_auroc": 0.5
    },
    "1": {
        "train_accuracy": 1.0,
        "train_auprc": 1.0,
        "train_auroc": 1.0,
        "test_source_accuracy": 0.8,
        "test_source_auprc": 0.5454545454545454,
        "test_source_auroc": 0.5760869565217391,
        "test_target_accuracy": 0.56,
        "test_target_auprc": 0.1388888888888889,
        "test_target_auroc": 0.5434782608695652
    },
    "2": {
        "train_accuracy": 0.9215686274509803,
        "train_auprc": 1.0,
        "train_auroc": 1.0,
        "test_source_accuracy": 0.96,
        "test_source_auprc": 0.5526315789473684,
        "test_source_auroc": 0.6304347826086957,
        "test_target_accuracy": 0.8,
        "test_target_auprc": 0.10250000000000001,
        "test_target_auroc": 0.34782608695652173
    }
}