{
    "train_site": "DRIAMS-F",
    "train_years": [
        "2019"
    ],
    "test_site": "DRIAMS-E",
    "test_years": [
        "2019"
    ],
    "seed": 270,
    "model": "lightgbm",
    "antibiotic": "Ciprofloxacin",
    "species": "Staphylococcus aureus",
    "metadata_versions_train": {
        "2019_clean.csv": "c9c4830e6f30ecb54e329451c7ffce195bb0bfc5"
    },
    "metadata_versions_test": {
        "2019_clean.csv": "954305e482e840a815b44f310adbfdc1871bba52"
    },
    "0": {
        "train_accuracy": 1.0,
        "train_auprc": 1.0,
        "train_auroc": 1.0,
        "test_source_accuracy": 0.90625,
        "test_source_auprc": 0.14477124183006534,
        "test_source_auroc": 0.5747126436781609,
        "test_target_accuracy": 0.90625,
        "test_target_auprc": 0.09734825569671304,
        "test_target_auroc": 0.3793103448275862
    },
    "1": {
        "train_accuracy": 0.9047619047619048,
        "train_auprc": 1.0,
        "train_auroc": 1.0,
        "test_source_accuracy": 0.90625,
        "test_source_auprc": 0.11458333333333333,
        "test_source_auroc": 0.4770114942528735,
        "test_target_accuracy": 0.90625,
        "test_target_auprc": 0.13095238095238096,
        "test_target_auroc": 0.6379310344827587
    },
    "2": {
        "train_accuracy": 0.90625,
        "train_auprc": 1.0,
        "train_auroc": 1.0,
        "test_source_accuracy": 0.9032258064516129,
        "test_source_auprc": 0.23118279569892475,
        "test_source_auroc": 0.5535714285714286,
        "test_target_accuracy": 0.9032258064516129,
        "test_target_auprc": 0.10155316606929511,
        "test_target_auroc": 0.494047619047619
    }
}