{
    "train_site": "DRIAMS-F",
    "train_years": [
        "2019"
    ],
    "test_site": "DRIAMS-E",
    "test_years": [
        "2019"
    ],
    "seed": 172,
    "model": "lr",
    "antibiotic": "Ciprofloxacin",
    "species": "Escherichia coli",
    "metadata_versions_train": {
        "2019_clean.csv": "c9c4830e6f30ecb54e329451c7ffce195bb0bfc5"
    },
    "metadata_versions_test": {
        "2019_clean.csv": "954305e482e840a815b44f310adbfdc1871bba52"
    },
    "0": {
        "train_accuracy": 0.84,
        "train_auprc": 0.5968837535014005,
        "train_auroc": 0.8422619047619048,
        "test_source_accuracy": 0.8076923076923077,
        "test_source_auprc": 0.15414304993252362,
        "test_source_auroc": 0.2666666666666667,
        "test_target_accuracy": 0.8076923076923077,
        "test_target_auprc": 0.33834586466165406,
        "test_target_auroc": 0.6952380952380952
    },
    "1": {
        "train_accuracy": 1.0,
        "train_auprc": 1.0,
        "train_auroc": 1.0,
        "test_source_accuracy": 0.72,
        "test_source_auprc": 0.1601086956521739,
        "test_source_auroc": 0.2619047619047619,
        "test_target_accuracy": 0.48,
        "test_target_auprc": 0.15556718500797448,
        "test_target_auroc": 0.3928571428571428
    },
    "2": {
        "train_accuracy": 1.0,
        "train_auprc": 1.0,
        "train_auroc": 1.0,
        "test_source_accuracy": 0.52,
        "test_source_auprc": 0.1380952380952381,
        "test_source_auroc": 0.261904761904762,
        "test_target_accuracy": 0.4,
        "test_target_auprc": 0.3730237154150198,
        "test_target_auroc": 0.44047619047619047
    }
}