{
    "train_site": "DRIAMS-F",
    "train_years": [
        "2019"
    ],
    "test_site": "DRIAMS-E",
    "test_years": [
        "2019"
    ],
    "seed": 480,
    "model": "lightgbm",
    "antibiotic": "Ceftriaxone",
    "species": "Escherichia coli",
    "metadata_versions_train": {
        "2019_clean.csv": "c9c4830e6f30ecb54e329451c7ffce195bb0bfc5"
    },
    "metadata_versions_test": {
        "2019_clean.csv": "954305e482e840a815b44f310adbfdc1871bba52"
    },
    "0": {
        "train_accuracy": 1.0,
        "train_auprc": 1.0,
        "train_auroc": 1.0,
        "test_source_accuracy": 0.9230769230769231,
        "test_source_auprc": 0.625,
        "test_source_auroc": 0.875,
        "test_target_accuracy": 0.9230769230769231,
        "test_target_auprc": 0.75,
        "test_target_auroc": 0.9583333333333333
    },
    "1": {
        "train_accuracy": 0.9019607843137255,
        "train_auprc": 0.4444444444444444,
        "train_auroc": 0.9468085106382979,
        "test_source_accuracy": 0.76,
        "test_source_auprc": 0.18181818181818182,
        "test_source_auroc": 0.717391304347826,
        "test_target_accuracy": 0.92,
        "test_target_auprc": 0.08166666666666667,
        "test_target_auroc": 0.5
    },
    "2": {
        "train_accuracy": 0.9607843137254902,
        "train_auprc": 1.0,
        "train_auroc": 1.0,
        "test_source_accuracy": 0.84,
        "test_source_auprc": 0.10238095238095238,
        "test_source_auroc": 0.4347826086956522,
        "test_target_accuracy": 0.88,
        "test_target_auprc": 0.07777777777777778,
        "test_target_auroc": 0.25
    }
}