{
    "train_site": "DRIAMS-E",
    "train_years": [
        "2019"
    ],
    "test_site": "DRIAMS-F",
    "test_years": [
        "2019"
    ],
    "seed": 344,
    "model": "lightgbm",
    "antibiotic": "Cefepime",
    "species": "Escherichia coli",
    "metadata_versions_train": {
        "2019_clean.csv": "954305e482e840a815b44f310adbfdc1871bba52"
    },
    "metadata_versions_test": {
        "2019_clean.csv": "c9c4830e6f30ecb54e329451c7ffce195bb0bfc5"
    },
    "0": {
        "train_accuracy": 1.0,
        "train_auprc": 1.0,
        "train_auroc": 1.0,
        "test_source_accuracy": 0.8846153846153846,
        "test_source_auprc": 0.10416666666666666,
        "test_source_auroc": 0.47916666666666663,
        "test_target_accuracy": 0.9230769230769231,
        "test_target_auprc": 0.09215686274509804,
        "test_target_auroc": 0.3958333333333333
    },
    "1": {
        "train_accuracy": 0.8627450980392157,
        "train_auprc": 1.0,
        "train_auroc": 1.0,
        "test_source_accuracy": 0.64,
        "test_source_auprc": 0.1,
        "test_source_auroc": 0.7916666666666666,
        "test_target_accuracy": 0.64,
        "test_target_auprc": 0.1,
        "test_target_auroc": 0.7291666666666667
    },
    "2": {
        "train_accuracy": 0.9803921568627451,
        "train_auprc": 1.0,
        "train_auroc": 1.0,
        "test_source_accuracy": 0.68,
        "test_source_auprc": 0.19642857142857142,
        "test_source_auroc": 0.7391304347826088,
        "test_target_accuracy": 0.72,
        "test_target_auprc": 0.08204334365325078,
        "test_target_auroc": 0.29347826086956524
    }
}