{
    "train_site": "DRIAMS-E",
    "train_years": [
        "2019"
    ],
    "test_site": "DRIAMS-F",
    "test_years": [
        "2019"
    ],
    "seed": 480,
    "model": "svm-rbf",
    "antibiotic": "Ceftriaxone",
    "species": "Escherichia coli",
    "metadata_versions_train": {
        "2019_clean.csv": "954305e482e840a815b44f310adbfdc1871bba52"
    },
    "metadata_versions_test": {
        "2019_clean.csv": "c9c4830e6f30ecb54e329451c7ffce195bb0bfc5"
    },
    "0": {
        "train_accuracy": 0.92,
        "train_auprc": 0.05104193805181647,
        "train_auroc": 0.0,
        "test_source_accuracy": 0.9230769230769231,
        "test_source_auprc": 0.10096153846153846,
        "test_source_auroc": 0.4583333333333333,
        "test_target_accuracy": 0.9230769230769231,
        "test_target_auprc": 0.08333333333333334,
        "test_target_auroc": 0.3333333333333333
    },
    "1": {
        "train_accuracy": 0.9215686274509803,
        "train_auprc": 0.05463989441930618,
        "train_auroc": 0.1223404255319149,
        "test_source_accuracy": 0.92,
        "test_source_auprc": 0.17261904761904762,
        "test_source_auroc": 0.5217391304347826,
        "test_target_accuracy": 0.92,
        "test_target_auprc": 0.07125603864734299,
        "test_target_auroc": 0.17391304347826092
    },
    "2": {
        "train_accuracy": 0.9215686274509803,
        "train_auprc": 0.05566280767626199,
        "train_auroc": 0.1382978723404255,
        "test_source_accuracy": 0.92,
        "test_source_auprc": 0.10250000000000001,
        "test_source_auroc": 0.34782608695652173,
        "test_target_accuracy": 0.92,
        "test_target_auprc": 0.16666666666666666,
        "test_target_auroc": 0.45652173913043476
    }
}