{
    "train_site": "DRIAMS-F",
    "train_years": [
        "2019"
    ],
    "test_site": "DRIAMS-E",
    "test_years": [
        "2019"
    ],
    "seed": 188,
    "model": "svm-rbf",
    "antibiotic": "Ciprofloxacin",
    "species": "Staphylococcus aureus",
    "metadata_versions_train": {
        "2019_clean.csv": "c9c4830e6f30ecb54e329451c7ffce195bb0bfc5"
    },
    "metadata_versions_test": {
        "2019_clean.csv": "954305e482e840a815b44f310adbfdc1871bba52"
    },
    "0": {
        "train_accuracy": 1.0,
        "train_auprc": 1.0,
        "train_auroc": 1.0,
        "test_source_accuracy": 0.9375,
        "test_source_auprc": 0.44907407407407407,
        "test_source_auroc": 0.6781609195402298,
        "test_target_accuracy": 0.875,
        "test_target_auprc": 0.21017871017871018,
        "test_target_auroc": 0.6091954022988506
    },
    "1": {
        "train_accuracy": 1.0,
        "train_auprc": 1.0,
        "train_auroc": 1.0,
        "test_source_accuracy": 0.90625,
        "test_source_auprc": 0.7166666666666666,
        "test_source_auroc": 0.8045977011494253,
        "test_target_accuracy": 0.90625,
        "test_target_auprc": 0.13465608465608464,
        "test_target_auroc": 0.5747126436781609
    },
    "2": {
        "train_accuracy": 0.890625,
        "train_auprc": 1.0,
        "train_auroc": 1.0,
        "test_source_accuracy": 0.7741935483870968,
        "test_source_auprc": 0.14835858585858586,
        "test_source_auroc": 0.6071428571428571,
        "test_target_accuracy": 0.6129032258064516,
        "test_target_auprc": 0.09276815226471977,
        "test_target_auroc": 0.3214285714285714
    }
}