{
    "train_site": "DRIAMS-F",
    "train_years": [
        "2019"
    ],
    "test_site": "DRIAMS-E",
    "test_years": [
        "2019"
    ],
    "seed": 270,
    "model": "lr",
    "antibiotic": "Oxacillin",
    "species": "Staphylococcus aureus",
    "metadata_versions_train": {
        "2019_clean.csv": "c9c4830e6f30ecb54e329451c7ffce195bb0bfc5"
    },
    "metadata_versions_test": {
        "2019_clean.csv": "954305e482e840a815b44f310adbfdc1871bba52"
    },
    "0": {
        "train_accuracy": 1.0,
        "train_auprc": 1.0,
        "train_auroc": 1.0,
        "test_source_accuracy": 0.90625,
        "test_source_auprc": 0.5769230769230769,
        "test_source_auroc": 0.8620689655172413,
        "test_target_accuracy": 0.90625,
        "test_target_auprc": 0.164021164021164,
        "test_target_auroc": 0.6666666666666666
    },
    "1": {
        "train_accuracy": 1.0,
        "train_auprc": 1.0,
        "train_auroc": 1.0,
        "test_source_accuracy": 0.9354838709677419,
        "test_source_auprc": 0.5344827586206896,
        "test_source_auroc": 0.5344827586206897,
        "test_target_accuracy": 0.9032258064516129,
        "test_target_auprc": 0.0757142857142857,
        "test_target_auroc": 0.3793103448275862
    },
    "2": {
        "train_accuracy": 0.9206349206349206,
        "train_auprc": 0.6109090909090908,
        "train_auroc": 0.9517241379310346,
        "test_source_accuracy": 0.9354838709677419,
        "test_source_auprc": 0.6111111111111112,
        "test_source_auroc": 0.8793103448275862,
        "test_target_accuracy": 0.9354838709677419,
        "test_target_auprc": 0.5333333333333333,
        "test_target_auroc": 0.5172413793103448
    }
}