{
    "train_site": "DRIAMS-E",
    "train_years": [
        "2019"
    ],
    "test_site": "DRIAMS-F",
    "test_years": [
        "2019"
    ],
    "seed": 344,
    "model": "lr",
    "antibiotic": "Cefepime",
    "species": "Escherichia coli",
    "metadata_versions_train": {
        "2019_clean.csv": "954305e482e840a815b44f310adbfdc1871bba52"
    },
    "metadata_versions_test": {
        "2019_clean.csv": "c9c4830e6f30ecb54e329451c7ffce195bb0bfc5"
    },
    "0": {
        "train_accuracy": 1.0,
        "train_auprc": 1.0,
        "train_auroc": 1.0,
        "test_source_accuracy": 0.8846153846153846,
        "test_source_auprc": 0.08012820512820512,
        "test_source_auroc": 0.27083333333333337,
        "test_target_accuracy": 0.9230769230769231,
        "test_target_auprc": 0.12179487179487179,
        "test_target_auroc": 0.3958333333333333
    },
    "1": {
        "train_accuracy": 0.9215686274509803,
        "train_auprc": 0.5763157894736842,
        "train_auroc": 0.7553191489361702,
        "test_source_accuracy": 0.96,
        "test_source_auprc": 0.3333333333333333,
        "test_source_auroc": 0.9166666666666666,
        "test_target_accuracy": 0.96,
        "test_target_auprc": 0.5,
        "test_target_auroc": 0.9583333333333334
    },
    "2": {
        "train_accuracy": 0.9411764705882353,
        "train_auprc": 0.43724696356275305,
        "train_auroc": 0.8125,
        "test_source_accuracy": 0.92,
        "test_source_auprc": 0.08204334365325078,
        "test_source_auroc": 0.28260869565217395,
        "test_target_accuracy": 0.92,
        "test_target_auprc": 0.5454545454545454,
        "test_target_auroc": 0.5652173913043479
    }
}