{
    "train_site": "DRIAMS-E",
    "train_years": [
        "2019"
    ],
    "test_site": "DRIAMS-F",
    "test_years": [
        "2019"
    ],
    "seed": 545,
    "model": "rf",
    "antibiotic": "Cefepime",
    "species": "Escherichia coli",
    "metadata_versions_train": {
        "2019_clean.csv": "954305e482e840a815b44f310adbfdc1871bba52"
    },
    "metadata_versions_test": {
        "2019_clean.csv": "c9c4830e6f30ecb54e329451c7ffce195bb0bfc5"
    },
    "0": {
        "train_accuracy": 1.0,
        "train_auprc": 1.0,
        "train_auroc": 1.0,
        "test_source_accuracy": 0.9230769230769231,
        "test_source_auprc": 0.15263157894736842,
        "test_source_auroc": 0.5833333333333333,
        "test_target_accuracy": 0.9230769230769231,
        "test_target_auprc": 0.165,
        "test_target_auroc": 0.5104166666666667
    },
    "1": {
        "train_accuracy": 1.0,
        "train_auprc": 1.0,
        "train_auroc": 1.0,
        "test_source_accuracy": 0.96,
        "test_source_auprc": 0.05555555555555555,
        "test_source_auroc": 0.4375,
        "test_target_accuracy": 0.96,
        "test_target_auprc": 0.3333333333333333,
        "test_target_auroc": 0.9583333333333334
    },
    "2": {
        "train_accuracy": 1.0,
        "train_auprc": 1.0,
        "train_auroc": 1.0,
        "test_source_accuracy": 0.92,
        "test_source_auprc": 0.09545454545454546,
        "test_source_auroc": 0.5543478260869565,
        "test_target_accuracy": 0.92,
        "test_target_auprc": 0.13095238095238093,
        "test_target_auroc": 0.5978260869565217
    }
}