{
    "train_site": "DRIAMS-F",
    "train_years": [
        "2019"
    ],
    "test_site": "DRIAMS-E",
    "test_years": [
        "2019"
    ],
    "seed": 89,
    "model": "svm-rbf",
    "antibiotic": "Ciprofloxacin",
    "species": "Escherichia coli",
    "metadata_versions_train": {
        "2019_clean.csv": "c9c4830e6f30ecb54e329451c7ffce195bb0bfc5"
    },
    "metadata_versions_test": {
        "2019_clean.csv": "954305e482e840a815b44f310adbfdc1871bba52"
    },
    "0": {
        "train_accuracy": 0.84,
        "train_auprc": 0.11139450783665192,
        "train_auroc": 0.21428571428571427,
        "test_source_accuracy": 0.8076923076923077,
        "test_source_auprc": 0.5190734989648034,
        "test_source_auroc": 0.5428571428571428,
        "test_target_accuracy": 0.8076923076923077,
        "test_target_auprc": 0.3326330532212885,
        "test_target_auroc": 0.6571428571428571
    },
    "1": {
        "train_accuracy": 1.0,
        "train_auprc": 1.0,
        "train_auroc": 1.0,
        "test_source_accuracy": 0.76,
        "test_source_auprc": 0.4216269841269842,
        "test_source_auroc": 0.6428571428571429,
        "test_target_accuracy": 0.72,
        "test_target_auprc": 0.3208333333333333,
        "test_target_auroc": 0.6666666666666667
    },
    "2": {
        "train_accuracy": 1.0,
        "train_auprc": 0.17647058823529413,
        "train_auroc": 0.0,
        "test_source_accuracy": 0.84,
        "test_source_auprc": 0.16597222222222222,
        "test_source_auroc": 0.3928571428571429,
        "test_target_accuracy": 0.84,
        "test_target_auprc": 0.29545454545454547,
        "test_target_auroc": 0.5476190476190477
    }
}