{
    "train_site": "DRIAMS-E",
    "train_years": [
        "2019"
    ],
    "test_site": "DRIAMS-F",
    "test_years": [
        "2019"
    ],
    "seed": 89,
    "model": "svm-linear",
    "antibiotic": "Oxacillin",
    "species": "Staphylococcus aureus",
    "metadata_versions_train": {
        "2019_clean.csv": "954305e482e840a815b44f310adbfdc1871bba52"
    },
    "metadata_versions_test": {
        "2019_clean.csv": "c9c4830e6f30ecb54e329451c7ffce195bb0bfc5"
    },
    "0": {
        "train_accuracy": 0.9354838709677419,
        "train_auprc": 0.04709764697667924,
        "train_auroc": 0.17672413793103448,
        "test_source_accuracy": 0.90625,
        "test_source_auprc": 0.13680555555555554,
        "test_source_auroc": 0.31034482758620685,
        "test_target_accuracy": 0.90625,
        "test_target_auprc": 0.11026936026936027,
        "test_target_auroc": 0.47126436781609193
    },
    "1": {
        "train_accuracy": 1.0,
        "train_auprc": 1.0,
        "train_auroc": 1.0,
        "test_source_accuracy": 0.9032258064516129,
        "test_source_auprc": 0.06477732793522267,
        "test_source_auroc": 0.27586206896551724,
        "test_target_accuracy": 0.9354838709677419,
        "test_target_auprc": 0.10597826086956522,
        "test_target_auroc": 0.5172413793103448
    },
    "2": {
        "train_accuracy": 0.9682539682539683,
        "train_auprc": 0.04866880442837922,
        "train_auroc": 0.0,
        "test_source_accuracy": 0.8709677419354839,
        "test_source_auprc": 0.165,
        "test_source_auroc": 0.5517241379310345,
        "test_target_accuracy": 0.7096774193548387,
        "test_target_auprc": 0.06118881118881119,
        "test_target_auroc": 0.22413793103448276
    }
}