{
    "train_site": "DRIAMS-F",
    "train_years": [
        "2019"
    ],
    "test_site": "DRIAMS-E",
    "test_years": [
        "2019"
    ],
    "seed": 188,
    "model": "svm-rbf",
    "antibiotic": "Ceftriaxone",
    "species": "Escherichia coli",
    "metadata_versions_train": {
        "2019_clean.csv": "c9c4830e6f30ecb54e329451c7ffce195bb0bfc5"
    },
    "metadata_versions_test": {
        "2019_clean.csv": "954305e482e840a815b44f310adbfdc1871bba52"
    },
    "0": {
        "train_accuracy": 0.92,
        "train_auprc": 0.05511525487256372,
        "train_auroc": 0.11413043478260868,
        "test_source_accuracy": 0.9230769230769231,
        "test_source_auprc": 0.2916666666666667,
        "test_source_auroc": 0.5208333333333334,
        "test_target_accuracy": 0.9230769230769231,
        "test_target_auprc": 0.15476190476190477,
        "test_target_auroc": 0.6666666666666666
    },
    "1": {
        "train_accuracy": 0.9215686274509803,
        "train_auprc": 0.050020258103241295,
        "train_auroc": 0.0,
        "test_source_accuracy": 0.92,
        "test_source_auprc": 0.08545454545454545,
        "test_source_auroc": 0.28260869565217395,
        "test_target_accuracy": 0.92,
        "test_target_auprc": 0.08712121212121213,
        "test_target_auroc": 0.30434782608695654
    },
    "2": {
        "train_accuracy": 1.0,
        "train_auprc": 0.050020258103241295,
        "train_auroc": 0.0,
        "test_source_accuracy": 0.92,
        "test_source_auprc": 0.06620553359683795,
        "test_source_auroc": 0.08695652173913049,
        "test_target_accuracy": 0.92,
        "test_target_auprc": 0.1534090909090909,
        "test_target_auroc": 0.6521739130434783
    }
}