{
    "train_site": "DRIAMS-E",
    "train_years": [
        "2019"
    ],
    "test_site": "DRIAMS-F",
    "test_years": [
        "2019"
    ],
    "seed": 172,
    "model": "lr",
    "antibiotic": "Ciprofloxacin",
    "species": "Escherichia coli",
    "metadata_versions_train": {
        "2019_clean.csv": "954305e482e840a815b44f310adbfdc1871bba52"
    },
    "metadata_versions_test": {
        "2019_clean.csv": "c9c4830e6f30ecb54e329451c7ffce195bb0bfc5"
    },
    "0": {
        "train_accuracy": 0.84,
        "train_auprc": 0.3397788367546432,
        "train_auroc": 0.6458333333333334,
        "test_source_accuracy": 0.8461538461538461,
        "test_source_auprc": 0.24604072398190047,
        "test_source_auroc": 0.45454545454545453,
        "test_target_accuracy": 0.8461538461538461,
        "test_target_auprc": 0.1210994560994561,
        "test_target_auroc": 0.22727272727272727
    },
    "1": {
        "train_accuracy": 1.0,
        "train_auprc": 1.0,
        "train_auroc": 1.0,
        "test_source_accuracy": 0.8,
        "test_source_auprc": 0.3714985994397759,
        "test_source_auroc": 0.45238095238095244,
        "test_target_accuracy": 0.48,
        "test_target_auprc": 0.3733333333333333,
        "test_target_auroc": 0.5476190476190477
    },
    "2": {
        "train_accuracy": 1.0,
        "train_auprc": 1.0,
        "train_auroc": 1.0,
        "test_source_accuracy": 0.72,
        "test_source_auprc": 0.18757548309178743,
        "test_source_auroc": 0.47619047619047616,
        "test_target_accuracy": 0.8,
        "test_target_auprc": 0.5535714285714286,
        "test_target_auroc": 0.8095238095238095
    }
}