{
    "train_site": "DRIAMS-C",
    "source_years": [
        "2018"
    ],
    "test_site": "DRIAMS-C",
    "target_years": [
        "2018"
    ],
    "seed": 344,
    "antibiotic": "Ceftriaxone",
    "species": "Escherichia coli",
    "model": "lightgbm",
    "metadata_versions_source": {
        "2018_clean.csv": "0e0d2a1ebdfeed3f39f7dae50f4000328e7da075"
    },
    "metadata_versions_target": {
        "2018_clean.csv": "0e0d2a1ebdfeed3f39f7dae50f4000328e7da075"
    },
    "scoring": "roc_auc",
    "test_size_obtained": 0.20087336244541484,
    "prevalence_train": [
        0.8346994535519126,
        0.16530054644808742
    ],
    "prevalence_test": [
        0.8369565217391305,
        0.16304347826086957
    ],
    "target_test_size_obtained": 0.20087336244541484,
    "target_prevalence_train": [
        0.8346994535519126,
        0.16530054644808742
    ],
    "target_prevalence_test": [
        0.8369565217391305,
        0.16304347826086957
    ],
    "source_train_accuracy": 1.0,
    "source_train_auprc": 1.0,
    "source_train_auroc": 1.0,
    "source_test_accuracy": 0.842391304347826,
    "source_test_auprc": 0.3886603435036273,
    "source_test_auroc": 0.7201298701298702,
    "target_test_accuracy": 0.842391304347826,
    "target_test_auprc": 0.3886603435036273,
    "target_test_auroc": 0.7201298701298702
}