{
    "train_site": "DRIAMS-B",
    "source_years": [
        "2018"
    ],
    "test_site": "DRIAMS-C",
    "target_years": [
        "2018"
    ],
    "seed": 188,
    "antibiotic": "Ceftriaxone",
    "species": "Klebsiella pneumoniae",
    "model": "lightgbm",
    "metadata_versions_source": {
        "2018_clean.csv": "27380b0a9a43a1e699b4b311235211ccfd2a76f2"
    },
    "metadata_versions_target": {
        "2018_clean.csv": "0e0d2a1ebdfeed3f39f7dae50f4000328e7da075"
    },
    "scoring": "roc_auc",
    "test_size_obtained": 0.20394736842105263,
    "prevalence_train": [
        0.8842975206611571,
        0.11570247933884298
    ],
    "prevalence_test": [
        0.8709677419354839,
        0.12903225806451613
    ],
    "target_test_size_obtained": 0.20218579234972678,
    "target_prevalence_train": [
        0.8493150684931506,
        0.1506849315068493
    ],
    "target_prevalence_test": [
        0.8513513513513513,
        0.14864864864864866
    ],
    "source_train_accuracy": 0.8181818181818182,
    "source_train_auprc": 0.5504660409224832,
    "source_train_auroc": 0.8951935914552737,
    "source_test_accuracy": 0.6774193548387096,
    "source_test_auprc": 0.2644230769230769,
    "source_test_auroc": 0.75,
    "target_test_accuracy": 0.581081081081081,
    "target_test_auprc": 0.12407367793200849,
    "target_test_auroc": 0.2871572871572872
}