{
    "train_site": "DRIAMS-D",
    "source_years": [
        "2018"
    ],
    "test_site": "DRIAMS-B",
    "target_years": [
        "2018"
    ],
    "seed": 35,
    "antibiotic": "Ceftriaxone",
    "species": "Escherichia coli",
    "model": "lightgbm",
    "metadata_versions_source": {
        "2018_clean.csv": "5d03a76958e938677eacb88f29b145bf1f0ebbfb"
    },
    "metadata_versions_target": {
        "2018_clean.csv": "27380b0a9a43a1e699b4b311235211ccfd2a76f2"
    },
    "scoring": "roc_auc",
    "test_size_obtained": 0.2001003009027081,
    "prevalence_train": [
        0.9009404388714733,
        0.09905956112852665
    ],
    "prevalence_test": [
        0.899749373433584,
        0.10025062656641603
    ],
    "target_test_size_obtained": 0.20187793427230047,
    "target_prevalence_train": [
        0.788235294117647,
        0.21176470588235294
    ],
    "target_prevalence_test": [
        0.7906976744186046,
        0.20930232558139536
    ],
    "source_train_accuracy": 0.9968652037617555,
    "source_train_auprc": 0.9998420085171095,
    "source_train_auroc": 0.9999823824247069,
    "source_test_accuracy": 0.9097744360902256,
    "source_test_auprc": 0.39609753588292895,
    "source_test_auroc": 0.7395543175487465,
    "target_test_accuracy": 0.7674418604651163,
    "target_test_auprc": 0.38395164596935627,
    "target_test_auroc": 0.6601307189542482
}