{
    "train_site": "DRIAMS-B",
    "source_years": [
        "2018"
    ],
    "test_site": "DRIAMS-C",
    "target_years": [
        "2018"
    ],
    "seed": 188,
    "antibiotic": "Ceftriaxone",
    "species": "Escherichia coli",
    "model": "lightgbm",
    "metadata_versions_source": {
        "2018_clean.csv": "27380b0a9a43a1e699b4b311235211ccfd2a76f2"
    },
    "metadata_versions_target": {
        "2018_clean.csv": "0e0d2a1ebdfeed3f39f7dae50f4000328e7da075"
    },
    "scoring": "roc_auc",
    "test_size_obtained": 0.20187793427230047,
    "prevalence_train": [
        0.788235294117647,
        0.21176470588235294
    ],
    "prevalence_test": [
        0.7906976744186046,
        0.20930232558139536
    ],
    "target_test_size_obtained": 0.20087336244541484,
    "target_prevalence_train": [
        0.8346994535519126,
        0.16530054644808742
    ],
    "target_prevalence_test": [
        0.8369565217391305,
        0.16304347826086957
    ],
    "source_train_accuracy": 0.788235294117647,
    "source_train_auprc": 0.21176470588235294,
    "source_train_auroc": 0.5,
    "source_test_accuracy": 0.7906976744186046,
    "source_test_auprc": 0.20930232558139536,
    "source_test_auroc": 0.5,
    "target_test_accuracy": 0.8369565217391305,
    "target_test_auprc": 0.16304347826086957,
    "target_test_auroc": 0.5
}